<<<<<<< HEAD,pred_date,ticker,smart_score,s_recency,ss_signal,xgb_prob,xgb_signal,combined_signal,pred_ret_pct,xgb_3d_prob,ens_3d_prob,xgb_3d_signal,ens_3d_signal,actual_ret_pct,actual_dir,actual_dir_3d,ss_correct,xgb_correct,combined_correct,xgb_3d_correct,ens_3d_correct
ens_3d_correct,,,,,,,,,,,,,,,,,,,,,
,,,,,,,,,,,,,,,,,,,,,
,,,,,,,,,,,,,,,,,,,,,
,,,,,,,,,,,,,,,,,,,,,
,,,,,,,,,,,,,,,,,,,,,
,,,,,,,,,,,,,,,,,,,,,
,,,,,,,,,,,,,,,,,,,,,
,,,,,,,,,,,,,,,,,,,,,
,,,,,,,,,,,,,,,,,,,,,
,,,,,,,,,,,,,,,,,,,,,
,,,,,,,,,,,,,,,,,,,,,
,,,,,,,,,,,,,,,,,,,,,
,,,,,,,,,,,,,,,,,,,,,
,,,,,,,,,,,,,,,,,,,,,
,,,,,,,,,,,,,,,,,,,,,
,,,,,,,,,,,,,,,,,,,,,
,,,,,,,,,,,,,,,,,,,,,
,,,,,,,,,,,,,,,,,,,,,
,,,,,,,,,,,,,,,,,,,,,
,,,,,,,,,,,,,,,,,,,,,
,,,,,,,,,,,,,,,,,,,,,
,,,,,,,,,,,,,,,,,,,,,
,,,,,,,,,,,,,,,,,,,,,
,,,,,,,,,,,,,,,,,,,,,
,,,,,,,,,,,,,,,,,,,,,
,,,,,,,,,,,,,,,,,,,,,
,,,,,,,,,,,,,,,,,,,,,
,,,,,,,,,,,,,,,,,,,,,
,,,,,,,,,,,,,,,,,,,,,
,,,,,,,,,,,,,,,,,,,,,
,,,,,,,,,,,,,,,,,,,,,
,,,,,,,,,,,,,,,,,,,,,
,,,,,,,,,,,,,,,,,,,,,
,,,,,,,,,,,,,,,,,,,,,
,,,,,,,,,,,,,,,,,,,,,
,,,,,,,,,,,,,,,,,,,,,
,,,,,,,,,,,,,,,,,,,,,
,,,,,,,,,,,,,,,,,,,,,
,,,,,,,,,,,,,,,,,,,,,
,,,,,,,,,,,,,,,,,,,,,
,,,,,,,,,,,,,,,,,,,,,
,,,,,,,,,,,,,,,,,,,,,
,,,,,,,,,,,,,,,,,,,,,
,,,,,,,,,,,,,,,,,,,,,
,,,,,,,,,,,,,,,,,,,,,
,,,,,,,,,,,,,,,,,,,,,
,,,,,,,,,,,,,,,,,,,,,
,,,,,,,,,,,,,,,,,,,,,
,,,,,,,,,,,,,,,,,,,,,
,,,,,,,,,,,,,,,,,,,,,
,,,,,,,,,,,,,,,,,,,,,
,,,,,,,,,,,,,,,,,,,,,
,,,,,,,,,,,,,,,,,,,,,
,,,,,,,,,,,,,,,,,,,,,
,,,,,,,,,,,,,,,,,,,,,
,,,,,,,,,,,,,,,,,,,,,
,,,,,,,,,,,,,,,,,,,,,
,,,,,,,,,,,,,,,,,,,,,
,,,,,,,,,,,,,,,,,,,,,
,,,,,,,,,,,,,,,,,,,,,
,,,,,,,,,,,,,,,,,,,,,
,,,,,,,,,,,,,,,,,,,,,
,,,,,,,,,,,,,,,,,,,,,
,,,,,,,,,,,,,,,,,,,,,
,,,,,,,,,,,,,,,,,,,,,
,,,,,,,,,,,,,,,,,,,,,
,,,,,,,,,,,,,,,,,,,,,
,,,,,,,,,,,,,,,,,,,,,
,,,,,,,,,,,,,,,,,,,,,
,,,,,,,,,,,,,,,,,,,,,
,,,,,,,,,,,,,,,,,,,,,
,,,,,,,,,,,,,,,,,,,,,
,,,,,,,,,,,,,,,,,,,,,
,,,,,,,,,,,,,,,,,,,,,
,,,,,,,,,,,,,,,,,,,,,
,,,,,,,,,,,,,,,,,,,,,
,,,,,,,,,,,,,,,,,,,,,
,,,,,,,,,,,,,,,,,,,,,
,,,,,,,,,,,,,,,,,,,,,
,,,,,,,,,,,,,,,,,,,,,
,,,,,,,,,,,,,,,,,,,,,
,,,,,,,,,,,,,,,,,,,,,
,,,,,,,,,,,,,,,,,,,,,
,,,,,,,,,,,,,,,,,,,,,
,,,,,,,,,,,,,,,,,,,,,
,,,,,,,,,,,,,,,,,,,,,
,,,,,,,,,,,,,,,,,,,,,
,,,,,,,,,,,,,,,,,,,,,
,,,,,,,,,,,,,,,,,,,,,
,,,,,,,,,,,,,,,,,,,,,
,,,,,,,,,,,,,,,,,,,,,
,,,,,,,,,,,,,,,,,,,,,
,,,,,,,,,,,,,,,,,,,,,
,,,,,,,,,,,,,,,,,,,,,
,,,,,,,,,,,,,,,,,,,,,
,,,,,,,,,,,,,,,,,,,,,
,,,,,,,,,,,,,,,,,,,,,
,,,,,,,,,,,,,,,,,,,,,
,,,,,,,,,,,,,,,,,,,,,
,,,,,,,,,,,,,,,,,,,,,
,,,,,,,,,,,,,,,,,,,,,
,,,,,,,,,,,,,,,,,,,,,
,,,,,,,,,,,,,,,,,,,,,
,,,,,,,,,,,,,,,,,,,,,
,,,,,,,,,,,,,,,,,,,,,
,,,,,,,,,,,,,,,,,,,,,
,,,,,,,,,,,,,,,,,,,,,
,,,,,,,,,,,,,,,,,,,,,
,,,,,,,,,,,,,,,,,,,,,
,,,,,,,,,,,,,,,,,,,,,
,,,,,,,,,,,,,,,,,,,,,
,,,,,,,,,,,,,,,,,,,,,
,,,,,,,,,,,,,,,,,,,,,
,,,,,,,,,,,,,,,,,,,,,
,,,,,,,,,,,,,,,,,,,,,
,,,,,,,,,,,,,,,,,,,,,
,,,,,,,,,,,,,,,,,,,,,
,,,,,,,,,,,,,,,,,,,,,
,,,,,,,,,,,,,,,,,,,,,
,,,,,,,,,,,,,,,,,,,,,
,,,,,,,,,,,,,,,,,,,,,
,,,,,,,,,,,,,,,,,,,,,
,,,,,,,,,,,,,,,,,,,,,
,,,,,,,,,,,,,,,,,,,,,
,,,,,,,,,,,,,,,,,,,,,
,,,,,,,,,,,,,,,,,,,,,
,,,,,,,,,,,,,,,,,,,,,
,,,,,,,,,,,,,,,,,,,,,
,,,,,,,,,,,,,,,,,,,,,
,,,,,,,,,,,,,,,,,,,,,
,,,,,,,,,,,,,,,,,,,,,
,,,,,,,,,,,,,,,,,,,,,
,,,,,,,,,,,,,,,,,,,,,
,,,,,,,,,,,,,,,,,,,,,
,,,,,,,,,,,,,,,,,,,,,
,,,,,,,,,,,,,,,,,,,,,
,,,,,,,,,,,,,,,,,,,,,
,,,,,,,,,,,,,,,,,,,,,
,,,,,,,,,,,,,,,,,,,,,
,,,,,,,,,,,,,,,,,,,,,
,,,,,,,,,,,,,,,,,,,,,
,,,,,,,,,,,,,,,,,,,,,
,,,,,,,,,,,,,,,,,,,,,
,,,,,,,,,,,,,,,,,,,,,
,,,,,,,,,,,,,,,,,,,,,
,,,,,,,,,,,,,,,,,,,,,
,,,,,,,,,,,,,,,,,,,,,
,,,,,,,,,,,,,,,,,,,,,
,,,,,,,,,,,,,,,,,,,,,
,,,,,,,,,,,,,,,,,,,,,
,,,,,,,,,,,,,,,,,,,,,
,,,,,,,,,,,,,,,,,,,,,
,,,,,,,,,,,,,,,,,,,,,
,,,,,,,,,,,,,,,,,,,,,
,,,,,,,,,,,,,,,,,,,,,
,,,,,,,,,,,,,,,,,,,,,
,,,,,,,,,,,,,,,,,,,,,
,,,,,,,,,,,,,,,,,,,,,
,,,,,,,,,,,,,,,,,,,,,
,,,,,,,,,,,,,,,,,,,,,
,,,,,,,,,,,,,,,,,,,,,
,,,,,,,,,,,,,,,,,,,,,
,,,,,,,,,,,,,,,,,,,,,
,,,,,,,,,,,,,,,,,,,,,
,,,,,,,,,,,,,,,,,,,,,
,,,,,,,,,,,,,,,,,,,,,
,,,,,,,,,,,,,,,,,,,,,
,,,,,,,,,,,,,,,,,,,,,
,,,,,,,,,,,,,,,,,,,,,
,,,,,,,,,,,,,,,,,,,,,
,,,,,,,,,,,,,,,,,,,,,
,,,,,,,,,,,,,,,,,,,,,
,,,,,,,,,,,,,,,,,,,,,
,,,,,,,,,,,,,,,,,,,,,
,,,,,,,,,,,,,,,,,,,,,
,,,,,,,,,,,,,,,,,,,,,
,,,,,,,,,,,,,,,,,,,,,
,,,,,,,,,,,,,,,,,,,,,
,,,,,,,,,,,,,,,,,,,,,
,,,,,,,,,,,,,,,,,,,,,
,,,,,,,,,,,,,,,,,,,,,
,,,,,,,,,,,,,,,,,,,,,
,,,,,,,,,,,,,,,,,,,,,
,,,,,,,,,,,,,,,,,,,,,
,,,,,,,,,,,,,,,,,,,,,
,,,,,,,,,,,,,,,,,,,,,
,,,,,,,,,,,,,,,,,,,,,
,,,,,,,,,,,,,,,,,,,,,
,,,,,,,,,,,,,,,,,,,,,
,,,,,,,,,,,,,,,,,,,,,
,,,,,,,,,,,,,,,,,,,,,
,,,,,,,,,,,,,,,,,,,,,
,,,,,,,,,,,,,,,,,,,,,
,,,,,,,,,,,,,,,,,,,,,
,,,,,,,,,,,,,,,,,,,,,
,,,,,,,,,,,,,,,,,,,,,
,,,,,,,,,,,,,,,,,,,,,
,,,,,,,,,,,,,,,,,,,,,
,,,,,,,,,,,,,,,,,,,,,
,,,,,,,,,,,,,,,,,,,,,
,,,,,,,,,,,,,,,,,,,,,
,,,,,,,,,,,,,,,,,,,,,
,,,,,,,,,,,,,,,,,,,,,
,,,,,,,,,,,,,,,,,,,,,
,,,,,,,,,,,,,,,,,,,,,
,,,,,,,,,,,,,,,,,,,,,
,,,,,,,,,,,,,,,,,,,,,
,,,,,,,,,,,,,,,,,,,,,
,,,,,,,,,,,,,,,,,,,,,
,,,,,,,,,,,,,,,,,,,,,
,,,,,,,,,,,,,,,,,,,,,
,,,,,,,,,,,,,,,,,,,,,
,,,,,,,,,,,,,,,,,,,,,
,,,,,,,,,,,,,,,,,,,,,
,,,,,,,,,,,,,,,,,,,,,
,,,,,,,,,,,,,,,,,,,,,
,,,,,,,,,,,,,,,,,,,,,
,,,,,,,,,,,,,,,,,,,,,
,,,,,,,,,,,,,,,,,,,,,
,,,,,,,,,,,,,,,,,,,,,
,,,,,,,,,,,,,,,,,,,,,
,,,,,,,,,,,,,,,,,,,,,
,,,,,,,,,,,,,,,,,,,,,
,,,,,,,,,,,,,,,,,,,,,
,,,,,,,,,,,,,,,,,,,,,
,,,,,,,,,,,,,,,,,,,,,
,,,,,,,,,,,,,,,,,,,,,
,,,,,,,,,,,,,,,,,,,,,
,,,,,,,,,,,,,,,,,,,,,
,,,,,,,,,,,,,,,,,,,,,
,,,,,,,,,,,,,,,,,,,,,
,,,,,,,,,,,,,,,,,,,,,
,,,,,,,,,,,,,,,,,,,,,
,,,,,,,,,,,,,,,,,,,,,
,,,,,,,,,,,,,,,,,,,,,
,,,,,,,,,,,,,,,,,,,,,
,,,,,,,,,,,,,,,,,,,,,
,,,,,,,,,,,,,,,,,,,,,
,,,,,,,,,,,,,,,,,,,,,
,,,,,,,,,,,,,,,,,,,,,
,,,,,,,,,,,,,,,,,,,,,
,,,,,,,,,,,,,,,,,,,,,
,,,,,,,,,,,,,,,,,,,,,
,,,,,,,,,,,,,,,,,,,,,
,,,,,,,,,,,,,,,,,,,,,
,,,,,,,,,,,,,,,,,,,,,
,,,,,,,,,,,,,,,,,,,,,
,,,,,,,,,,,,,,,,,,,,,
,,,,,,,,,,,,,,,,,,,,,
,,,,,,,,,,,,,,,,,,,,,
,,,,,,,,,,,,,,,,,,,,,
,,,,,,,,,,,,,,,,,,,,,
,,,,,,,,,,,,,,,,,,,,,
,,,,,,,,,,,,,,,,,,,,,
,,,,,,,,,,,,,,,,,,,,,
,,,,,,,,,,,,,,,,,,,,,
,,,,,,,,,,,,,,,,,,,,,
,,,,,,,,,,,,,,,,,,,,,
,,,,,,,,,,,,,,,,,,,,,
,,,,,,,,,,,,,,,,,,,,,
,,,,,,,,,,,,,,,,,,,,,
,,,,,,,,,,,,,,,,,,,,,
,,,,,,,,,,,,,,,,,,,,,
,,,,,,,,,,,,,,,,,,,,,
,,,,,,,,,,,,,,,,,,,,,
,,,,,,,,,,,,,,,,,,,,,
,,,,,,,,,,,,,,,,,,,,,
,,,,,,,,,,,,,,,,,,,,,
,,,,,,,,,,,,,,,,,,,,,
,,,,,,,,,,,,,,,,,,,,,
,,,,,,,,,,,,,,,,,,,,,
,,,,,,,,,,,,,,,,,,,,,
,,,,,,,,,,,,,,,,,,,,,
,,,,,,,,,,,,,,,,,,,,,
,,,,,,,,,,,,,,,,,,,,,
,,,,,,,,,,,,,,,,,,,,,
,,,,,,,,,,,,,,,,,,,,,
,,,,,,,,,,,,,,,,,,,,,
,,,,,,,,,,,,,,,,,,,,,
,,,,,,,,,,,,,,,,,,,,,
,,,,,,,,,,,,,,,,,,,,,
,,,,,,,,,,,,,,,,,,,,,
,,,,,,,,,,,,,,,,,,,,,
,,,,,,,,,,,,,,,,,,,,,
,,,,,,,,,,,,,,,,,,,,,
,,,,,,,,,,,,,,,,,,,,,
,,,,,,,,,,,,,,,,,,,,,
,,,,,,,,,,,,,,,,,,,,,
,,,,,,,,,,,,,,,,,,,,,
,,,,,,,,,,,,,,,,,,,,,
,,,,,,,,,,,,,,,,,,,,,
,,,,,,,,,,,,,,,,,,,,,
,,,,,,,,,,,,,,,,,,,,,
,,,,,,,,,,,,,,,,,,,,,
,,,,,,,,,,,,,,,,,,,,,
,,,,,,,,,,,,,,,,,,,,,
,,,,,,,,,,,,,,,,,,,,,
,,,,,,,,,,,,,,,,,,,,,
,,,,,,,,,,,,,,,,,,,,,
,,,,,,,,,,,,,,,,,,,,,
,,,,,,,,,,,,,,,,,,,,,
,,,,,,,,,,,,,,,,,,,,,
,,,,,,,,,,,,,,,,,,,,,
,,,,,,,,,,,,,,,,,,,,,
,,,,,,,,,,,,,,,,,,,,,
,,,,,,,,,,,,,,,,,,,,,
,,,,,,,,,,,,,,,,,,,,,
,,,,,,,,,,,,,,,,,,,,,
,,,,,,,,,,,,,,,,,,,,,
,,,,,,,,,,,,,,,,,,,,,
,,,,,,,,,,,,,,,,,,,,,
,,,,,,,,,,,,,,,,,,,,,
,,,,,,,,,,,,,,,,,,,,,
,,,,,,,,,,,,,,,,,,,,,
,,,,,,,,,,,,,,,,,,,,,
,,,,,,,,,,,,,,,,,,,,,
,,,,,,,,,,,,,,,,,,,,,
,,,,,,,,,,,,,,,,,,,,,
,,,,,,,,,,,,,,,,,,,,,
,,,,,,,,,,,,,,,,,,,,,
,,,,,,,,,,,,,,,,,,,,,
,,,,,,,,,,,,,,,,,,,,,
,,,,,,,,,,,,,,,,,,,,,
,,,,,,,,,,,,,,,,,,,,,
,,,,,,,,,,,,,,,,,,,,,
,,,,,,,,,,,,,,,,,,,,,
,,,,,,,,,,,,,,,,,,,,,
,,,,,,,,,,,,,,,,,,,,,
,,,,,,,,,,,,,,,,,,,,,
,,,,,,,,,,,,,,,,,,,,,
,,,,,,,,,,,,,,,,,,,,,
,,,,,,,,,,,,,,,,,,,,,
,,,,,,,,,,,,,,,,,,,,,
,,,,,,,,,,,,,,,,,,,,,
,,,,,,,,,,,,,,,,,,,,,
,,,,,,,,,,,,,,,,,,,,,
,,,,,,,,,,,,,,,,,,,,,
,,,,,,,,,,,,,,,,,,,,,
,,,,,,,,,,,,,,,,,,,,,
,,,,,,,,,,,,,,,,,,,,,
,,,,,,,,,,,,,,,,,,,,,
,,,,,,,,,,,,,,,,,,,,,
,,,,,,,,,,,,,,,,,,,,,
,,,,,,,,,,,,,,,,,,,,,
,,,,,,,,,,,,,,,,,,,,,
,,,,,,,,,,,,,,,,,,,,,
,,,,,,,,,,,,,,,,,,,,,
,,,,,,,,,,,,,,,,,,,,,
,,,,,,,,,,,,,,,,,,,,,
,,,,,,,,,,,,,,,,,,,,,
,,,,,,,,,,,,,,,,,,,,,
,,,,,,,,,,,,,,,,,,,,,
,,,,,,,,,,,,,,,,,,,,,
,,,,,,,,,,,,,,,,,,,,,
,,,,,,,,,,,,,,,,,,,,,
,,,,,,,,,,,,,,,,,,,,,
,,,,,,,,,,,,,,,,,,,,,
,,,,,,,,,,,,,,,,,,,,,
,,,,,,,,,,,,,,,,,,,,,
,,,,,,,,,,,,,,,,,,,,,
,,,,,,,,,,,,,,,,,,,,,
,,,,,,,,,,,,,,,,,,,,,
,,,,,,,,,,,,,,,,,,,,,
,,,,,,,,,,,,,,,,,,,,,
,,,,,,,,,,,,,,,,,,,,,
,,,,,,,,,,,,,,,,,,,,,
,,,,,,,,,,,,,,,,,,,,,
,,,,,,,,,,,,,,,,,,,,,
,,,,,,,,,,,,,,,,,,,,,
,,,,,,,,,,,,,,,,,,,,,
,,,,,,,,,,,,,,,,,,,,,
,,,,,,,,,,,,,,,,,,,,,
,,,,,,,,,,,,,,,,,,,,,
,,,,,,,,,,,,,,,,,,,,,
,,,,,,,,,,,,,,,,,,,,,
,,,,,,,,,,,,,,,,,,,,,
,,,,,,,,,,,,,,,,,,,,,
,,,,,,,,,,,,,,,,,,,,,
,,,,,,,,,,,,,,,,,,,,,
,,,,,,,,,,,,,,,,,,,,,
,,,,,,,,,,,,,,,,,,,,,
,,,,,,,,,,,,,,,,,,,,,
,,,,,,,,,,,,,,,,,,,,,
,,,,,,,,,,,,,,,,,,,,,
,,,,,,,,,,,,,,,,,,,,,
,,,,,,,,,,,,,,,,,,,,,
,,,,,,,,,,,,,,,,,,,,,
,,,,,,,,,,,,,,,,,,,,,
,,,,,,,,,,,,,,,,,,,,,
,,,,,,,,,,,,,,,,,,,,,
,,,,,,,,,,,,,,,,,,,,,
,,,,,,,,,,,,,,,,,,,,,
,,,,,,,,,,,,,,,,,,,,,
,,,,,,,,,,,,,,,,,,,,,
,,,,,,,,,,,,,,,,,,,,,
,,,,,,,,,,,,,,,,,,,,,
,,,,,,,,,,,,,,,,,,,,,
,,,,,,,,,,,,,,,,,,,,,
,,,,,,,,,,,,,,,,,,,,,
,,,,,,,,,,,,,,,,,,,,,
,,,,,,,,,,,,,,,,,,,,,
,,,,,,,,,,,,,,,,,,,,,
,,,,,,,,,,,,,,,,,,,,,
,,,,,,,,,,,,,,,,,,,,,
,,,,,,,,,,,,,,,,,,,,,
,,,,,,,,,,,,,,,,,,,,,
,,,,,,,,,,,,,,,,,,,,,
,,,,,,,,,,,,,,,,,,,,,
,,,,,,,,,,,,,,,,,,,,,
,,,,,,,,,,,,,,,,,,,,,
,,,,,,,,,,,,,,,,,,,,,
,,,,,,,,,,,,,,,,,,,,,
,,,,,,,,,,,,,,,,,,,,,
,,,,,,,,,,,,,,,,,,,,,
,,,,,,,,,,,,,,,,,,,,,
,,,,,,,,,,,,,,,,,,,,,
,,,,,,,,,,,,,,,,,,,,,
,,,,,,,,,,,,,,,,,,,,,
,,,,,,,,,,,,,,,,,,,,,
,,,,,,,,,,,,,,,,,,,,,
,,,,,,,,,,,,,,,,,,,,,
,,,,,,,,,,,,,,,,,,,,,
,,,,,,,,,,,,,,,,,,,,,
,,,,,,,,,,,,,,,,,,,,,
,,,,,,,,,,,,,,,,,,,,,
,,,,,,,,,,,,,,,,,,,,,
,,,,,,,,,,,,,,,,,,,,,
,,,,,,,,,,,,,,,,,,,,,
,,,,,,,,,,,,,,,,,,,,,
,,,,,,,,,,,,,,,,,,,,,
,,,,,,,,,,,,,,,,,,,,,
,,,,,,,,,,,,,,,,,,,,,
,,,,,,,,,,,,,,,,,,,,,
,,,,,,,,,,,,,,,,,,,,,
,,,,,,,,,,,,,,,,,,,,,
,,,,,,,,,,,,,,,,,,,,,
,,,,,,,,,,,,,,,,,,,,,
,,,,,,,,,,,,,,,,,,,,,
,,,,,,,,,,,,,,,,,,,,,
,,,,,,,,,,,,,,,,,,,,,
,,,,,,,,,,,,,,,,,,,,,
,,,,,,,,,,,,,,,,,,,,,
,,,,,,,,,,,,,,,,,,,,,
,,,,,,,,,,,,,,,,,,,,,
,,,,,,,,,,,,,,,,,,,,,
,,,,,,,,,,,,,,,,,,,,,
,,,,,,,,,,,,,,,,,,,,,
,,,,,,,,,,,,,,,,,,,,,
,,,,,,,,,,,,,,,,,,,,,
,,,,,,,,,,,,,,,,,,,,,
,,,,,,,,,,,,,,,,,,,,,
,,,,,,,,,,,,,,,,,,,,,
,,,,,,,,,,,,,,,,,,,,,
,,,,,,,,,,,,,,,,,,,,,
,,,,,,,,,,,,,,,,,,,,,
,,,,,,,,,,,,,,,,,,,,,
,,,,,,,,,,,,,,,,,,,,,
,,,,,,,,,,,,,,,,,,,,,
,,,,,,,,,,,,,,,,,,,,,
,,,,,,,,,,,,,,,,,,,,,
,,,,,,,,,,,,,,,,,,,,,
,,,,,,,,,,,,,,,,,,,,,
,,,,,,,,,,,,,,,,,,,,,
,,,,,,,,,,,,,,,,,,,,,
,,,,,,,,,,,,,,,,,,,,,
,,,,,,,,,,,,,,,,,,,,,
,,,,,,,,,,,,,,,,,,,,,
,,,,,,,,,,,,,,,,,,,,,
,,,,,,,,,,,,,,,,,,,,,
,,,,,,,,,,,,,,,,,,,,,
,,,,,,,,,,,,,,,,,,,,,
,,,,,,,,,,,,,,,,,,,,,
,,,,,,,,,,,,,,,,,,,,,
,,,,,,,,,,,,,,,,,,,,,
,,,,,,,,,,,,,,,,,,,,,
,,,,,,,,,,,,,,,,,,,,,
,,,,,,,,,,,,,,,,,,,,,
,,,,,,,,,,,,,,,,,,,,,
,,,,,,,,,,,,,,,,,,,,,
,,,,,,,,,,,,,,,,,,,,,
,,,,,,,,,,,,,,,,,,,,,
,,,,,,,,,,,,,,,,,,,,,
,,,,,,,,,,,,,,,,,,,,,
,,,,,,,,,,,,,,,,,,,,,
,,,,,,,,,,,,,,,,,,,,,
,,,,,,,,,,,,,,,,,,,,,
,,,,,,,,,,,,,,,,,,,,,
,,,,,,,,,,,,,,,,,,,,,
,,,,,,,,,,,,,,,,,,,,,
,,,,,,,,,,,,,,,,,,,,,
,,,,,,,,,,,,,,,,,,,,,
,,,,,,,,,,,,,,,,,,,,,
,,,,,,,,,,,,,,,,,,,,,
,,,,,,,,,,,,,,,,,,,,,
,,,,,,,,,,,,,,,,,,,,,
,,,,,,,,,,,,,,,,,,,,,
,,,,,,,,,,,,,,,,,,,,,
,,,,,,,,,,,,,,,,,,,,,
,,,,,,,,,,,,,,,,,,,,,
,,,,,,,,,,,,,,,,,,,,,
,,,,,,,,,,,,,,,,,,,,,
,,,,,,,,,,,,,,,,,,,,,
,,,,,,,,,,,,,,,,,,,,,
,,,,,,,,,,,,,,,,,,,,,
,,,,,,,,,,,,,,,,,,,,,
,,,,,,,,,,,,,,,,,,,,,
,,,,,,,,,,,,,,,,,,,,,
,,,,,,,,,,,,,,,,,,,,,
,,,,,,,,,,,,,,,,,,,,,
,,,,,,,,,,,,,,,,,,,,,
,,,,,,,,,,,,,,,,,,,,,
,,,,,,,,,,,,,,,,,,,,,
,,,,,,,,,,,,,,,,,,,,,
,,,,,,,,,,,,,,,,,,,,,
,,,,,,,,,,,,,,,,,,,,,
,,,,,,,,,,,,,,,,,,,,,
,,,,,,,,,,,,,,,,,,,,,
,,,,,,,,,,,,,,,,,,,,,
,,,,,,,,,,,,,,,,,,,,,
,,,,,,,,,,,,,,,,,,,,,
,,,,,,,,,,,,,,,,,,,,,
,,,,,,,,,,,,,,,,,,,,,
,,,,,,,,,,,,,,,,,,,,,
,,,,,,,,,,,,,,,,,,,,,
,,,,,,,,,,,,,,,,,,,,,
,,,,,,,,,,,,,,,,,,,,,
,,,,,,,,,,,,,,,,,,,,,
,,,,,,,,,,,,,,,,,,,,,
,,,,,,,,,,,,,,,,,,,,,
,,,,,,,,,,,,,,,,,,,,,
,,,,,,,,,,,,,,,,,,,,,
,,,,,,,,,,,,,,,,,,,,,
,,,,,,,,,,,,,,,,,,,,,
,,,,,,,,,,,,,,,,,,,,,
,,,,,,,,,,,,,,,,,,,,,
,,,,,,,,,,,,,,,,,,,,,
,,,,,,,,,,,,,,,,,,,,,
,,,,,,,,,,,,,,,,,,,,,
,,,,,,,,,,,,,,,,,,,,,
,,,,,,,,,,,,,,,,,,,,,
,,,,,,,,,,,,,,,,,,,,,
,,,,,,,,,,,,,,,,,,,,,
,,,,,,,,,,,,,,,,,,,,,
,,,,,,,,,,,,,,,,,,,,,
,,,,,,,,,,,,,,,,,,,,,
,,,,,,,,,,,,,,,,,,,,,
,,,,,,,,,,,,,,,,,,,,,
,,,,,,,,,,,,,,,,,,,,,
,,,,,,,,,,,,,,,,,,,,,
,,,,,,,,,,,,,,,,,,,,,
,,,,,,,,,,,,,,,,,,,,,
,,,,,,,,,,,,,,,,,,,,,
,,,,,,,,,,,,,,,,,,,,,
,,,,,,,,,,,,,,,,,,,,,
,,,,,,,,,,,,,,,,,,,,,
,,,,,,,,,,,,,,,,,,,,,
,,,,,,,,,,,,,,,,,,,,,
,,,,,,,,,,,,,,,,,,,,,
,,,,,,,,,,,,,,,,,,,,,
,,,,,,,,,,,,,,,,,,,,,
,,,,,,,,,,,,,,,,,,,,,
,,,,,,,,,,,,,,,,,,,,,
,,,,,,,,,,,,,,,,,,,,,
,,,,,,,,,,,,,,,,,,,,,
,,,,,,,,,,,,,,,,,,,,,
,,,,,,,,,,,,,,,,,,,,,
,,,,,,,,,,,,,,,,,,,,,
,,,,,,,,,,,,,,,,,,,,,
,,,,,,,,,,,,,,,,,,,,,
,,,,,,,,,,,,,,,,,,,,,
,,,,,,,,,,,,,,,,,,,,,
,,,,,,,,,,,,,,,,,,,,,
,,,,,,,,,,,,,,,,,,,,,
,,,,,,,,,,,,,,,,,,,,,
,,,,,,,,,,,,,,,,,,,,,
,,,,,,,,,,,,,,,,,,,,,
,,,,,,,,,,,,,,,,,,,,,
,,,,,,,,,,,,,,,,,,,,,
,,,,,,,,,,,,,,,,,,,,,
,,,,,,,,,,,,,,,,,,,,,
,,,,,,,,,,,,,,,,,,,,,
,,,,,,,,,,,,,,,,,,,,,
,,,,,,,,,,,,,,,,,,,,,
,,,,,,,,,,,,,,,,,,,,,
,,,,,,,,,,,,,,,,,,,,,
,,,,,,,,,,,,,,,,,,,,,
,,,,,,,,,,,,,,,,,,,,,
,,,,,,,,,,,,,,,,,,,,,
,,,,,,,,,,,,,,,,,,,,,
,,,,,,,,,,,,,,,,,,,,,
,,,,,,,,,,,,,,,,,,,,,
,,,,,,,,,,,,,,,,,,,,,
,,,,,,,,,,,,,,,,,,,,,
,,,,,,,,,,,,,,,,,,,,,
,,,,,,,,,,,,,,,,,,,,,
,,,,,,,,,,,,,,,,,,,,,
,,,,,,,,,,,,,,,,,,,,,
,,,,,,,,,,,,,,,,,,,,,
,,,,,,,,,,,,,,,,,,,,,
,,,,,,,,,,,,,,,,,,,,,
,,,,,,,,,,,,,,,,,,,,,
,,,,,,,,,,,,,,,,,,,,,
,,,,,,,,,,,,,,,,,,,,,
,,,,,,,,,,,,,,,,,,,,,
,,,,,,,,,,,,,,,,,,,,,
,,,,,,,,,,,,,,,,,,,,,
,,,,,,,,,,,,,,,,,,,,,
,,,,,,,,,,,,,,,,,,,,,
,,,,,,,,,,,,,,,,,,,,,
,,,,,,,,,,,,,,,,,,,,,
,,,,,,,,,,,,,,,,,,,,,
,,,,,,,,,,,,,,,,,,,,,
,,,,,,,,,,,,,,,,,,,,,
,,,,,,,,,,,,,,,,,,,,,
,,,,,,,,,,,,,,,,,,,,,
,,,,,,,,,,,,,,,,,,,,,
,,,,,,,,,,,,,,,,,,,,,
,,,,,,,,,,,,,,,,,,,,,
,,,,,,,,,,,,,,,,,,,,,
,,,,,,,,,,,,,,,,,,,,,
,,,,,,,,,,,,,,,,,,,,,
,,,,,,,,,,,,,,,,,,,,,
,,,,,,,,,,,,,,,,,,,,,
,,,,,,,,,,,,,,,,,,,,,
,,,,,,,,,,,,,,,,,,,,,
,,,,,,,,,,,,,,,,,,,,,
,,,,,,,,,,,,,,,,,,,,,
,,,,,,,,,,,,,,,,,,,,,
,,,,,,,,,,,,,,,,,,,,,
,,,,,,,,,,,,,,,,,,,,,
,,,,,,,,,,,,,,,,,,,,,
,,,,,,,,,,,,,,,,,,,,,
,,,,,,,,,,,,,,,,,,,,,
,,,,,,,,,,,,,,,,,,,,,
,,,,,,,,,,,,,,,,,,,,,
,,,,,,,,,,,,,,,,,,,,,
,,,,,,,,,,,,,,,,,,,,,
,,,,,,,,,,,,,,,,,,,,,
,,,,,,,,,,,,,,,,,,,,,
,,,,,,,,,,,,,,,,,,,,,
,,,,,,,,,,,,,,,,,,,,,
,,,,,,,,,,,,,,,,,,,,,
,,,,,,,,,,,,,,,,,,,,,
,,,,,,,,,,,,,,,,,,,,,
,,,,,,,,,,,,,,,,,,,,,
,,,,,,,,,,,,,,,,,,,,,
,,,,,,,,,,,,,,,,,,,,,
,,,,,,,,,,,,,,,,,,,,,
,,,,,,,,,,,,,,,,,,,,,
,,,,,,,,,,,,,,,,,,,,,
,,,,,,,,,,,,,,,,,,,,,
,,,,,,,,,,,,,,,,,,,,,
,,,,,,,,,,,,,,,,,,,,,
,,,,,,,,,,,,,,,,,,,,,
,,,,,,,,,,,,,,,,,,,,,
,,,,,,,,,,,,,,,,,,,,,
,,,,,,,,,,,,,,,,,,,,,
,,,,,,,,,,,,,,,,,,,,,
,,,,,,,,,,,,,,,,,,,,,
,,,,,,,,,,,,,,,,,,,,,
,,,,,,,,,,,,,,,,,,,,,
,,,,,,,,,,,,,,,,,,,,,
,,,,,,,,,,,,,,,,,,,,,
,,,,,,,,,,,,,,,,,,,,,
,,,,,,,,,,,,,,,,,,,,,
,,,,,,,,,,,,,,,,,,,,,
,,,,,,,,,,,,,,,,,,,,,
,,,,,,,,,,,,,,,,,,,,,
,,,,,,,,,,,,,,,,,,,,,
,,,,,,,,,,,,,,,,,,,,,
,,,,,,,,,,,,,,,,,,,,,
,,,,,,,,,,,,,,,,,,,,,
,,,,,,,,,,,,,,,,,,,,,
,,,,,,,,,,,,,,,,,,,,,
,,,,,,,,,,,,,,,,,,,,,
,,,,,,,,,,,,,,,,,,,,,
,,,,,,,,,,,,,,,,,,,,,
,,,,,,,,,,,,,,,,,,,,,
,,,,,,,,,,,,,,,,,,,,,
,,,,,,,,,,,,,,,,,,,,,
,,,,,,,,,,,,,,,,,,,,,
,,,,,,,,,,,,,,,,,,,,,
,,,,,,,,,,,,,,,,,,,,,
,,,,,,,,,,,,,,,,,,,,,
,,,,,,,,,,,,,,,,,,,,,
,,,,,,,,,,,,,,,,,,,,,
,,,,,,,,,,,,,,,,,,,,,
,,,,,,,,,,,,,,,,,,,,,
,,,,,,,,,,,,,,,,,,,,,
,,,,,,,,,,,,,,,,,,,,,
,,,,,,,,,,,,,,,,,,,,,
,,,,,,,,,,,,,,,,,,,,,
,,,,,,,,,,,,,,,,,,,,,
,,,,,,,,,,,,,,,,,,,,,
,,,,,,,,,,,,,,,,,,,,,
,,,,,,,,,,,,,,,,,,,,,
,,,,,,,,,,,,,,,,,,,,,
,,,,,,,,,,,,,,,,,,,,,
,,,,,,,,,,,,,,,,,,,,,
,,,,,,,,,,,,,,,,,,,,,
,,,,,,,,,,,,,,,,,,,,,
,,,,,,,,,,,,,,,,,,,,,
,,,,,,,,,,,,,,,,,,,,,
,,,,,,,,,,,,,,,,,,,,,
,,,,,,,,,,,,,,,,,,,,,
,,,,,,,,,,,,,,,,,,,,,
,,,,,,,,,,,,,,,,,,,,,
,,,,,,,,,,,,,,,,,,,,,
,,,,,,,,,,,,,,,,,,,,,
,,,,,,,,,,,,,,,,,,,,,
,,,,,,,,,,,,,,,,,,,,,
,,,,,,,,,,,,,,,,,,,,,
,,,,,,,,,,,,,,,,,,,,,
,,,,,,,,,,,,,,,,,,,,,
,,,,,,,,,,,,,,,,,,,,,
,,,,,,,,,,,,,,,,,,,,,
,,,,,,,,,,,,,,,,,,,,,
,,,,,,,,,,,,,,,,,,,,,
,,,,,,,,,,,,,,,,,,,,,
,,,,,,,,,,,,,,,,,,,,,
,,,,,,,,,,,,,,,,,,,,,
,,,,,,,,,,,,,,,,,,,,,
,,,,,,,,,,,,,,,,,,,,,
,,,,,,,,,,,,,,,,,,,,,
,,,,,,,,,,,,,,,,,,,,,
,,,,,,,,,,,,,,,,,,,,,
,,,,,,,,,,,,,,,,,,,,,
,,,,,,,,,,,,,,,,,,,,,
,,,,,,,,,,,,,,,,,,,,,
,,,,,,,,,,,,,,,,,,,,,
,,,,,,,,,,,,,,,,,,,,,
,,,,,,,,,,,,,,,,,,,,,
,,,,,,,,,,,,,,,,,,,,,
,,,,,,,,,,,,,,,,,,,,,
,,,,,,,,,,,,,,,,,,,,,
,,,,,,,,,,,,,,,,,,,,,
,,,,,,,,,,,,,,,,,,,,,
,,,,,,,,,,,,,,,,,,,,,
,,,,,,,,,,,,,,,,,,,,,
,,,,,,,,,,,,,,,,,,,,,
,,,,,,,,,,,,,,,,,,,,,
,,,,,,,,,,,,,,,,,,,,,
,,,,,,,,,,,,,,,,,,,,,
,,,,,,,,,,,,,,,,,,,,,
,,,,,,,,,,,,,,,,,,,,,
,,,,,,,,,,,,,,,,,,,,,
,,,,,,,,,,,,,,,,,,,,,
,,,,,,,,,,,,,,,,,,,,,
,,,,,,,,,,,,,,,,,,,,,
,,,,,,,,,,,,,,,,,,,,,
,,,,,,,,,,,,,,,,,,,,,
,,,,,,,,,,,,,,,,,,,,,
,,,,,,,,,,,,,,,,,,,,,
,,,,,,,,,,,,,,,,,,,,,
,,,,,,,,,,,,,,,,,,,,,
,,,,,,,,,,,,,,,,,,,,,
,,,,,,,,,,,,,,,,,,,,,
,,,,,,,,,,,,,,,,,,,,,
,,,,,,,,,,,,,,,,,,,,,
,,,,,,,,,,,,,,,,,,,,,
,,,,,,,,,,,,,,,,,,,,,
,,,,,,,,,,,,,,,,,,,,,
,,,,,,,,,,,,,,,,,,,,,
,,,,,,,,,,,,,,,,,,,,,
,,,,,,,,,,,,,,,,,,,,,
,,,,,,,,,,,,,,,,,,,,,
,,,,,,,,,,,,,,,,,,,,,
,,,,,,,,,,,,,,,,,,,,,
,,,,,,,,,,,,,,,,,,,,,
,,,,,,,,,,,,,,,,,,,,,
,,,,,,,,,,,,,,,,,,,,,
,,,,,,,,,,,,,,,,,,,,,
,,,,,,,,,,,,,,,,,,,,,
,,,,,,,,,,,,,,,,,,,,,
,,,,,,,,,,,,,,,,,,,,,
,,,,,,,,,,,,,,,,,,,,,
,,,,,,,,,,,,,,,,,,,,,
,,,,,,,,,,,,,,,,,,,,,
,,,,,,,,,,,,,,,,,,,,,
,,,,,,,,,,,,,,,,,,,,,
,,,,,,,,,,,,,,,,,,,,,
,,,,,,,,,,,,,,,,,,,,,
,,,,,,,,,,,,,,,,,,,,,
,,,,,,,,,,,,,,,,,,,,,
,,,,,,,,,,,,,,,,,,,,,
,,,,,,,,,,,,,,,,,,,,,
,,,,,,,,,,,,,,,,,,,,,
,,,,,,,,,,,,,,,,,,,,,
,,,,,,,,,,,,,,,,,,,,,
,,,,,,,,,,,,,,,,,,,,,
,,,,,,,,,,,,,,,,,,,,,
,,,,,,,,,,,,,,,,,,,,,
,,,,,,,,,,,,,,,,,,,,,
,,,,,,,,,,,,,,,,,,,,,
,,,,,,,,,,,,,,,,,,,,,
,,,,,,,,,,,,,,,,,,,,,
,,,,,,,,,,,,,,,,,,,,,
,,,,,,,,,,,,,,,,,,,,,
,,,,,,,,,,,,,,,,,,,,,
,,,,,,,,,,,,,,,,,,,,,
,,,,,,,,,,,,,,,,,,,,,
,,,,,,,,,,,,,,,,,,,,,
,,,,,,,,,,,,,,,,,,,,,
,,,,,,,,,,,,,,,,,,,,,
,,,,,,,,,,,,,,,,,,,,,
,,,,,,,,,,,,,,,,,,,,,
,,,,,,,,,,,,,,,,,,,,,
,,,,,,,,,,,,,,,,,,,,,
,,,,,,,,,,,,,,,,,,,,,
,,,,,,,,,,,,,,,,,,,,,
,,,,,,,,,,,,,,,,,,,,,
,,,,,,,,,,,,,,,,,,,,,
,,,,,,,,,,,,,,,,,,,,,
,,,,,,,,,,,,,,,,,,,,,
,,,,,,,,,,,,,,,,,,,,,
,,,,,,,,,,,,,,,,,,,,,
,,,,,,,,,,,,,,,,,,,,,
,,,,,,,,,,,,,,,,,,,,,
,,,,,,,,,,,,,,,,,,,,,
,,,,,,,,,,,,,,,,,,,,,
,,,,,,,,,,,,,,,,,,,,,
,,,,,,,,,,,,,,,,,,,,,
,,,,,,,,,,,,,,,,,,,,,
,,,,,,,,,,,,,,,,,,,,,
,,,,,,,,,,,,,,,,,,,,,
,,,,,,,,,,,,,,,,,,,,,
,,,,,,,,,,,,,,,,,,,,,
,,,,,,,,,,,,,,,,,,,,,
,,,,,,,,,,,,,,,,,,,,,
,,,,,,,,,,,,,,,,,,,,,
,,,,,,,,,,,,,,,,,,,,,
,,,,,,,,,,,,,,,,,,,,,
,,,,,,,,,,,,,,,,,,,,,
,,,,,,,,,,,,,,,,,,,,,
,,,,,,,,,,,,,,,,,,,,,
,,,,,,,,,,,,,,,,,,,,,
,,,,,,,,,,,,,,,,,,,,,
,,,,,,,,,,,,,,,,,,,,,
,,,,,,,,,,,,,,,,,,,,,
,,,,,,,,,,,,,,,,,,,,,
,,,,,,,,,,,,,,,,,,,,,
,,,,,,,,,,,,,,,,,,,,,
,,,,,,,,,,,,,,,,,,,,,
,,,,,,,,,,,,,,,,,,,,,
,,,,,,,,,,,,,,,,,,,,,
,,,,,,,,,,,,,,,,,,,,,
,,,,,,,,,,,,,,,,,,,,,
,,,,,,,,,,,,,,,,,,,,,
,,,,,,,,,,,,,,,,,,,,,
,,,,,,,,,,,,,,,,,,,,,
,,,,,,,,,,,,,,,,,,,,,
,,,,,,,,,,,,,,,,,,,,,
,,,,,,,,,,,,,,,,,,,,,
,,,,,,,,,,,,,,,,,,,,,
,,,,,,,,,,,,,,,,,,,,,
,,,,,,,,,,,,,,,,,,,,,
,,,,,,,,,,,,,,,,,,,,,
,,,,,,,,,,,,,,,,,,,,,
,,,,,,,,,,,,,,,,,,,,,
,,,,,,,,,,,,,,,,,,,,,
,,,,,,,,,,,,,,,,,,,,,
,,,,,,,,,,,,,,,,,,,,,
,,,,,,,,,,,,,,,,,,,,,
,,,,,,,,,,,,,,,,,,,,,
,,,,,,,,,,,,,,,,,,,,,
,,,,,,,,,,,,,,,,,,,,,
,,,,,,,,,,,,,,,,,,,,,
,,,,,,,,,,,,,,,,,,,,,
,,,,,,,,,,,,,,,,,,,,,
,,,,,,,,,,,,,,,,,,,,,
,,,,,,,,,,,,,,,,,,,,,
,,,,,,,,,,,,,,,,,,,,,
,,,,,,,,,,,,,,,,,,,,,
,,,,,,,,,,,,,,,,,,,,,
,,,,,,,,,,,,,,,,,,,,,
,,,,,,,,,,,,,,,,,,,,,
,,,,,,,,,,,,,,,,,,,,,
,,,,,,,,,,,,,,,,,,,,,
,,,,,,,,,,,,,,,,,,,,,
,,,,,,,,,,,,,,,,,,,,,
,,,,,,,,,,,,,,,,,,,,,
,,,,,,,,,,,,,,,,,,,,,
,,,,,,,,,,,,,,,,,,,,,
,,,,,,,,,,,,,,,,,,,,,
,,,,,,,,,,,,,,,,,,,,,
,,,,,,,,,,,,,,,,,,,,,
,,,,,,,,,,,,,,,,,,,,,
,,,,,,,,,,,,,,,,,,,,,
,,,,,,,,,,,,,,,,,,,,,
,,,,,,,,,,,,,,,,,,,,,
,,,,,,,,,,,,,,,,,,,,,
,,,,,,,,,,,,,,,,,,,,,
,,,,,,,,,,,,,,,,,,,,,
,,,,,,,,,,,,,,,,,,,,,
,,,,,,,,,,,,,,,,,,,,,
,,,,,,,,,,,,,,,,,,,,,
,,,,,,,,,,,,,,,,,,,,,
,,,,,,,,,,,,,,,,,,,,,
,,,,,,,,,,,,,,,,,,,,,
,,,,,,,,,,,,,,,,,,,,,
,,,,,,,,,,,,,,,,,,,,,
,,,,,,,,,,,,,,,,,,,,,
,,,,,,,,,,,,,,,,,,,,,
,,,,,,,,,,,,,,,,,,,,,
,,,,,,,,,,,,,,,,,,,,,
,,,,,,,,,,,,,,,,,,,,,
,,,,,,,,,,,,,,,,,,,,,
,,,,,,,,,,,,,,,,,,,,,
,,,,,,,,,,,,,,,,,,,,,
,,,,,,,,,,,,,,,,,,,,,
,,,,,,,,,,,,,,,,,,,,,
,,,,,,,,,,,,,,,,,,,,,
,,,,,,,,,,,,,,,,,,,,,
,,,,,,,,,,,,,,,,,,,,,
,,,,,,,,,,,,,,,,,,,,,
,,,,,,,,,,,,,,,,,,,,,
,,,,,,,,,,,,,,,,,,,,,
,,,,,,,,,,,,,,,,,,,,,
,,,,,,,,,,,,,,,,,,,,,
,,,,,,,,,,,,,,,,,,,,,
,,,,,,,,,,,,,,,,,,,,,
,,,,,,,,,,,,,,,,,,,,,
,,,,,,,,,,,,,,,,,,,,,
,,,,,,,,,,,,,,,,,,,,,
,,,,,,,,,,,,,,,,,,,,,
,,,,,,,,,,,,,,,,,,,,,
,,,,,,,,,,,,,,,,,,,,,
,,,,,,,,,,,,,,,,,,,,,
,,,,,,,,,,,,,,,,,,,,,
,,,,,,,,,,,,,,,,,,,,,
,,,,,,,,,,,,,,,,,,,,,
,,,,,,,,,,,,,,,,,,,,,
,,,,,,,,,,,,,,,,,,,,,
,,,,,,,,,,,,,,,,,,,,,
,,,,,,,,,,,,,,,,,,,,,
,,,,,,,,,,,,,,,,,,,,,
,,,,,,,,,,,,,,,,,,,,,
,,,,,,,,,,,,,,,,,,,,,
,,,,,,,,,,,,,,,,,,,,,
,,,,,,,,,,,,,,,,,,,,,
,,,,,,,,,,,,,,,,,,,,,
,,,,,,,,,,,,,,,,,,,,,
,,,,,,,,,,,,,,,,,,,,,
,,,,,,,,,,,,,,,,,,,,,
,,,,,,,,,,,,,,,,,,,,,
,,,,,,,,,,,,,,,,,,,,,
,,,,,,,,,,,,,,,,,,,,,
,,,,,,,,,,,,,,,,,,,,,
,,,,,,,,,,,,,,,,,,,,,
,,,,,,,,,,,,,,,,,,,,,
,,,,,,,,,,,,,,,,,,,,,
,,,,,,,,,,,,,,,,,,,,,
,,,,,,,,,,,,,,,,,,,,,
,,,,,,,,,,,,,,,,,,,,,
,,,,,,,,,,,,,,,,,,,,,
,,,,,,,,,,,,,,,,,,,,,
,,,,,,,,,,,,,,,,,,,,,
,,,,,,,,,,,,,,,,,,,,,
,,,,,,,,,,,,,,,,,,,,,
,,,,,,,,,,,,,,,,,,,,,
,,,,,,,,,,,,,,,,,,,,,
,,,,,,,,,,,,,,,,,,,,,
,,,,,,,,,,,,,,,,,,,,,
,,,,,,,,,,,,,,,,,,,,,
,,,,,,,,,,,,,,,,,,,,,
,,,,,,,,,,,,,,,,,,,,,
,,,,,,,,,,,,,,,,,,,,,
,,,,,,,,,,,,,,,,,,,,,
,,,,,,,,,,,,,,,,,,,,,
,,,,,,,,,,,,,,,,,,,,,
,,,,,,,,,,,,,,,,,,,,,
,,,,,,,,,,,,,,,,,,,,,
,,,,,,,,,,,,,,,,,,,,,
,,,,,,,,,,,,,,,,,,,,,
,,,,,,,,,,,,,,,,,,,,,
,,,,,,,,,,,,,,,,,,,,,
,,,,,,,,,,,,,,,,,,,,,
,,,,,,,,,,,,,,,,,,,,,
,,,,,,,,,,,,,,,,,,,,,
,,,,,,,,,,,,,,,,,,,,,
,,,,,,,,,,,,,,,,,,,,,
,,,,,,,,,,,,,,,,,,,,,
,,,,,,,,,,,,,,,,,,,,,
,,,,,,,,,,,,,,,,,,,,,
,,,,,,,,,,,,,,,,,,,,,
,,,,,,,,,,,,,,,,,,,,,
,,,,,,,,,,,,,,,,,,,,,
,,,,,,,,,,,,,,,,,,,,,
,,,,,,,,,,,,,,,,,,,,,
,,,,,,,,,,,,,,,,,,,,,
,,,,,,,,,,,,,,,,,,,,,
,,,,,,,,,,,,,,,,,,,,,
,,,,,,,,,,,,,,,,,,,,,
,,,,,,,,,,,,,,,,,,,,,
,,,,,,,,,,,,,,,,,,,,,
,,,,,,,,,,,,,,,,,,,,,
,,,,,,,,,,,,,,,,,,,,,
,,,,,,,,,,,,,,,,,,,,,
,,,,,,,,,,,,,,,,,,,,,
,,,,,,,,,,,,,,,,,,,,,
,,,,,,,,,,,,,,,,,,,,,
,,,,,,,,,,,,,,,,,,,,,
,,,,,,,,,,,,,,,,,,,,,
,,,,,,,,,,,,,,,,,,,,,
,,,,,,,,,,,,,,,,,,,,,
,,,,,,,,,,,,,,,,,,,,,
,,,,,,,,,,,,,,,,,,,,,
,,,,,,,,,,,,,,,,,,,,,
,,,,,,,,,,,,,,,,,,,,,
,,,,,,,,,,,,,,,,,,,,,
,,,,,,,,,,,,,,,,,,,,,
,,,,,,,,,,,,,,,,,,,,,
,,,,,,,,,,,,,,,,,,,,,
,,,,,,,,,,,,,,,,,,,,,
,,,,,,,,,,,,,,,,,,,,,
,,,,,,,,,,,,,,,,,,,,,
,,,,,,,,,,,,,,,,,,,,,
,,,,,,,,,,,,,,,,,,,,,
,,,,,,,,,,,,,,,,,,,,,
,,,,,,,,,,,,,,,,,,,,,
,,,,,,,,,,,,,,,,,,,,,
,,,,,,,,,,,,,,,,,,,,,
,,,,,,,,,,,,,,,,,,,,,
,,,,,,,,,,,,,,,,,,,,,
,,,,,,,,,,,,,,,,,,,,,
,,,,,,,,,,,,,,,,,,,,,
,,,,,,,,,,,,,,,,,,,,,
,,,,,,,,,,,,,,,,,,,,,
,,,,,,,,,,,,,,,,,,,,,
,,,,,,,,,,,,,,,,,,,,,
,,,,,,,,,,,,,,,,,,,,,
,,,,,,,,,,,,,,,,,,,,,
,,,,,,,,,,,,,,,,,,,,,
,,,,,,,,,,,,,,,,,,,,,
,,,,,,,,,,,,,,,,,,,,,
,,,,,,,,,,,,,,,,,,,,,
,,,,,,,,,,,,,,,,,,,,,
,,,,,,,,,,,,,,,,,,,,,
,,,,,,,,,,,,,,,,,,,,,
,,,,,,,,,,,,,,,,,,,,,
,,,,,,,,,,,,,,,,,,,,,
,,,,,,,,,,,,,,,,,,,,,
,,,,,,,,,,,,,,,,,,,,,
,,,,,,,,,,,,,,,,,,,,,
,,,,,,,,,,,,,,,,,,,,,
,,,,,,,,,,,,,,,,,,,,,
,,,,,,,,,,,,,,,,,,,,,
,,,,,,,,,,,,,,,,,,,,,
,,,,,,,,,,,,,,,,,,,,,
,,,,,,,,,,,,,,,,,,,,,
,,,,,,,,,,,,,,,,,,,,,
,,,,,,,,,,,,,,,,,,,,,
,,,,,,,,,,,,,,,,,,,,,
,,,,,,,,,,,,,,,,,,,,,
,,,,,,,,,,,,,,,,,,,,,
,,,,,,,,,,,,,,,,,,,,,
,,,,,,,,,,,,,,,,,,,,,
,,,,,,,,,,,,,,,,,,,,,
,,,,,,,,,,,,,,,,,,,,,
,,,,,,,,,,,,,,,,,,,,,
,,,,,,,,,,,,,,,,,,,,,
,,,,,,,,,,,,,,,,,,,,,
,,,,,,,,,,,,,,,,,,,,,
,,,,,,,,,,,,,,,,,,,,,
,,,,,,,,,,,,,,,,,,,,,
,,,,,,,,,,,,,,,,,,,,,
,,,,,,,,,,,,,,,,,,,,,
,,,,,,,,,,,,,,,,,,,,,
,,,,,,,,,,,,,,,,,,,,,
,,,,,,,,,,,,,,,,,,,,,
,,,,,,,,,,,,,,,,,,,,,
,,,,,,,,,,,,,,,,,,,,,
,,,,,,,,,,,,,,,,,,,,,
,,,,,,,,,,,,,,,,,,,,,
,,,,,,,,,,,,,,,,,,,,,
,,,,,,,,,,,,,,,,,,,,,
,,,,,,,,,,,,,,,,,,,,,
,,,,,,,,,,,,,,,,,,,,,
,,,,,,,,,,,,,,,,,,,,,
,,,,,,,,,,,,,,,,,,,,,
,,,,,,,,,,,,,,,,,,,,,
,,,,,,,,,,,,,,,,,,,,,
,,,,,,,,,,,,,,,,,,,,,
,,,,,,,,,,,,,,,,,,,,,
,,,,,,,,,,,,,,,,,,,,,
,,,,,,,,,,,,,,,,,,,,,
,,,,,,,,,,,,,,,,,,,,,
,,,,,,,,,,,,,,,,,,,,,
,,,,,,,,,,,,,,,,,,,,,
,,,,,,,,,,,,,,,,,,,,,
,,,,,,,,,,,,,,,,,,,,,
,,,,,,,,,,,,,,,,,,,,,
,,,,,,,,,,,,,,,,,,,,,
,,,,,,,,,,,,,,,,,,,,,
,,,,,,,,,,,,,,,,,,,,,
,,,,,,,,,,,,,,,,,,,,,
,,,,,,,,,,,,,,,,,,,,,
,,,,,,,,,,,,,,,,,,,,,
,,,,,,,,,,,,,,,,,,,,,
,,,,,,,,,,,,,,,,,,,,,
,,,,,,,,,,,,,,,,,,,,,
,,,,,,,,,,,,,,,,,,,,,
,,,,,,,,,,,,,,,,,,,,,
,,,,,,,,,,,,,,,,,,,,,
,,,,,,,,,,,,,,,,,,,,,
,,,,,,,,,,,,,,,,,,,,,
,,,,,,,,,,,,,,,,,,,,,
,,,,,,,,,,,,,,,,,,,,,
,,,,,,,,,,,,,,,,,,,,,
,,,,,,,,,,,,,,,,,,,,,
,,,,,,,,,,,,,,,,,,,,,
,,,,,,,,,,,,,,,,,,,,,
,,,,,,,,,,,,,,,,,,,,,
,,,,,,,,,,,,,,,,,,,,,
,,,,,,,,,,,,,,,,,,,,,
,,,,,,,,,,,,,,,,,,,,,
,,,,,,,,,,,,,,,,,,,,,
,,,,,,,,,,,,,,,,,,,,,
,,,,,,,,,,,,,,,,,,,,,
,,,,,,,,,,,,,,,,,,,,,
,,,,,,,,,,,,,,,,,,,,,
,,,,,,,,,,,,,,,,,,,,,
,,,,,,,,,,,,,,,,,,,,,
,,,,,,,,,,,,,,,,,,,,,
,,,,,,,,,,,,,,,,,,,,,
,,,,,,,,,,,,,,,,,,,,,
,,,,,,,,,,,,,,,,,,,,,
,,,,,,,,,,,,,,,,,,,,,
,,,,,,,,,,,,,,,,,,,,,
,,,,,,,,,,,,,,,,,,,,,
,,,,,,,,,,,,,,,,,,,,,
,,,,,,,,,,,,,,,,,,,,,
,,,,,,,,,,,,,,,,,,,,,
,,,,,,,,,,,,,,,,,,,,,
,,,,,,,,,,,,,,,,,,,,,
,,,,,,,,,,,,,,,,,,,,,
,,,,,,,,,,,,,,,,,,,,,
,,,,,,,,,,,,,,,,,,,,,
,,,,,,,,,,,,,,,,,,,,,
,,,,,,,,,,,,,,,,,,,,,
,,,,,,,,,,,,,,,,,,,,,
,,,,,,,,,,,,,,,,,,,,,
,,,,,,,,,,,,,,,,,,,,,
,,,,,,,,,,,,,,,,,,,,,
,,,,,,,,,,,,,,,,,,,,,
,,,,,,,,,,,,,,,,,,,,,
,,,,,,,,,,,,,,,,,,,,,
,,,,,,,,,,,,,,,,,,,,,
,,,,,,,,,,,,,,,,,,,,,
,,,,,,,,,,,,,,,,,,,,,
,,,,,,,,,,,,,,,,,,,,,
,,,,,,,,,,,,,,,,,,,,,
,,,,,,,,,,,,,,,,,,,,,
,,,,,,,,,,,,,,,,,,,,,
,,,,,,,,,,,,,,,,,,,,,
,,,,,,,,,,,,,,,,,,,,,
,,,,,,,,,,,,,,,,,,,,,
,,,,,,,,,,,,,,,,,,,,,
,,,,,,,,,,,,,,,,,,,,,
,,,,,,,,,,,,,,,,,,,,,
,,,,,,,,,,,,,,,,,,,,,
,,,,,,,,,,,,,,,,,,,,,
,,,,,,,,,,,,,,,,,,,,,
,,,,,,,,,,,,,,,,,,,,,
,,,,,,,,,,,,,,,,,,,,,
,,,,,,,,,,,,,,,,,,,,,
,,,,,,,,,,,,,,,,,,,,,
,,,,,,,,,,,,,,,,,,,,,
,,,,,,,,,,,,,,,,,,,,,
,,,,,,,,,,,,,,,,,,,,,
,,,,,,,,,,,,,,,,,,,,,
,,,,,,,,,,,,,,,,,,,,,
,,,,,,,,,,,,,,,,,,,,,
,,,,,,,,,,,,,,,,,,,,,
,,,,,,,,,,,,,,,,,,,,,
,,,,,,,,,,,,,,,,,,,,,
,,,,,,,,,,,,,,,,,,,,,
,,,,,,,,,,,,,,,,,,,,,
,,,,,,,,,,,,,,,,,,,,,
,,,,,,,,,,,,,,,,,,,,,
,,,,,,,,,,,,,,,,,,,,,
,,,,,,,,,,,,,,,,,,,,,
,,,,,,,,,,,,,,,,,,,,,
,,,,,,,,,,,,,,,,,,,,,
,,,,,,,,,,,,,,,,,,,,,
,,,,,,,,,,,,,,,,,,,,,
,,,,,,,,,,,,,,,,,,,,,
,,,,,,,,,,,,,,,,,,,,,
,,,,,,,,,,,,,,,,,,,,,
,,,,,,,,,,,,,,,,,,,,,
,,,,,,,,,,,,,,,,,,,,,
,,,,,,,,,,,,,,,,,,,,,
,,,,,,,,,,,,,,,,,,,,,
,,,,,,,,,,,,,,,,,,,,,
,,,,,,,,,,,,,,,,,,,,,
,,,,,,,,,,,,,,,,,,,,,
,,,,,,,,,,,,,,,,,,,,,
,,,,,,,,,,,,,,,,,,,,,
,,,,,,,,,,,,,,,,,,,,,
,,,,,,,,,,,,,,,,,,,,,
,,,,,,,,,,,,,,,,,,,,,
,,,,,,,,,,,,,,,,,,,,,
,,,,,,,,,,,,,,,,,,,,,
,,,,,,,,,,,,,,,,,,,,,
,,,,,,,,,,,,,,,,,,,,,
,,,,,,,,,,,,,,,,,,,,,
,,,,,,,,,,,,,,,,,,,,,
,,,,,,,,,,,,,,,,,,,,,
,,,,,,,,,,,,,,,,,,,,,
,,,,,,,,,,,,,,,,,,,,,
,,,,,,,,,,,,,,,,,,,,,
,,,,,,,,,,,,,,,,,,,,,
,,,,,,,,,,,,,,,,,,,,,
,,,,,,,,,,,,,,,,,,,,,
,,,,,,,,,,,,,,,,,,,,,
,,,,,,,,,,,,,,,,,,,,,
,,,,,,,,,,,,,,,,,,,,,
,,,,,,,,,,,,,,,,,,,,,
,,,,,,,,,,,,,,,,,,,,,
,,,,,,,,,,,,,,,,,,,,,
,,,,,,,,,,,,,,,,,,,,,
,,,,,,,,,,,,,,,,,,,,,
,,,,,,,,,,,,,,,,,,,,,
,,,,,,,,,,,,,,,,,,,,,
,,,,,,,,,,,,,,,,,,,,,
,,,,,,,,,,,,,,,,,,,,,
,,,,,,,,,,,,,,,,,,,,,
,,,,,,,,,,,,,,,,,,,,,
,,,,,,,,,,,,,,,,,,,,,
,,,,,,,,,,,,,,,,,,,,,
,,,,,,,,,,,,,,,,,,,,,
,,,,,,,,,,,,,,,,,,,,,
,,,,,,,,,,,,,,,,,,,,,
,,,,,,,,,,,,,,,,,,,,,
,,,,,,,,,,,,,,,,,,,,,
,,,,,,,,,,,,,,,,,,,,,
,,,,,,,,,,,,,,,,,,,,,
,,,,,,,,,,,,,,,,,,,,,
,,,,,,,,,,,,,,,,,,,,,
,,,,,,,,,,,,,,,,,,,,,
,,,,,,,,,,,,,,,,,,,,,
,,,,,,,,,,,,,,,,,,,,,
,,,,,,,,,,,,,,,,,,,,,
,,,,,,,,,,,,,,,,,,,,,
,,,,,,,,,,,,,,,,,,,,,
,,,,,,,,,,,,,,,,,,,,,
,,,,,,,,,,,,,,,,,,,,,
,,,,,,,,,,,,,,,,,,,,,
,,,,,,,,,,,,,,,,,,,,,
,,,,,,,,,,,,,,,,,,,,,
,,,,,,,,,,,,,,,,,,,,,
,,,,,,,,,,,,,,,,,,,,,
,,,,,,,,,,,,,,,,,,,,,
,,,,,,,,,,,,,,,,,,,,,
,,,,,,,,,,,,,,,,,,,,,
,,,,,,,,,,,,,,,,,,,,,
,,,,,,,,,,,,,,,,,,,,,
,,,,,,,,,,,,,,,,,,,,,
,,,,,,,,,,,,,,,,,,,,,
,,,,,,,,,,,,,,,,,,,,,
,,,,,,,,,,,,,,,,,,,,,
,,,,,,,,,,,,,,,,,,,,,
,,,,,,,,,,,,,,,,,,,,,
,,,,,,,,,,,,,,,,,,,,,
,,,,,,,,,,,,,,,,,,,,,
,,,,,,,,,,,,,,,,,,,,,
,,,,,,,,,,,,,,,,,,,,,
,,,,,,,,,,,,,,,,,,,,,
,,,,,,,,,,,,,,,,,,,,,
,,,,,,,,,,,,,,,,,,,,,
,,,,,,,,,,,,,,,,,,,,,
,,,,,,,,,,,,,,,,,,,,,
,,,,,,,,,,,,,,,,,,,,,
,,,,,,,,,,,,,,,,,,,,,
,,,,,,,,,,,,,,,,,,,,,
,,,,,,,,,,,,,,,,,,,,,
,,,,,,,,,,,,,,,,,,,,,
,,,,,,,,,,,,,,,,,,,,,
,,,,,,,,,,,,,,,,,,,,,
,,,,,,,,,,,,,,,,,,,,,
,,,,,,,,,,,,,,,,,,,,,
,,,,,,,,,,,,,,,,,,,,,
,,,,,,,,,,,,,,,,,,,,,
,,,,,,,,,,,,,,,,,,,,,
,,,,,,,,,,,,,,,,,,,,,
,,,,,,,,,,,,,,,,,,,,,
,,,,,,,,,,,,,,,,,,,,,
,,,,,,,,,,,,,,,,,,,,,
,,,,,,,,,,,,,,,,,,,,,
,,,,,,,,,,,,,,,,,,,,,
,,,,,,,,,,,,,,,,,,,,,
,,,,,,,,,,,,,,,,,,,,,
,,,,,,,,,,,,,,,,,,,,,
,,,,,,,,,,,,,,,,,,,,,
,,,,,,,,,,,,,,,,,,,,,
,,,,,,,,,,,,,,,,,,,,,
,,,,,,,,,,,,,,,,,,,,,
,,,,,,,,,,,,,,,,,,,,,
,,,,,,,,,,,,,,,,,,,,,
,,,,,,,,,,,,,,,,,,,,,
,,,,,,,,,,,,,,,,,,,,,
,,,,,,,,,,,,,,,,,,,,,
,,,,,,,,,,,,,,,,,,,,,
,,,,,,,,,,,,,,,,,,,,,
,,,,,,,,,,,,,,,,,,,,,
,,,,,,,,,,,,,,,,,,,,,
,,,,,,,,,,,,,,,,,,,,,
,,,,,,,,,,,,,,,,,,,,,
,,,,,,,,,,,,,,,,,,,,,
,,,,,,,,,,,,,,,,,,,,,
,,,,,,,,,,,,,,,,,,,,,
,,,,,,,,,,,,,,,,,,,,,
,,,,,,,,,,,,,,,,,,,,,
,,,,,,,,,,,,,,,,,,,,,
,,,,,,,,,,,,,,,,,,,,,
,,,,,,,,,,,,,,,,,,,,,
,,,,,,,,,,,,,,,,,,,,,
,,,,,,,,,,,,,,,,,,,,,
,,,,,,,,,,,,,,,,,,,,,
,,,,,,,,,,,,,,,,,,,,,
,,,,,,,,,,,,,,,,,,,,,
,,,,,,,,,,,,,,,,,,,,,
,,,,,,,,,,,,,,,,,,,,,
,,,,,,,,,,,,,,,,,,,,,
,,,,,,,,,,,,,,,,,,,,,
,,,,,,,,,,,,,,,,,,,,,
,,,,,,,,,,,,,,,,,,,,,
,,,,,,,,,,,,,,,,,,,,,
,,,,,,,,,,,,,,,,,,,,,
,,,,,,,,,,,,,,,,,,,,,
,,,,,,,,,,,,,,,,,,,,,
,,,,,,,,,,,,,,,,,,,,,
,,,,,,,,,,,,,,,,,,,,,
,,,,,,,,,,,,,,,,,,,,,
,,,,,,,,,,,,,,,,,,,,,
,,,,,,,,,,,,,,,,,,,,,
,,,,,,,,,,,,,,,,,,,,,
,,,,,,,,,,,,,,,,,,,,,
,,,,,,,,,,,,,,,,,,,,,
,,,,,,,,,,,,,,,,,,,,,
,,,,,,,,,,,,,,,,,,,,,
,,,,,,,,,,,,,,,,,,,,,
,,,,,,,,,,,,,,,,,,,,,
,,,,,,,,,,,,,,,,,,,,,
,,,,,,,,,,,,,,,,,,,,,
,,,,,,,,,,,,,,,,,,,,,
,,,,,,,,,,,,,,,,,,,,,
,,,,,,,,,,,,,,,,,,,,,
,,,,,,,,,,,,,,,,,,,,,
,,,,,,,,,,,,,,,,,,,,,
,,,,,,,,,,,,,,,,,,,,,
,,,,,,,,,,,,,,,,,,,,,
,,,,,,,,,,,,,,,,,,,,,
,,,,,,,,,,,,,,,,,,,,,
,,,,,,,,,,,,,,,,,,,,,
,,,,,,,,,,,,,,,,,,,,,
,,,,,,,,,,,,,,,,,,,,,
,,,,,,,,,,,,,,,,,,,,,
,,,,,,,,,,,,,,,,,,,,,
,,,,,,,,,,,,,,,,,,,,,
,,,,,,,,,,,,,,,,,,,,,
,,,,,,,,,,,,,,,,,,,,,
,,,,,,,,,,,,,,,,,,,,,
,,,,,,,,,,,,,,,,,,,,,
,,,,,,,,,,,,,,,,,,,,,
,,,,,,,,,,,,,,,,,,,,,
,,,,,,,,,,,,,,,,,,,,,
,,,,,,,,,,,,,,,,,,,,,
,,,,,,,,,,,,,,,,,,,,,
,,,,,,,,,,,,,,,,,,,,,
,,,,,,,,,,,,,,,,,,,,,
,,,,,,,,,,,,,,,,,,,,,
,,,,,,,,,,,,,,,,,,,,,
,,,,,,,,,,,,,,,,,,,,,
,,,,,,,,,,,,,,,,,,,,,
,,,,,,,,,,,,,,,,,,,,,
,,,,,,,,,,,,,,,,,,,,,
,,,,,,,,,,,,,,,,,,,,,
,,,,,,,,,,,,,,,,,,,,,
,,,,,,,,,,,,,,,,,,,,,
,,,,,,,,,,,,,,,,,,,,,
,,,,,,,,,,,,,,,,,,,,,
,,,,,,,,,,,,,,,,,,,,,
,,,,,,,,,,,,,,,,,,,,,
,,,,,,,,,,,,,,,,,,,,,
,,,,,,,,,,,,,,,,,,,,,
,,,,,,,,,,,,,,,,,,,,,
,,,,,,,,,,,,,,,,,,,,,
,,,,,,,,,,,,,,,,,,,,,
,,,,,,,,,,,,,,,,,,,,,
,,,,,,,,,,,,,,,,,,,,,
,,,,,,,,,,,,,,,,,,,,,
,,,,,,,,,,,,,,,,,,,,,
,,,,,,,,,,,,,,,,,,,,,
,,,,,,,,,,,,,,,,,,,,,
,,,,,,,,,,,,,,,,,,,,,
,,,,,,,,,,,,,,,,,,,,,
,,,,,,,,,,,,,,,,,,,,,
,,,,,,,,,,,,,,,,,,,,,
,,,,,,,,,,,,,,,,,,,,,
,,,,,,,,,,,,,,,,,,,,,
,,,,,,,,,,,,,,,,,,,,,
,,,,,,,,,,,,,,,,,,,,,
,,,,,,,,,,,,,,,,,,,,,
,,,,,,,,,,,,,,,,,,,,,
,,,,,,,,,,,,,,,,,,,,,
,,,,,,,,,,,,,,,,,,,,,
,,,,,,,,,,,,,,,,,,,,,
,,,,,,,,,,,,,,,,,,,,,
,,,,,,,,,,,,,,,,,,,,,
,,,,,,,,,,,,,,,,,,,,,
,,,,,,,,,,,,,,,,,,,,,
,,,,,,,,,,,,,,,,,,,,,
,,,,,,,,,,,,,,,,,,,,,
,,,,,,,,,,,,,,,,,,,,,
,,,,,,,,,,,,,,,,,,,,,
,,,,,,,,,,,,,,,,,,,,,
,,,,,,,,,,,,,,,,,,,,,
,,,,,,,,,,,,,,,,,,,,,
,,,,,,,,,,,,,,,,,,,,,
,,,,,,,,,,,,,,,,,,,,,
,,,,,,,,,,,,,,,,,,,,,
,,,,,,,,,,,,,,,,,,,,,
,,,,,,,,,,,,,,,,,,,,,
,,,,,,,,,,,,,,,,,,,,,
,,,,,,,,,,,,,,,,,,,,,
,,,,,,,,,,,,,,,,,,,,,
,,,,,,,,,,,,,,,,,,,,,
,,,,,,,,,,,,,,,,,,,,,
,,,,,,,,,,,,,,,,,,,,,
,,,,,,,,,,,,,,,,,,,,,
,,,,,,,,,,,,,,,,,,,,,
,,,,,,,,,,,,,,,,,,,,,
,,,,,,,,,,,,,,,,,,,,,
,,,,,,,,,,,,,,,,,,,,,
,,,,,,,,,,,,,,,,,,,,,
,,,,,,,,,,,,,,,,,,,,,
,,,,,,,,,,,,,,,,,,,,,
,,,,,,,,,,,,,,,,,,,,,
,,,,,,,,,,,,,,,,,,,,,
,,,,,,,,,,,,,,,,,,,,,
,,,,,,,,,,,,,,,,,,,,,
,,,,,,,,,,,,,,,,,,,,,
,,,,,,,,,,,,,,,,,,,,,
,,,,,,,,,,,,,,,,,,,,,
,,,,,,,,,,,,,,,,,,,,,
,,,,,,,,,,,,,,,,,,,,,
,,,,,,,,,,,,,,,,,,,,,
,,,,,,,,,,,,,,,,,,,,,
,,,,,,,,,,,,,,,,,,,,,
,,,,,,,,,,,,,,,,,,,,,
,,,,,,,,,,,,,,,,,,,,,
,,,,,,,,,,,,,,,,,,,,,
,,,,,,,,,,,,,,,,,,,,,
,,,,,,,,,,,,,,,,,,,,,
,,,,,,,,,,,,,,,,,,,,,
,,,,,,,,,,,,,,,,,,,,,
,,,,,,,,,,,,,,,,,,,,,
,,,,,,,,,,,,,,,,,,,,,
,,,,,,,,,,,,,,,,,,,,,
,,,,,,,,,,,,,,,,,,,,,
,,,,,,,,,,,,,,,,,,,,,
,,,,,,,,,,,,,,,,,,,,,
,,,,,,,,,,,,,,,,,,,,,
,,,,,,,,,,,,,,,,,,,,,
,,,,,,,,,,,,,,,,,,,,,
,,,,,,,,,,,,,,,,,,,,,
,,,,,,,,,,,,,,,,,,,,,
,,,,,,,,,,,,,,,,,,,,,
,,,,,,,,,,,,,,,,,,,,,
,,,,,,,,,,,,,,,,,,,,,
,,,,,,,,,,,,,,,,,,,,,
,,,,,,,,,,,,,,,,,,,,,
,,,,,,,,,,,,,,,,,,,,,
,,,,,,,,,,,,,,,,,,,,,
,,,,,,,,,,,,,,,,,,,,,
,,,,,,,,,,,,,,,,,,,,,
,,,,,,,,,,,,,,,,,,,,,
,,,,,,,,,,,,,,,,,,,,,
,,,,,,,,,,,,,,,,,,,,,
,,,,,,,,,,,,,,,,,,,,,
,,,,,,,,,,,,,,,,,,,,,
,,,,,,,,,,,,,,,,,,,,,
,,,,,,,,,,,,,,,,,,,,,
,,,,,,,,,,,,,,,,,,,,,
,2026-08-26,GRSE.NS,77.19,86.14,1.0,42.2,0.0,0.0,0.2383,35.5,37.8,0.0,0.0,0.4828,1.0,0.0,1.0,0.0,0.0,1.0,1.0
,2026-08-26,AARTIIND.NS,77.0,86.41,1.0,48.4,0.0,0.0,0.0877,38.4,38.6,0.0,0.0,-0.7459,0.0,0.0,0.0,1.0,1.0,1.0,1.0
,2026-08-26,LT.NS,76.18,84.76,1.0,46.0,0.0,0.0,0.3269,43.0,40.2,0.0,0.0,-0.2749,0.0,1.0,0.0,1.0,1.0,0.0,0.0
,2026-08-26,MARICO.NS,74.86,94.13,1.0,46.3,0.0,0.0,0.2953,52.5,50.8,0.0,0.0,0.06,1.0,0.0,1.0,0.0,0.0,1.0,1.0
,2026-08-26,BALKRISIND.NS,74.74,86.26,1.0,43.7,0.0,0.0,0.3449,54.7,51.3,0.0,0.0,1.0092,1.0,0.0,1.0,0.0,0.0,1.0,1.0
,2026-08-26,ADANIPOWER.NS,74.59,74.09,1.0,44.8,0.0,0.0,0.1385,27.6,34.5,0.0,0.0,3.7645,1.0,0.0,1.0,0.0,0.0,1.0,1.0
,2026-08-26,MUTHOOTFIN.NS,73.32,81.18,1.0,42.8,0.0,0.0,-0.1284,44.2,41.4,0.0,0.0,-3.8012,0.0,0.0,0.0,1.0,1.0,1.0,1.0
,2026-08-26,NESTLEIND.NS,71.7,76.38,1.0,46.6,0.0,0.0,0.2468,51.6,50.0,0.0,0.0,-0.1033,0.0,1.0,0.0,1.0,1.0,0.0,0.0
,2026-08-26,AJANTPHARM.NS,71.24,86.08,1.0,49.3,0.0,0.0,0.386,50.6,50.2,0.0,0.0,-0.2309,0.0,1.0,0.0,1.0,1.0,0.0,0.0
,2026-08-26,SIEMENS.NS,71.18,66.1,0.0,42.0,0.0,0.0,-0.1564,32.9,35.0,0.0,0.0,1.2862,1.0,0.0,0.0,0.0,0.0,1.0,1.0
,2026-08-26,ONGC.NS,70.47,70.29,1.0,44.4,0.0,0.0,0.0658,40.3,43.8,0.0,0.0,-0.0904,0.0,0.0,0.0,1.0,1.0,1.0,1.0
,2026-08-26,NTPC.NS,70.26,73.67,1.0,46.2,0.0,0.0,0.2244,35.2,38.0,0.0,0.0,-1.1058,0.0,0.0,0.0,1.0,1.0,1.0,1.0
,2026-08-26,SJVN.NS,69.88,60.25,0.0,42.7,0.0,0.0,-0.0214,28.5,34.6,0.0,0.0,-0.896,0.0,0.0,1.0,1.0,1.0,1.0,1.0
,2026-08-26,COFORGE.NS,69.34,81.86,1.0,44.2,0.0,0.0,0.3659,42.8,41.2,0.0,0.0,1.1596,1.0,1.0,1.0,0.0,0.0,0.0,0.0
,2026-08-26,SUNTV.NS,69.31,70.03,1.0,48.7,0.0,0.0,0.2509,47.8,49.9,0.0,0.0,-0.258,0.0,1.0,0.0,1.0,1.0,0.0,0.0
,2026-08-26,DATAPATTNS.NS,69.19,70.07,1.0,54.0,0.0,0.0,0.3616,39.4,41.3,0.0,0.0,-2.358,0.0,0.0,0.0,1.0,1.0,1.0,1.0
,2026-08-26,HAVELLS.NS,69.12,80.71,1.0,51.0,0.0,0.0,0.2455,50.3,49.4,0.0,0.0,-1.4062,0.0,0.0,0.0,1.0,1.0,1.0,1.0
,2026-08-26,SOLARINDS.NS,68.75,63.67,0.0,43.3,0.0,0.0,0.1432,33.6,35.4,0.0,0.0,2.4033,1.0,1.0,0.0,0.0,0.0,0.0,0.0
,2026-08-26,ADANIGREEN.NS,68.71,73.24,1.0,46.1,0.0,0.0,0.3264,44.3,44.8,0.0,0.0,1.9414,1.0,0.0,1.0,0.0,0.0,1.0,1.0
,2026-08-26,GODREJPROP.NS,67.7,75.21,1.0,45.0,0.0,0.0,0.2592,54.8,51.2,0.0,0.0,1.6854,1.0,0.0,1.0,0.0,0.0,1.0,1.0
,2026-08-26,BAJAJ-AUTO.NS,67.62,72.28,1.0,43.1,0.0,0.0,0.2153,43.3,44.6,0.0,0.0,-0.0341,0.0,1.0,0.0,1.0,1.0,0.0,0.0
,2026-08-26,APOLLOHOSP.NS,67.6,79.65,1.0,44.8,0.0,0.0,0.3063,46.7,42.5,0.0,0.0,0.3821,1.0,1.0,1.0,0.0,0.0,0.0,0.0
,2026-08-26,BIOCON.NS,67.36,91.36,1.0,45.6,0.0,0.0,0.477,58.1,56.7,1.0,1.0,0.2156,1.0,0.0,1.0,0.0,0.0,0.0,0.0
,2026-08-26,TIINDIA.NS,67.31,61.92,0.0,42.8,0.0,0.0,0.2246,34.5,36.7,0.0,0.0,0.3497,1.0,0.0,0.0,0.0,0.0,1.0,1.0
,2026-08-26,IOB.NS,67.22,60.52,0.0,45.9,0.0,0.0,0.0519,38.9,44.1,0.0,0.0,-0.6042,0.0,0.0,1.0,1.0,1.0,1.0,1.0
,2026-08-26,EICHERMOT.NS,67.2,69.16,0.0,45.5,0.0,0.0,0.3078,46.9,45.8,0.0,0.0,0.809,1.0,0.0,0.0,0.0,0.0,1.0,1.0
,2026-08-26,BHARATFORG.NS,66.93,66.57,0.0,46.9,0.0,0.0,0.3497,51.9,52.2,0.0,0.0,2.2444,1.0,1.0,0.0,0.0,0.0,0.0,0.0
,2026-08-26,POWERGRID.NS,66.73,62.07,0.0,46.7,0.0,0.0,0.2313,37.3,39.6,0.0,0.0,-0.1131,0.0,0.0,1.0,1.0,1.0,1.0,1.0
,2026-08-26,BLUESTARCO.NS,66.62,75.82,1.0,45.0,0.0,0.0,0.3313,47.1,46.5,0.0,0.0,0.8081,1.0,0.0,1.0,0.0,0.0,1.0,1.0
,2026-08-26,KAYNES.NS,66.47,71.56,1.0,46.6,0.0,0.0,0.4168,44.9,43.9,0.0,0.0,-0.3274,0.0,0.0,0.0,1.0,1.0,1.0,1.0
,2026-08-26,ZYDUSLIFE.NS,66.46,65.08,0.0,45.6,0.0,0.0,0.3078,47.6,48.1,0.0,0.0,3.4087,1.0,1.0,0.0,0.0,0.0,0.0,0.0
,2026-08-26,BEL.NS,66.39,60.03,0.0,43.4,0.0,0.0,0.2746,33.0,37.0,0.0,0.0,1.0076,1.0,1.0,0.0,0.0,0.0,0.0,0.0
,2026-08-26,INDHOTEL.NS,66.02,64.1,0.0,42.9,0.0,0.0,0.1406,31.7,36.1,0.0,0.0,-0.3467,0.0,1.0,1.0,1.0,1.0,0.0,0.0
,2026-08-26,NAUKRI.NS,65.98,60.51,0.0,45.3,0.0,0.0,0.2604,42.7,43.3,0.0,0.0,0.4911,1.0,0.0,0.0,0.0,0.0,1.0,1.0
,2026-08-26,HDFCLIFE.NS,65.97,72.48,1.0,49.0,0.0,0.0,0.2769,37.7,38.9,0.0,0.0,-0.9042,0.0,0.0,0.0,1.0,1.0,1.0,1.0
,2026-08-26,PERSISTENT.NS,65.94,79.89,1.0,51.5,0.0,0.0,0.3164,48.0,47.6,0.0,0.0,1.1359,1.0,1.0,1.0,0.0,0.0,0.0,0.0
,2026-08-26,ETERNAL.NS,65.81,66.01,0.0,39.9,0.0,0.0,0.2305,31.1,36.0,0.0,0.0,0.4587,1.0,1.0,0.0,0.0,0.0,0.0,0.0
,2026-08-26,LTM.NS,65.79,66.36,0.0,42.2,0.0,0.0,0.2457,50.7,50.2,0.0,0.0,0.0897,1.0,1.0,0.0,0.0,0.0,0.0,0.0
,2026-08-26,ALKEM.NS,65.59,73.85,1.0,47.8,0.0,0.0,0.3198,53.0,51.2,0.0,0.0,0.3111,1.0,1.0,1.0,0.0,0.0,0.0,0.0
,2026-08-26,DIXON.NS,65.47,63.78,0.0,43.6,0.0,0.0,0.3762,36.3,40.1,0.0,0.0,-0.1629,0.0,1.0,1.0,1.0,1.0,0.0,0.0
,2026-08-26,AMBER.NS,65.47,62.79,0.0,39.7,0.0,0.0,0.1726,34.3,36.8,0.0,0.0,3.1476,1.0,1.0,0.0,0.0,0.0,0.0,0.0
,2026-08-26,AXISBANK.NS,65.41,66.05,0.0,47.2,0.0,0.0,0.3219,40.1,41.9,0.0,0.0,0.0797,1.0,1.0,0.0,0.0,0.0,0.0,0.0
,2026-08-26,HINDALCO.NS,64.97,70.09,0.0,46.4,0.0,0.0,0.1295,45.0,44.8,0.0,0.0,-2.754,0.0,0.0,1.0,1.0,1.0,1.0,1.0
,2026-08-26,IDEA.NS,64.93,58.98,0.0,41.5,0.0,0.0,0.0389,27.6,34.1,0.0,0.0,-0.5976,0.0,0.0,1.0,1.0,1.0,1.0,1.0
,2026-08-26,IOC.NS,64.87,63.91,0.0,42.9,0.0,0.0,0.0662,41.6,43.0,0.0,0.0,-1.3694,0.0,0.0,1.0,1.0,1.0,1.0,1.0
,2026-08-26,MMTC.NS,64.57,58.81,0.0,48.8,0.0,0.0,0.2049,38.2,39.4,0.0,0.0,-0.7966,0.0,0.0,1.0,1.0,1.0,1.0,1.0
,2026-08-26,HDFCBANK.NS,64.2,60.62,0.0,45.0,0.0,0.0,0.0952,35.3,37.6,0.0,0.0,-2.2277,0.0,0.0,1.0,1.0,1.0,1.0,1.0
,2026-08-26,TATAELXSI.NS,63.92,77.56,0.0,50.7,0.0,0.0,0.3457,47.6,49.5,0.0,0.0,-0.4603,0.0,0.0,1.0,1.0,1.0,1.0,1.0
,2026-08-26,BHEL.NS,63.69,52.65,0.0,41.1,0.0,0.0,0.047,33.0,37.2,0.0,0.0,4.4404,1.0,1.0,0.0,0.0,0.0,0.0,0.0
,2026-08-26,BHARTIARTL.NS,63.52,57.26,0.0,43.7,0.0,0.0,0.1779,45.2,43.6,0.0,0.0,-1.2512,0.0,0.0,1.0,1.0,1.0,1.0,1.0
,2026-08-26,KOTAKBANK.NS,63.4,63.83,0.0,43.6,0.0,0.0,0.2348,33.9,36.7,0.0,0.0,1.7999,1.0,1.0,0.0,0.0,0.0,0.0,0.0
,2026-08-26,SHREECEM.NS,62.66,64.97,0.0,46.8,0.0,0.0,0.4,53.0,50.2,0.0,0.0,-1.5484,0.0,0.0,1.0,1.0,1.0,1.0,1.0
,2026-08-26,HEROMOTOCO.NS,62.53,59.2,0.0,52.3,0.0,0.0,0.2378,49.4,50.1,0.0,0.0,-0.8043,0.0,0.0,1.0,1.0,1.0,1.0,1.0
,2026-08-26,CUMMINSIND.NS,62.53,61.42,0.0,42.5,0.0,0.0,0.0721,44.5,46.7,0.0,0.0,-0.1923,0.0,0.0,1.0,1.0,1.0,1.0,1.0
,2026-08-26,HINDUNILVR.NS,62.49,64.65,0.0,49.2,0.0,0.0,0.1598,50.3,50.2,0.0,0.0,-0.5938,0.0,0.0,1.0,1.0,1.0,1.0,1.0
,2026-08-26,POLICYBZR.NS,62.34,67.95,0.0,48.3,0.0,0.0,0.2699,43.6,41.0,0.0,0.0,-0.1141,0.0,1.0,1.0,1.0,1.0,0.0,0.0
,2026-08-26,ANGELONE.NS,62.3,61.55,0.0,46.9,0.0,0.0,0.3063,38.8,39.3,0.0,0.0,-0.9871,0.0,0.0,1.0,1.0,1.0,1.0,1.0
,2026-08-26,RADICO.NS,62.2,58.38,0.0,45.0,0.0,0.0,0.2356,48.7,47.9,0.0,0.0,-0.1734,0.0,0.0,1.0,1.0,1.0,1.0,1.0
,2026-08-26,GRANULES.NS,62.04,65.65,0.0,48.8,0.0,0.0,0.1539,52.4,47.9,0.0,0.0,0.495,1.0,1.0,0.0,0.0,0.0,0.0,0.0
,2026-08-26,JSWSTEEL.NS,62.01,57.56,0.0,48.5,0.0,0.0,0.0164,36.9,37.4,0.0,0.0,-0.261,0.0,0.0,1.0,1.0,1.0,1.0,1.0
,2026-08-26,BERGEPAINT.NS,61.98,74.64,0.0,54.8,0.0,0.0,0.3712,43.7,49.6,0.0,0.0,-0.536,0.0,0.0,1.0,1.0,1.0,1.0,1.0
,2026-08-26,DMART.NS,61.82,61.8,0.0,48.0,0.0,0.0,0.0729,36.4,40.8,0.0,0.0,0.5357,1.0,1.0,0.0,0.0,0.0,0.0,0.0
,2026-08-26,ADANIENT.NS,61.73,55.02,0.0,45.5,0.0,0.0,0.2375,36.7,37.9,0.0,0.0,1.8316,1.0,0.0,0.0,0.0,0.0,1.0,1.0
,2026-08-26,WIPRO.NS,61.7,73.95,0.0,51.8,0.0,0.0,0.2887,52.7,52.6,0.0,0.0,-0.5357,0.0,1.0,1.0,1.0,1.0,0.0,0.0
,2026-08-26,DELTACORP.NS,61.62,66.36,0.0,46.0,0.0,0.0,0.2462,52.1,50.1,0.0,0.0,-1.4493,0.0,0.0,1.0,1.0,1.0,1.0,1.0
,2026-08-26,TITAN.NS,61.18,61.68,0.0,44.3,0.0,0.0,0.2002,48.4,45.7,0.0,0.0,0.7706,1.0,1.0,0.0,0.0,0.0,0.0,0.0
,2026-08-26,SUZLON.NS,60.97,61.36,0.0,48.0,0.0,0.0,0.0295,34.7,39.5,0.0,0.0,-0.2769,0.0,1.0,1.0,1.0,1.0,0.0,0.0
,2026-08-26,M&M.NS,60.95,59.03,0.0,44.8,0.0,0.0,0.2951,48.6,46.5,0.0,0.0,-2.0069,0.0,0.0,1.0,1.0,1.0,1.0,1.0
,2026-08-26,COCHINSHIP.NS,60.88,65.63,0.0,43.0,0.0,0.0,0.0142,37.9,37.9,0.0,0.0,-0.2586,0.0,0.0,1.0,1.0,1.0,1.0,1.0
,2026-08-26,ABB.NS,60.69,53.62,0.0,42.0,0.0,0.0,0.119,43.5,45.2,0.0,0.0,-1.5639,0.0,1.0,1.0,1.0,1.0,0.0,0.0
,2026-08-26,MAXHEALTH.NS,60.68,62.63,0.0,49.0,0.0,0.0,0.294,49.1,49.5,0.0,0.0,0.398,1.0,1.0,0.0,0.0,0.0,0.0,0.0
,2026-08-26,TORNTPHARM.NS,60.34,63.52,0.0,46.3,0.0,0.0,0.2431,45.6,44.8,0.0,0.0,2.229,1.0,1.0,0.0,0.0,0.0,0.0,0.0
,2026-08-26,HAL.NS,60.31,56.04,0.0,50.0,0.0,0.0,0.3125,47.9,47.2,0.0,0.0,0.6885,1.0,0.0,0.0,0.0,0.0,1.0,1.0
,2026-08-26,IEX.NS,60.2,61.55,0.0,48.1,0.0,0.0,0.1856,49.3,47.4,0.0,0.0,0.0,0.0,0.0,1.0,1.0,1.0,1.0,1.0
,2026-08-26,MARUTI.NS,60.17,52.57,0.0,44.0,0.0,0.0,-0.0888,36.9,39.8,0.0,0.0,-0.5917,0.0,1.0,1.0,1.0,1.0,0.0,0.0
,2026-08-26,VEDL.NS,60.11,52.61,0.0,49.4,0.0,0.0,0.2272,38.2,38.8,0.0,0.0,-1.9197,0.0,0.0,1.0,1.0,1.0,1.0,1.0
,2026-08-26,TATAPOWER.NS,60.01,61.13,0.0,47.8,0.0,0.0,0.0673,39.8,45.0,0.0,0.0,-3.2967,0.0,0.0,1.0,1.0,1.0,1.0,1.0
,2026-08-26,MAZDOCK.NS,59.72,54.15,0.0,46.0,0.0,0.0,0.2099,40.3,40.2,0.0,0.0,-1.4095,0.0,0.0,1.0,1.0,1.0,1.0,1.0
,2026-08-26,ASIANPAINT.NS,59.64,57.3,0.0,48.7,0.0,0.0,0.2187,55.7,54.1,1.0,0.0,0.1713,1.0,1.0,0.0,0.0,0.0,1.0,0.0
,2026-08-26,ADANIENSOL.NS,59.02,55.93,0.0,45.4,0.0,0.0,0.1661,54.5,50.5,0.0,0.0,2.9608,1.0,0.0,0.0,0.0,0.0,1.0,1.0
,2026-08-26,BAJFINANCE.NS,58.67,54.79,0.0,47.1,0.0,0.0,0.2478,48.2,48.2,0.0,0.0,-0.1843,0.0,0.0,1.0,1.0,1.0,1.0,1.0
,2026-08-26,BAJAJFINSV.NS,58.59,54.07,0.0,48.7,0.0,0.0,0.242,46.8,48.9,0.0,0.0,0.0498,1.0,1.0,0.0,0.0,0.0,0.0,0.0
,2026-08-26,TATACONSUM.NS,58.39,55.47,0.0,45.5,0.0,0.0,0.0921,42.7,44.1,0.0,0.0,-0.4871,0.0,0.0,1.0,1.0,1.0,1.0,1.0
,2026-08-26,DLF.NS,58.34,54.05,0.0,47.8,0.0,0.0,0.021,35.8,37.4,0.0,0.0,0.5428,1.0,1.0,0.0,0.0,0.0,0.0,0.0
,2026-08-26,APLAPOLLO.NS,58.32,52.65,0.0,47.1,0.0,0.0,0.1628,37.0,37.7,0.0,0.0,1.3432,1.0,1.0,0.0,0.0,0.0,0.0,0.0
,2026-08-26,NHPC.NS,58.18,57.06,0.0,43.9,0.0,0.0,0.0605,37.4,40.5,0.0,0.0,0.4066,1.0,1.0,0.0,0.0,0.0,0.0,0.0
,2026-08-26,RELIANCE.NS,57.88,53.93,0.0,46.3,0.0,0.0,0.2882,40.2,39.0,0.0,0.0,-1.2173,0.0,0.0,1.0,1.0,1.0,1.0,1.0
,2026-08-26,OBEROIRLTY.NS,57.67,55.7,0.0,43.5,0.0,0.0,0.2561,40.2,39.1,0.0,0.0,0.1551,1.0,0.0,0.0,0.0,0.0,1.0,1.0
,2026-08-26,ADANIPORTS.NS,57.44,54.06,0.0,41.5,0.0,0.0,0.2649,26.4,32.6,0.0,0.0,1.3302,1.0,0.0,0.0,0.0,0.0,1.0,1.0
,2026-08-26,TATASTEEL.NS,57.35,55.93,0.0,44.0,0.0,0.0,0.0787,40.2,39.3,0.0,0.0,-0.6436,0.0,0.0,1.0,1.0,1.0,1.0,1.0
,2026-08-26,SAIL.NS,57.3,55.12,0.0,48.0,0.0,0.0,-0.0747,42.1,41.2,0.0,0.0,-0.9749,0.0,1.0,1.0,1.0,1.0,0.0,0.0
,2026-08-26,JPPOWER.NS,57.22,54.93,0.0,47.6,0.0,0.0,0.1601,45.0,46.7,0.0,0.0,-0.3534,0.0,0.0,1.0,1.0,1.0,1.0,1.0
,2026-08-26,EMAMILTD.NS,56.95,54.34,0.0,45.8,0.0,0.0,0.0348,31.8,36.0,0.0,0.0,-3.4251,0.0,0.0,1.0,1.0,1.0,1.0,1.0
,2026-08-26,UBL.NS,56.83,54.07,0.0,48.1,0.0,0.0,0.1078,46.0,46.0,0.0,0.0,-0.5245,0.0,0.0,1.0,1.0,1.0,1.0,1.0
,2026-08-26,JYOTHYLAB.NS,56.79,53.98,0.0,46.3,0.0,0.0,-0.1058,37.9,37.5,0.0,0.0,-1.1092,0.0,0.0,1.0,1.0,1.0,1.0,1.0
,2026-08-26,PAYTM.NS,56.68,51.57,0.0,46.7,0.0,0.0,0.3471,46.7,41.5,0.0,0.0,-2.1562,0.0,1.0,1.0,1.0,1.0,0.0,0.0
,2026-08-26,PIDILITIND.NS,56.64,55.29,0.0,49.3,0.0,0.0,0.1316,43.3,44.2,0.0,0.0,0.3636,1.0,1.0,0.0,0.0,0.0,0.0,0.0
,2026-08-26,PAGEIND.NS,56.41,53.84,0.0,44.2,0.0,0.0,0.3048,53.4,50.1,0.0,0.0,1.8347,1.0,1.0,0.0,0.0,0.0,0.0,0.0
,2026-08-26,MANKIND.NS,56.31,54.54,0.0,49.1,0.0,0.0,0.2154,46.3,46.5,0.0,0.0,0.9943,1.0,1.0,0.0,0.0,0.0,0.0,0.0
,2026-08-26,INFY.NS,55.8,59.75,0.0,46.5,0.0,0.0,0.2183,46.5,45.5,0.0,0.0,-0.8214,0.0,1.0,1.0,1.0,1.0,0.0,0.0
,2026-08-26,BANSALWIRE.NS,55.7,55.12,0.0,48.9,0.0,0.0,0.0927,33.1,36.8,0.0,0.0,-1.1076,0.0,0.0,1.0,1.0,1.0,1.0,1.0
,2026-08-26,GOLDBEES.NS,55.55,58.96,0.0,44.0,0.0,0.0,0.032,39.4,38.4,0.0,0.0,-1.1483,0.0,0.0,1.0,1.0,1.0,1.0,1.0
,2026-08-26,GAIL.NS,54.68,51.87,0.0,40.9,0.0,0.0,0.0859,37.4,39.2,0.0,0.0,-1.1749,0.0,1.0,1.0,1.0,1.0,0.0,0.0
,2026-08-26,TMCV.NS,54.34,56.28,0.0,43.5,0.0,0.0,0.1509,38.8,37.6,0.0,0.0,-2.2015,0.0,0.0,1.0,1.0,1.0,1.0,1.0
,2026-08-26,HUDCO.NS,54.23,50.85,0.0,48.1,0.0,0.0,0.1079,43.9,47.4,0.0,0.0,-2.3108,0.0,0.0,1.0,1.0,1.0,1.0,1.0
,2026-08-26,NATCOPHARM.NS,53.63,50.45,0.0,54.2,0.0,0.0,0.1062,52.5,50.0,0.0,0.0,-0.6718,0.0,0.0,1.0,1.0,1.0,1.0,1.0
,2026-08-26,NAM-INDIA.NS,53.58,50.34,0.0,48.2,0.0,0.0,0.1718,35.6,37.7,0.0,0.0,-1.5536,0.0,0.0,1.0,1.0,1.0,1.0,1.0
,2026-08-26,YESBANK.NS,53.2,53.73,0.0,51.9,0.0,0.0,0.1899,30.2,34.9,0.0,0.0,-0.5362,0.0,1.0,1.0,1.0,1.0,0.0,0.0
,2026-08-26,GODREJCP.NS,53.16,55.05,0.0,46.1,0.0,0.0,0.3146,48.1,47.3,0.0,0.0,0.0217,1.0,0.0,0.0,0.0,0.0,1.0,1.0
,2026-08-26,ICICIBANK.NS,52.98,47.88,0.0,47.5,0.0,0.0,0.2407,48.3,45.2,0.0,0.0,0.9091,1.0,1.0,0.0,0.0,0.0,0.0,0.0
,2026-08-26,INDUSINDBK.NS,52.98,52.23,0.0,42.4,0.0,0.0,0.1032,43.7,43.4,0.0,0.0,-0.1096,0.0,1.0,1.0,1.0,1.0,0.0,0.0
,2026-08-26,NAVINFLUOR.NS,52.87,61.74,0.0,47.3,0.0,0.0,0.3145,45.2,42.9,0.0,0.0,0.1695,1.0,1.0,0.0,0.0,0.0,0.0,0.0
,2026-08-26,MRF.NS,52.78,52.8,0.0,47.3,0.0,0.0,-0.0243,45.5,44.9,0.0,0.0,0.0599,1.0,1.0,0.0,0.0,0.0,0.0,0.0
,2026-08-26,TORNTPOWER.NS,52.62,56.13,0.0,43.0,0.0,0.0,0.3783,56.2,52.0,1.0,0.0,-2.2489,0.0,0.0,1.0,1.0,1.0,0.0,1.0
,2026-08-26,ACC.NS,52.33,53.2,0.0,46.3,0.0,0.0,0.1903,43.0,45.4,0.0,0.0,-1.5844,0.0,0.0,1.0,1.0,1.0,1.0,1.0
,2026-08-26,BSE.NS,51.46,56.73,0.0,46.2,0.0,0.0,0.0975,53.5,50.8,0.0,0.0,0.0722,1.0,0.0,0.0,0.0,0.0,1.0,1.0
,2026-08-26,JIOFIN.NS,51.26,50.74,0.0,49.3,0.0,0.0,0.2888,51.4,49.1,0.0,0.0,-1.2033,0.0,1.0,1.0,1.0,1.0,0.0,0.0
,2026-08-26,TCS.NS,50.47,38.9,0.0,48.3,0.0,0.0,0.2734,50.9,48.7,0.0,0.0,-0.9515,0.0,1.0,1.0,1.0,1.0,0.0,0.0
,2026-08-26,COLPAL.NS,50.14,49.25,0.0,45.5,0.0,0.0,0.3861,56.8,50.4,1.0,0.0,-0.8065,0.0,1.0,1.0,1.0,1.0,1.0,0.0
,2026-08-26,COALINDIA.NS,50.08,46.83,0.0,48.7,0.0,0.0,0.18,41.8,41.2,0.0,0.0,-0.8674,0.0,0.0,1.0,1.0,1.0,1.0,1.0
,2026-08-26,NBCC.NS,49.24,50.29,0.0,45.3,0.0,0.0,0.2599,47.1,46.4,0.0,0.0,-0.6838,0.0,0.0,1.0,1.0,1.0,1.0,1.0
,2026-08-26,PNB.NS,49.2,49.02,0.0,49.6,0.0,0.0,0.232,48.9,47.0,0.0,0.0,-1.114,0.0,0.0,1.0,1.0,1.0,1.0,1.0
,2026-08-26,IPCALAB.NS,49.13,49.5,0.0,44.1,0.0,0.0,0.1489,41.2,38.8,0.0,0.0,0.379,1.0,1.0,0.0,0.0,0.0,0.0,0.0
,2026-08-26,HCLTECH.NS,48.52,49.49,0.0,48.5,0.0,0.0,0.1734,42.8,44.3,0.0,0.0,-1.2707,0.0,1.0,1.0,1.0,1.0,0.0,0.0
,2026-08-26,TMPV.NS,47.18,51.48,0.0,50.2,0.0,0.0,0.3261,51.1,48.7,0.0,0.0,0.9262,1.0,0.0,0.0,0.0,0.0,1.0,1.0
,2026-08-26,DRREDDY.NS,47.08,47.94,0.0,45.6,0.0,0.0,0.1258,31.9,34.2,0.0,0.0,-0.423,0.0,0.0,1.0,1.0,1.0,1.0,1.0
,2026-08-26,SBIN.NS,46.61,39.98,0.0,48.6,0.0,0.0,0.2958,46.3,45.8,0.0,0.0,-0.865,0.0,1.0,1.0,1.0,1.0,0.0,0.0
,2026-08-26,BRITANNIA.NS,45.33,47.37,0.0,49.3,0.0,0.0,0.2201,46.9,45.8,0.0,0.0,-0.226,0.0,0.0,1.0,1.0,1.0,1.0,1.0
,2026-08-26,ULTRACEMCO.NS,45.12,50.26,0.0,50.3,0.0,0.0,0.2219,47.8,46.3,0.0,0.0,0.0,0.0,0.0,1.0,1.0,1.0,1.0,1.0
,2026-08-26,BANKBARODA.NS,44.49,34.3,0.0,53.5,0.0,0.0,0.1949,40.6,40.3,0.0,0.0,-0.6186,0.0,0.0,1.0,1.0,1.0,1.0,1.0
,2026-08-26,SUNPHARMA.NS,42.59,31.45,0.0,44.3,0.0,0.0,0.0999,46.8,45.4,0.0,0.0,0.7265,1.0,1.0,0.0,0.0,0.0,0.0,0.0
,2026-08-26,VOLTAS.NS,41.43,42.06,0.0,46.5,0.0,0.0,0.2476,46.1,45.0,0.0,0.0,0.0411,1.0,0.0,0.0,0.0,0.0,1.0,1.0
,2026-08-26,INDIGO.NS,39.89,39.69,0.0,44.2,0.0,0.0,0.1593,42.5,42.6,0.0,0.0,-1.1713,0.0,0.0,1.0,1.0,1.0,1.0,1.0
,2026-08-26,AUROPHARMA.NS,39.71,41.75,0.0,45.5,0.0,0.0,0.2341,42.0,43.5,0.0,0.0,0.8626,1.0,1.0,0.0,0.0,0.0,0.0,0.0
,2026-08-26,BLS.NS,37.0,28.44,0.0,34.2,0.0,0.0,0.9364,31.9,38.9,0.0,0.0,0.1304,1.0,1.0,0.0,0.0,0.0,0.0,0.0
,2026-08-26,HDFCAMC.NS,34.61,23.53,0.0,40.8,0.0,0.0,0.0452,42.1,39.6,0.0,0.0,-3.4821,0.0,0.0,1.0,1.0,1.0,1.0,1.0
,2026-08-26,LICI.NS,34.49,28.29,0.0,40.8,0.0,0.0,0.0927,36.3,36.2,0.0,0.0,-0.3251,0.0,1.0,1.0,1.0,1.0,0.0,0.0
,2026-08-26,DABUR.NS,25.52,21.32,0.0,52.9,0.0,0.0,0.1842,38.8,44.3,0.0,0.0,-1.5298,0.0,0.0,1.0,1.0,1.0,1.0,1.0
,2026-08-26,IRFC.NS,23.98,25.5,0.0,52.2,0.0,0.0,0.117,40.9,43.1,0.0,0.0,-1.2252,0.0,0.0,1.0,1.0,1.0,1.0,1.0
,2026-08-26,ITC.NS,18.6,13.56,0.0,41.7,0.0,0.0,0.0777,42.2,42.4,0.0,0.0,-0.4625,0.0,0.0,1.0,1.0,1.0,1.0,1.0
,2026-08-28,BHEL.NS,77.5,89.58,1.0,51.8,0.0,0.0,-0.4225,35.8,52.4,0.0,0.0,2.7388,1.0,0.0,1.0,0.0,0.0,1.0,1.0
,2026-08-28,HEROMOTOCO.NS,75.43,81.2,1.0,54.8,0.0,0.0,-0.2933,42.8,58.0,0.0,1.0,-0.7768,0.0,0.0,0.0,1.0,1.0,1.0,0.0
,2026-08-28,ADANIENSOL.NS,74.78,81.43,1.0,58.2,1.0,1.0,-0.5837,49.8,59.2,0.0,1.0,-0.9865,0.0,0.0,0.0,0.0,0.0,1.0,0.0
,2026-08-28,ANGELONE.NS,73.46,88.95,1.0,47.6,0.0,0.0,-0.6678,24.6,41.4,0.0,0.0,-3.3503,0.0,0.0,0.0,1.0,1.0,1.0,1.0
,2026-08-28,PIDILITIND.NS,73.3,87.11,1.0,49.3,0.0,0.0,-0.2535,42.5,55.4,0.0,1.0,3.5716,1.0,1.0,1.0,0.0,0.0,0.0,1.0
,2026-08-28,NAVINFLUOR.NS,73.22,90.49,1.0,47.3,0.0,0.0,-0.2951,41.9,52.3,0.0,0.0,1.855,1.0,1.0,1.0,0.0,0.0,0.0,0.0
,2026-08-28,SIEMENS.NS,72.79,79.1,1.0,60.0,1.0,1.0,-0.2955,39.6,53.6,0.0,0.0,-1.6434,0.0,0.0,0.0,0.0,0.0,1.0,1.0
,2026-08-28,ACC.NS,72.44,86.68,1.0,45.1,0.0,0.0,-0.3153,45.8,55.8,0.0,1.0,-1.1558,0.0,0.0,0.0,1.0,1.0,1.0,0.0
,2026-08-28,BALKRISIND.NS,72.0,85.7,1.0,48.3,0.0,0.0,-0.3292,44.5,57.0,0.0,1.0,-2.6025,0.0,0.0,0.0,1.0,1.0,1.0,0.0
,2026-08-28,TECHM.NS,71.8,70.8,1.0,50.7,0.0,0.0,-0.5129,33.4,51.5,0.0,0.0,-1.8222,0.0,0.0,0.0,1.0,1.0,1.0,1.0
,2026-08-28,TATAELXSI.NS,71.68,71.34,1.0,56.9,1.0,1.0,-0.5156,48.3,58.8,0.0,1.0,-2.4016,0.0,0.0,0.0,0.0,0.0,1.0,0.0
,2026-08-28,TATAMOTORS.NS,71.41,70.95,1.0,,,,,,,,,,,,,,,,
,2026-08-28,BAJAJ-AUTO.NS,70.18,79.57,1.0,52.5,0.0,0.0,-0.4429,45.8,60.9,0.0,1.0,0.5626,1.0,1.0,1.0,0.0,0.0,0.0,1.0
,2026-08-28,ETERNAL.NS,70.14,80.08,1.0,53.9,0.0,0.0,-0.4133,33.5,48.3,0.0,0.0,-0.2591,0.0,0.0,0.0,1.0,1.0,1.0,1.0
,2026-08-28,JSWSTEEL.NS,70.01,80.53,1.0,57.4,1.0,1.0,-0.2856,43.6,56.0,0.0,1.0,-2.0376,0.0,0.0,0.0,0.0,0.0,1.0,0.0
,2026-08-28,DATAPATTNS.NS,69.57,71.28,1.0,51.5,0.0,0.0,-0.052,46.4,55.7,0.0,1.0,-2.2336,0.0,0.0,0.0,1.0,1.0,1.0,0.0
,2026-08-28,PAGEIND.NS,69.02,78.45,1.0,56.3,1.0,1.0,-0.2055,42.1,57.9,0.0,1.0,-0.5141,0.0,1.0,0.0,0.0,0.0,0.0,1.0
,2026-08-28,MMTC.NS,68.91,72.04,1.0,49.4,0.0,0.0,-0.3363,41.0,52.6,0.0,0.0,-1.1416,0.0,0.0,0.0,1.0,1.0,1.0,1.0
,2026-08-28,TORNTPHARM.NS,67.63,82.93,1.0,50.6,0.0,0.0,-0.345,49.8,60.8,0.0,1.0,0.3168,1.0,0.0,1.0,0.0,0.0,1.0,0.0
,2026-08-28,DELTACORP.NS,67.25,81.08,1.0,52.7,0.0,0.0,-0.6086,39.6,53.4,0.0,0.0,-1.6658,0.0,0.0,0.0,1.0,1.0,1.0,1.0
,2026-08-28,BAJAJFINSV.NS,67.02,60.04,0.0,50.6,0.0,0.0,-0.5876,44.3,55.7,0.0,1.0,-1.6184,0.0,0.0,1.0,1.0,1.0,1.0,0.0
,2026-08-28,IDEA.NS,66.84,69.52,0.0,51.1,0.0,0.0,-1.0129,35.9,52.1,0.0,0.0,0.545,1.0,0.0,0.0,0.0,0.0,1.0,1.0
,2026-08-28,MPHASIS.NS,66.79,69.51,0.0,51.8,0.0,0.0,-0.3391,45.3,57.4,0.0,1.0,-1.8126,0.0,1.0,1.0,1.0,1.0,0.0,1.0
,2026-08-28,SHREECEM.NS,66.72,75.27,1.0,47.8,0.0,0.0,-0.3736,41.8,54.8,0.0,0.0,-0.9375,0.0,0.0,0.0,1.0,1.0,1.0,1.0
,2026-08-28,PERSISTENT.NS,66.68,66.45,0.0,57.0,1.0,0.0,-0.3302,48.4,59.8,0.0,1.0,-3.9149,0.0,0.0,1.0,0.0,1.0,1.0,0.0
,2026-08-28,BLUESTARCO.NS,66.62,75.82,1.0,49.1,0.0,0.0,-0.309,39.8,54.6,0.0,0.0,-0.9459,0.0,0.0,0.0,1.0,1.0,1.0,1.0
,2026-08-28,COFORGE.NS,66.53,73.54,1.0,51.2,0.0,0.0,-0.3915,31.8,49.0,0.0,0.0,-1.7274,0.0,0.0,0.0,1.0,1.0,1.0,1.0
,2026-08-28,MRF.NS,66.42,73.29,1.0,46.9,0.0,0.0,-0.2966,42.7,55.9,0.0,1.0,1.2606,1.0,0.0,1.0,0.0,0.0,1.0,0.0
,2026-08-28,TATASTEEL.NS,66.21,72.17,1.0,50.6,0.0,0.0,-0.4324,38.0,53.2,0.0,0.0,-2.6273,0.0,0.0,0.0,1.0,1.0,1.0,1.0
,2026-08-28,POLICYBZR.NS,66.06,71.03,1.0,48.7,0.0,0.0,-0.4635,38.0,52.2,0.0,0.0,0.0994,1.0,1.0,1.0,0.0,0.0,0.0,0.0
,2026-08-28,SOLARINDS.NS,65.51,67.86,0.0,51.2,0.0,0.0,-0.3331,39.3,50.1,0.0,0.0,-0.4902,0.0,1.0,1.0,1.0,1.0,0.0,0.0
,2026-08-28,INDUSINDBK.NS,65.28,66.01,0.0,52.4,0.0,0.0,-0.476,45.6,55.5,0.0,1.0,-0.3722,0.0,0.0,1.0,1.0,1.0,1.0,0.0
,2026-08-28,JPPOWER.NS,65.09,72.42,1.0,49.2,0.0,0.0,-0.2492,46.0,59.0,0.0,1.0,-2.0809,0.0,0.0,0.0,1.0,1.0,1.0,0.0
,2026-08-28,SAIL.NS,64.98,71.8,0.0,51.5,0.0,0.0,-0.5306,44.2,55.2,0.0,1.0,-1.06,0.0,0.0,1.0,1.0,1.0,1.0,0.0
,2026-08-28,MANKIND.NS,64.92,66.95,0.0,48.4,0.0,0.0,-0.3854,43.6,54.7,0.0,0.0,-1.3765,0.0,1.0,1.0,1.0,1.0,0.0,0.0
,2026-08-28,SUZLON.NS,64.57,68.06,0.0,50.9,0.0,0.0,-0.465,30.6,47.6,0.0,0.0,-1.4319,0.0,0.0,1.0,1.0,1.0,1.0,1.0
,2026-08-28,WIPRO.NS,64.49,60.15,0.0,55.6,1.0,0.0,-1.1114,44.6,53.4,0.0,0.0,-2.4537,0.0,0.0,1.0,0.0,1.0,1.0,1.0
,2026-08-28,YESBANK.NS,64.38,57.97,0.0,51.3,0.0,0.0,-0.4623,31.2,47.4,0.0,0.0,0.0,0.0,1.0,1.0,1.0,1.0,0.0,0.0
,2026-08-28,INDHOTEL.NS,64.2,62.8,0.0,55.3,1.0,0.0,-0.4876,39.7,55.9,0.0,1.0,0.1486,1.0,1.0,0.0,1.0,0.0,0.0,1.0
,2026-08-28,PNB.NS,63.76,74.34,0.0,50.9,0.0,0.0,-0.3306,47.9,56.7,0.0,1.0,-1.6551,0.0,1.0,1.0,1.0,1.0,0.0,1.0
,2026-08-28,CUMMINSIND.NS,63.27,73.85,0.0,51.9,0.0,0.0,-0.4148,38.7,55.1,0.0,1.0,-1.6946,0.0,0.0,1.0,1.0,1.0,1.0,0.0
,2026-08-28,DMART.NS,63.27,74.78,0.0,58.7,1.0,0.0,-0.3004,57.2,62.1,1.0,1.0,-1.7804,0.0,0.0,1.0,0.0,1.0,0.0,0.0
,2026-08-28,TCS.NS,63.19,57.99,0.0,49.0,0.0,0.0,-1.2587,36.7,49.5,0.0,0.0,-1.0034,0.0,1.0,1.0,1.0,1.0,0.0,0.0
,2026-08-28,KAYNES.NS,62.98,57.81,0.0,44.8,0.0,0.0,-1.2829,37.3,46.9,0.0,0.0,-4.8211,0.0,0.0,1.0,1.0,1.0,1.0,1.0
,2026-08-28,HCLTECH.NS,62.92,58.06,0.0,56.4,1.0,0.0,-1.2478,37.7,49.3,0.0,0.0,-1.0258,0.0,1.0,1.0,0.0,1.0,0.0,0.0
,2026-08-28,DIXON.NS,62.87,57.82,0.0,52.8,0.0,0.0,-1.3519,37.3,46.7,0.0,0.0,0.3003,1.0,0.0,0.0,0.0,0.0,1.0,1.0
,2026-08-28,ALKEM.NS,62.8,62.84,0.0,51.9,0.0,0.0,-0.4485,43.6,57.7,0.0,1.0,-0.4762,0.0,0.0,1.0,1.0,1.0,1.0,0.0
,2026-08-28,ADANIENT.NS,62.8,66.21,0.0,53.4,0.0,0.0,-0.6161,35.5,52.5,0.0,0.0,-2.5817,0.0,0.0,1.0,1.0,1.0,1.0,1.0
,2026-08-28,INFY.NS,62.74,57.67,0.0,53.2,0.0,0.0,-1.4515,39.8,51.3,0.0,0.0,-2.1591,0.0,0.0,1.0,1.0,1.0,1.0,1.0
,2026-08-28,TIINDIA.NS,62.06,56.42,0.0,53.2,0.0,0.0,-0.4541,33.2,52.3,0.0,0.0,-2.1127,0.0,0.0,1.0,1.0,1.0,1.0,1.0
,2026-08-28,GRANULES.NS,62.04,65.65,0.0,56.6,1.0,0.0,-0.3748,50.3,58.5,0.0,1.0,-0.9741,0.0,0.0,1.0,0.0,1.0,1.0,0.0
,2026-08-28,BIOCON.NS,61.99,71.22,0.0,50.6,0.0,0.0,-0.4492,52.8,62.3,0.0,1.0,-1.5325,0.0,0.0,1.0,1.0,1.0,1.0,0.0
,2026-08-28,CIPLA.NS,61.98,66.9,0.0,59.8,1.0,0.0,-0.4167,52.9,61.8,0.0,1.0,-0.8711,0.0,0.0,1.0,0.0,1.0,1.0,0.0
,2026-08-28,NAUKRI.NS,61.77,56.16,0.0,55.7,1.0,0.0,-0.3484,50.2,60.4,0.0,1.0,-0.4579,0.0,0.0,1.0,0.0,1.0,1.0,0.0
,2026-08-28,BEL.NS,61.37,55.6,0.0,52.2,0.0,0.0,-0.7996,37.2,51.9,0.0,0.0,-0.6191,0.0,0.0,1.0,1.0,1.0,1.0,1.0
,2026-08-28,IEX.NS,61.09,61.45,0.0,51.0,0.0,0.0,-0.4786,44.3,57.7,0.0,1.0,-1.3218,0.0,0.0,1.0,1.0,1.0,1.0,0.0
,2026-08-28,HINDALCO.NS,61.0,65.23,0.0,51.6,0.0,0.0,-0.2874,47.0,55.9,0.0,1.0,-2.6075,0.0,0.0,1.0,1.0,1.0,1.0,0.0
,2026-08-28,HDFCLIFE.NS,60.78,55.95,0.0,46.7,0.0,0.0,-0.2985,33.5,45.4,0.0,0.0,-1.0949,0.0,0.0,1.0,1.0,1.0,1.0,1.0
,2026-08-28,VOLTAS.NS,60.64,75.19,0.0,57.0,1.0,0.0,-0.2763,52.6,60.5,0.0,1.0,-1.025,0.0,0.0,1.0,0.0,1.0,1.0,0.0
,2026-08-28,VEDL.NS,60.41,56.77,0.0,54.1,0.0,0.0,-0.368,49.0,56.6,0.0,1.0,-3.4207,0.0,0.0,1.0,1.0,1.0,1.0,0.0
,2026-08-28,EASEMYTRIP.NS,60.38,61.95,0.0,47.4,0.0,0.0,-0.3731,43.8,55.9,0.0,1.0,0.0,0.0,0.0,1.0,1.0,1.0,1.0,0.0
,2026-08-28,LAURUSLABS.NS,60.25,61.67,0.0,47.8,0.0,0.0,-0.6309,43.2,52.9,0.0,0.0,-1.4289,0.0,0.0,1.0,1.0,1.0,1.0,1.0
,2026-08-28,EICHERMOT.NS,59.77,55.89,0.0,45.2,0.0,0.0,-0.3517,48.1,57.3,0.0,1.0,-1.216,0.0,0.0,1.0,1.0,1.0,1.0,0.0
,2026-08-28,ASIANPAINT.NS,59.58,55.48,0.0,51.1,0.0,0.0,-0.3717,45.6,54.3,0.0,0.0,-1.4835,0.0,0.0,1.0,1.0,1.0,1.0,1.0
,2026-08-28,GODREJCP.NS,59.36,51.5,0.0,49.0,0.0,0.0,-0.3459,41.3,57.4,0.0,1.0,-1.1803,0.0,0.0,1.0,1.0,1.0,1.0,0.0
,2026-08-28,MARUTI.NS,59.31,70.84,0.0,55.1,1.0,0.0,-0.5083,46.8,57.5,0.0,1.0,-0.6355,0.0,0.0,1.0,0.0,1.0,1.0,0.0
,2026-08-28,PAYTM.NS,59.26,60.81,0.0,49.9,0.0,0.0,-0.757,36.4,50.1,0.0,0.0,0.3634,1.0,0.0,0.0,0.0,0.0,1.0,1.0
,2026-08-28,JIOFIN.NS,58.89,60.18,0.0,51.6,0.0,0.0,-0.3778,44.4,57.0,0.0,1.0,-0.776,0.0,0.0,1.0,1.0,1.0,1.0,0.0
,2026-08-28,LTM.NS,58.87,56.52,0.0,48.5,0.0,0.0,-0.3362,48.8,58.1,0.0,1.0,-2.8877,0.0,0.0,1.0,1.0,1.0,1.0,0.0
,2026-08-28,SBIN.NS,58.75,55.33,0.0,50.4,0.0,0.0,-1.0495,38.8,46.2,0.0,0.0,-1.0024,0.0,0.0,1.0,1.0,1.0,1.0,1.0
,2026-08-28,GAIL.NS,58.72,63.88,0.0,52.9,0.0,0.0,-0.4516,33.5,50.5,0.0,0.0,0.5494,1.0,1.0,0.0,0.0,0.0,0.0,0.0
,2026-08-28,LTIM.NS,58.71,55.04,0.0,,,,,,,,,,,,,,,,
,2026-08-28,UPL.NS,58.59,60.91,0.0,46.1,0.0,0.0,-0.5917,29.5,45.9,0.0,0.0,-1.007,0.0,1.0,1.0,1.0,1.0,0.0,0.0
,2026-08-28,BANSALWIRE.NS,58.56,55.28,0.0,47.8,0.0,0.0,-0.4028,36.3,48.6,0.0,0.0,-0.4245,0.0,1.0,1.0,1.0,1.0,0.0,0.0
,2026-08-28,ADANIPORTS.NS,58.48,52.72,0.0,57.7,1.0,0.0,-1.2182,25.5,47.9,0.0,0.0,-1.6515,0.0,0.0,1.0,0.0,1.0,1.0,1.0
,2026-08-28,HAL.NS,58.29,55.17,0.0,50.3,0.0,0.0,-0.6245,42.6,48.4,0.0,0.0,-1.3803,0.0,0.0,1.0,1.0,1.0,1.0,1.0
,2026-08-28,ICICIBANK.NS,58.21,54.62,0.0,50.4,0.0,0.0,-0.9606,33.0,48.2,0.0,0.0,0.0843,1.0,1.0,0.0,0.0,0.0,0.0,0.0
,2026-08-28,SUNPHARMA.NS,58.11,56.96,0.0,54.3,0.0,0.0,-0.5628,47.3,57.3,0.0,1.0,3.375,1.0,1.0,0.0,0.0,0.0,0.0,1.0
,2026-08-28,NBCC.NS,57.82,60.61,0.0,48.1,0.0,0.0,-0.4367,33.3,51.2,0.0,0.0,-1.7943,0.0,0.0,1.0,1.0,1.0,1.0,1.0
,2026-08-28,GRSE.NS,57.79,54.44,0.0,49.0,0.0,0.0,-0.588,41.8,50.1,0.0,0.0,-2.2236,0.0,0.0,1.0,1.0,1.0,1.0,1.0
,2026-08-28,MAZDOCK.NS,57.69,54.42,0.0,46.6,0.0,0.0,-0.7985,37.2,46.4,0.0,0.0,-2.7397,0.0,0.0,1.0,1.0,1.0,1.0,1.0
,2026-08-28,AMBER.NS,57.62,59.07,0.0,48.4,0.0,0.0,-0.4386,34.5,48.2,0.0,0.0,-0.6124,0.0,0.0,1.0,1.0,1.0,1.0,1.0
,2026-08-28,PRESTIGE.NS,57.58,53.91,0.0,55.4,1.0,0.0,-0.4086,43.8,55.4,0.0,1.0,-2.7645,0.0,0.0,1.0,0.0,1.0,1.0,0.0
,2026-08-28,MUTHOOTFIN.NS,57.53,49.81,0.0,48.9,0.0,0.0,-0.7428,42.7,47.7,0.0,0.0,-3.6525,0.0,0.0,1.0,1.0,1.0,1.0,1.0
,2026-08-28,DRREDDY.NS,57.43,56.87,0.0,51.1,0.0,0.0,-0.5504,27.5,49.1,0.0,0.0,-0.2971,0.0,0.0,1.0,1.0,1.0,1.0,1.0
,2026-08-28,BHARTIARTL.NS,57.38,53.48,0.0,56.5,1.0,0.0,-0.5829,51.0,59.6,0.0,1.0,0.4781,1.0,0.0,0.0,1.0,0.0,1.0,0.0
,2026-08-28,AARTIIND.NS,57.27,53.85,0.0,48.6,0.0,0.0,-0.3398,40.7,49.0,0.0,0.0,-1.0179,0.0,0.0,1.0,1.0,1.0,1.0,1.0
,2026-08-28,CAMS.NS,57.25,55.0,0.0,51.9,0.0,0.0,-0.4181,44.6,54.3,0.0,0.0,0.7349,1.0,0.0,0.0,0.0,0.0,1.0,1.0
,2026-08-28,POWERGRID.NS,57.18,54.21,0.0,54.1,0.0,0.0,-0.4874,46.5,56.8,0.0,1.0,-0.7705,0.0,1.0,1.0,1.0,1.0,0.0,1.0
,2026-08-28,ADANIPOWER.NS,57.16,54.79,0.0,46.9,0.0,0.0,-0.5324,30.8,47.0,0.0,0.0,-1.6225,0.0,0.0,1.0,1.0,1.0,1.0,1.0
,2026-08-28,HUDCO.NS,56.99,54.42,0.0,49.4,0.0,0.0,-0.3442,47.7,54.4,0.0,0.0,-2.3904,0.0,0.0,1.0,1.0,1.0,1.0,1.0
,2026-08-28,GODREJPROP.NS,56.98,52.07,0.0,55.0,0.0,0.0,-0.5233,45.2,58.5,0.0,1.0,-0.7097,0.0,0.0,1.0,1.0,1.0,1.0,0.0
,2026-08-28,AUROPHARMA.NS,56.91,62.72,0.0,53.1,0.0,0.0,-0.3866,56.5,60.8,1.0,1.0,4.3579,1.0,1.0,0.0,0.0,0.0,1.0,1.0
,2026-08-28,UBL.NS,56.83,54.07,0.0,48.4,0.0,0.0,-0.4712,46.0,55.1,0.0,1.0,-1.9189,0.0,0.0,1.0,1.0,1.0,1.0,0.0
,2026-08-28,ADANIGREEN.NS,56.14,51.85,0.0,54.9,0.0,0.0,-0.6333,43.3,55.2,0.0,1.0,-1.1899,0.0,0.0,1.0,1.0,1.0,1.0,0.0
,2026-08-28,NTPC.NS,56.05,52.54,0.0,55.3,1.0,0.0,-0.5496,43.5,55.2,0.0,1.0,-1.3937,0.0,1.0,1.0,0.0,1.0,0.0,1.0
,2026-08-28,AXISBANK.NS,55.92,54.26,0.0,48.1,0.0,0.0,-0.642,27.5,43.8,0.0,0.0,-0.3478,0.0,0.0,1.0,1.0,1.0,1.0,1.0
,2026-08-28,M&M.NS,55.89,53.47,0.0,56.4,1.0,0.0,-0.4336,49.1,59.7,0.0,1.0,-0.6479,0.0,0.0,1.0,0.0,1.0,1.0,0.0
,2026-08-28,IRFC.NS,55.78,54.35,0.0,56.8,1.0,0.0,-0.4307,55.3,60.6,1.0,1.0,-0.7986,0.0,0.0,1.0,0.0,1.0,0.0,0.0
,2026-08-28,HDFCAMC.NS,55.65,57.14,0.0,54.5,0.0,0.0,-0.6769,34.3,48.8,0.0,0.0,2.067,1.0,0.0,0.0,0.0,0.0,1.0,1.0
,2026-08-28,RADICO.NS,55.49,54.93,0.0,55.2,1.0,0.0,-0.4542,45.6,54.8,0.0,0.0,-2.6059,0.0,0.0,1.0,0.0,1.0,1.0,1.0
,2026-08-28,TMPV.NS,55.46,57.43,0.0,51.5,0.0,0.0,-0.2709,43.7,55.7,0.0,1.0,-1.4089,0.0,0.0,1.0,1.0,1.0,1.0,0.0
,2026-08-28,L&T.NS,55.08,52.6,0.0,,,,,,,,,,,,,,,,
,2026-08-28,TMCV.NS,55.01,53.87,0.0,47.9,0.0,0.0,-0.4257,42.0,50.6,0.0,0.0,-0.4932,0.0,0.0,1.0,1.0,1.0,1.0,1.0
,2026-08-28,AJANTPHARM.NS,54.96,58.94,0.0,49.6,0.0,0.0,-0.3099,51.1,58.7,0.0,1.0,-0.8912,0.0,0.0,1.0,1.0,1.0,1.0,0.0
,2026-08-28,OBEROIRLTY.NS,54.91,50.49,0.0,54.5,0.0,0.0,-0.4852,40.5,54.2,0.0,0.0,-0.107,0.0,0.0,1.0,1.0,1.0,1.0,1.0
,2026-08-28,DLF.NS,54.7,50.48,0.0,57.0,1.0,0.0,-0.3742,45.7,56.6,0.0,1.0,-1.9417,0.0,0.0,1.0,0.0,1.0,1.0,0.0
,2026-08-28,BAJFINANCE.NS,54.7,53.85,0.0,50.5,0.0,0.0,-0.7357,47.4,55.3,0.0,1.0,-2.3613,0.0,0.0,1.0,1.0,1.0,1.0,0.0
,2026-08-28,CHOLAFIN.NS,54.52,54.12,0.0,52.5,0.0,0.0,-0.7547,43.4,53.2,0.0,0.0,-2.421,0.0,0.0,1.0,1.0,1.0,1.0,1.0
,2026-08-28,TORNTPOWER.NS,54.32,68.63,0.0,46.7,0.0,0.0,-0.1773,43.4,53.8,0.0,0.0,-0.2135,0.0,1.0,1.0,1.0,1.0,0.0,0.0
,2026-08-28,KOTAKBANK.NS,54.11,56.67,0.0,49.2,0.0,0.0,-0.4997,43.6,52.9,0.0,0.0,-0.0354,0.0,0.0,1.0,1.0,1.0,1.0,1.0
,2026-08-28,ONGC.NS,53.83,52.51,0.0,58.1,1.0,0.0,-0.5172,48.1,55.8,0.0,1.0,0.099,1.0,1.0,0.0,1.0,0.0,0.0,1.0
,2026-08-28,ZYDUSLIFE.NS,53.79,50.08,0.0,45.8,0.0,0.0,-0.6294,31.1,46.2,0.0,0.0,-2.4937,0.0,0.0,1.0,1.0,1.0,1.0,1.0
,2026-08-28,ULTRACEMCO.NS,53.79,50.1,0.0,47.2,0.0,0.0,-0.5482,37.9,49.6,0.0,0.0,-1.3116,0.0,0.0,1.0,1.0,1.0,1.0,1.0
,2026-08-28,NESTLEIND.NS,53.56,49.4,0.0,56.9,1.0,0.0,-0.56,56.3,61.7,1.0,1.0,-1.0037,0.0,0.0,1.0,0.0,1.0,0.0,0.0
,2026-08-28,RVNL.NS,53.55,54.52,0.0,55.3,1.0,0.0,-0.3423,52.6,59.2,0.0,1.0,-1.3304,0.0,0.0,1.0,0.0,1.0,1.0,0.0
,2026-08-28,RELIANCE.NS,53.21,50.27,0.0,57.7,1.0,0.0,-0.65,43.0,54.0,0.0,0.0,-0.3885,0.0,1.0,1.0,0.0,1.0,0.0,0.0
,2026-08-28,VBL.NS,53.19,49.38,0.0,57.4,1.0,0.0,-0.774,47.0,57.5,0.0,1.0,-0.8333,0.0,1.0,1.0,0.0,1.0,0.0,1.0
,2026-08-28,LT.NS,53.15,51.59,0.0,51.0,0.0,0.0,-0.5438,25.9,43.7,0.0,0.0,-1.656,0.0,0.0,1.0,1.0,1.0,1.0,1.0
,2026-08-28,INDIGO.NS,53.03,55.43,0.0,53.8,0.0,0.0,-0.6698,47.2,54.3,0.0,0.0,-1.7325,0.0,0.0,1.0,1.0,1.0,1.0,1.0
,2026-08-28,HAVELLS.NS,52.9,53.01,0.0,57.3,1.0,0.0,-0.4702,43.1,54.0,0.0,0.0,-1.2266,0.0,0.0,1.0,0.0,1.0,1.0,1.0
,2026-08-28,TATACONSUM.NS,52.75,46.65,0.0,58.0,1.0,0.0,-0.4324,48.6,58.7,0.0,1.0,-0.884,0.0,0.0,1.0,0.0,1.0,1.0,0.0
,2026-08-28,APOLLOHOSP.NS,52.75,53.75,0.0,54.3,0.0,0.0,-0.5432,35.6,51.3,0.0,0.0,0.6788,1.0,0.0,0.0,0.0,0.0,1.0,1.0
,2026-08-28,BERGEPAINT.NS,52.51,56.64,0.0,57.7,1.0,0.0,-0.2712,47.8,57.9,0.0,1.0,0.6878,1.0,0.0,0.0,1.0,0.0,1.0,0.0
,2026-08-28,BHARATFORG.NS,52.5,52.14,0.0,55.2,1.0,0.0,-0.3343,52.0,60.0,0.0,1.0,3.2978,1.0,0.0,0.0,1.0,0.0,1.0,0.0
,2026-08-28,MARICO.NS,52.34,45.75,0.0,56.2,1.0,0.0,-0.5186,45.0,55.9,0.0,1.0,-1.1631,0.0,0.0,1.0,0.0,1.0,1.0,0.0
,2026-08-28,BPCL.NS,52.29,53.08,0.0,53.8,0.0,0.0,-0.6708,45.5,56.1,0.0,1.0,-2.1143,0.0,1.0,1.0,1.0,1.0,0.0,1.0
,2026-08-28,HINDUNILVR.NS,52.25,47.06,0.0,55.1,1.0,0.0,-0.4321,50.0,59.2,0.0,1.0,-1.0346,0.0,0.0,1.0,0.0,1.0,1.0,0.0
,2026-08-28,NYKAA.NS,52.22,52.84,0.0,49.2,0.0,0.0,-0.4929,37.2,50.0,0.0,0.0,4.1412,1.0,1.0,0.0,0.0,0.0,0.0,0.0
,2026-08-28,IOB.NS,52.15,50.76,0.0,54.2,0.0,0.0,-0.4077,45.5,54.4,0.0,0.0,-1.1277,0.0,0.0,1.0,1.0,1.0,1.0,1.0
,2026-08-28,IOC.NS,51.99,51.08,0.0,54.2,0.0,0.0,-0.5711,39.2,52.0,0.0,0.0,-1.5463,0.0,0.0,1.0,1.0,1.0,1.0,1.0
,2026-08-28,NAM-INDIA.NS,51.78,50.64,0.0,48.6,0.0,0.0,-0.2488,38.7,50.4,0.0,0.0,-1.8503,0.0,0.0,1.0,1.0,1.0,1.0,1.0
,2026-08-28,BSE.NS,51.62,54.67,0.0,48.9,0.0,0.0,-0.3573,42.4,52.4,0.0,0.0,-2.5551,0.0,0.0,1.0,1.0,1.0,1.0,1.0
,2026-08-28,TITAN.NS,51.16,46.91,0.0,56.1,1.0,0.0,-0.5378,48.9,59.2,0.0,1.0,-1.4161,0.0,0.0,1.0,0.0,1.0,1.0,0.0
,2026-08-28,COALINDIA.NS,50.94,45.95,0.0,55.8,1.0,0.0,-0.4003,49.8,58.5,0.0,1.0,0.0997,1.0,1.0,0.0,1.0,0.0,0.0,1.0
,2026-08-28,HDFCBANK.NS,50.61,42.14,0.0,49.3,0.0,0.0,-1.7486,30.8,48.8,0.0,0.0,0.5762,1.0,0.0,0.0,0.0,0.0,1.0,1.0
,2026-08-28,SUNTV.NS,49.6,50.12,0.0,54.9,0.0,0.0,-0.3556,46.1,56.3,0.0,1.0,-1.7597,0.0,0.0,1.0,1.0,1.0,1.0,0.0
,2026-08-28,DABUR.NS,49.03,44.48,0.0,57.5,1.0,0.0,-0.3549,55.6,61.9,1.0,1.0,-0.8938,0.0,0.0,1.0,0.0,1.0,0.0,0.0
,2026-08-28,APLAPOLLO.NS,48.87,47.11,0.0,55.5,1.0,0.0,-0.4107,42.7,55.4,0.0,1.0,-1.6596,0.0,0.0,1.0,0.0,1.0,1.0,0.0
,2026-08-28,COCHINSHIP.NS,48.71,44.5,0.0,48.8,0.0,0.0,-0.4986,42.9,52.3,0.0,0.0,-1.6482,0.0,0.0,1.0,1.0,1.0,1.0,1.0
,2026-08-28,BRITANNIA.NS,48.62,43.44,0.0,57.1,1.0,0.0,-0.6014,47.2,58.7,0.0,1.0,-0.8006,0.0,0.0,1.0,0.0,1.0,1.0,0.0
,2026-08-28,NATCOPHARM.NS,48.01,47.98,0.0,57.7,1.0,0.0,-0.2471,56.9,60.0,1.0,1.0,-0.5856,0.0,0.0,1.0,0.0,1.0,0.0,0.0
,2026-08-28,COLPAL.NS,47.36,45.62,0.0,58.5,1.0,0.0,-0.3202,46.2,57.2,0.0,1.0,-1.1385,0.0,1.0,1.0,0.0,1.0,0.0,1.0
,2026-08-28,LUPIN.NS,44.58,47.84,0.0,49.7,0.0,0.0,-0.1963,48.3,56.2,0.0,1.0,-0.9118,0.0,0.0,1.0,1.0,1.0,1.0,0.0
,2026-08-28,BANKBARODA.NS,44.12,42.64,0.0,49.8,0.0,0.0,-0.4388,37.5,49.1,0.0,0.0,-2.0422,0.0,0.0,1.0,1.0,1.0,1.0,1.0
,2026-08-28,GOLDBEES.NS,43.3,43.07,0.0,52.7,0.0,0.0,-0.4342,37.1,48.9,0.0,0.0,-2.6978,0.0,0.0,1.0,1.0,1.0,1.0,1.0
,2026-08-28,ITC.NS,42.95,40.79,0.0,55.3,1.0,0.0,-0.4629,44.9,57.3,0.0,1.0,-0.3947,0.0,1.0,1.0,0.0,1.0,0.0,1.0
,2026-08-28,ABB.NS,42.78,39.36,0.0,53.6,0.0,0.0,-0.4808,46.6,57.8,0.0,1.0,1.7246,1.0,0.0,0.0,0.0,0.0,1.0,0.0
,2026-08-28,LICI.NS,40.53,45.75,0.0,52.3,0.0,0.0,-0.4206,33.9,48.3,0.0,0.0,-2.2156,0.0,0.0,1.0,1.0,1.0,1.0,1.0
,2026-08-28,SJVN.NS,38.53,30.12,0.0,52.2,0.0,0.0,-0.5868,32.9,51.6,0.0,0.0,-1.233,0.0,0.0,1.0,1.0,1.0,1.0,1.0
,2026-08-28,TATAPOWER.NS,36.18,31.16,0.0,60.9,1.0,0.0,-0.5214,48.9,59.4,0.0,1.0,-1.1795,0.0,1.0,1.0,0.0,1.0,0.0,1.0
,2026-08-28,NHPC.NS,33.65,22.7,0.0,50.2,0.0,0.0,-0.5163,33.6,48.6,0.0,0.0,-0.6148,0.0,1.0,1.0,1.0,1.0,0.0,0.0
,2026-08-28,HINDCOPPER.NS,33.39,46.42,0.0,50.7,0.0,0.0,0.2313,39.2,48.3,0.0,0.0,-1.5462,0.0,0.0,1.0,1.0,1.0,1.0,1.0
,2026-08-28,BLS.NS,32.01,27.89,0.0,54.8,0.0,0.0,-0.4468,37.1,52.3,0.0,0.0,-1.8324,0.0,0.0,1.0,1.0,1.0,1.0,1.0
,2026-08-28,IRCTC.NS,19.45,14.66,0.0,45.2,0.0,0.0,-0.4362,44.6,51.6,0.0,0.0,-0.8236,0.0,0.0,1.0,1.0,1.0,1.0,1.0
,2026-08-28,JYOTHYLAB.NS,13.98,17.19,0.0,53.8,0.0,0.0,-0.337,52.1,57.8,0.0,1.0,-1.6876,0.0,0.0,1.0,1.0,1.0,1.0,0.0
,2026-08-28,IPCALAB.NS,13.12,20.82,0.0,54.1,0.0,0.0,-0.4021,57.3,61.3,1.0,1.0,1.2613,1.0,1.0,0.0,0.0,0.0,1.0,1.0
,2026-08-28,TRENT.NS,20.87,18.6,0.0,55.4,1.0,0.0,-0.1314,46.2,56.8,0.0,1.0,-0.9179,0.0,0.0,1.0,0.0,1.0,1.0,0.0
,2026-08-29,ADANIENSOL.NS,83.64,83.73,1.0,52.9,0.0,0.0,0.0836,42.7,44.5,0.0,0.0,,,,,,,,
,2026-08-29,HEROMOTOCO.NS,82.13,81.29,1.0,50.5,0.0,0.0,0.383,50.6,52.9,0.0,0.0,,,,,,,,
,2026-08-29,BERGEPAINT.NS,78.77,83.38,1.0,55.0,0.0,0.0,0.5176,61.2,58.3,1.0,1.0,,,,,,,,
,2026-08-29,SIEMENS.NS,78.13,75.98,1.0,42.0,0.0,0.0,0.3226,47.4,46.1,0.0,0.0,,,,,,,,
,2026-08-29,SUZLON.NS,76.18,77.4,1.0,47.6,0.0,0.0,0.3736,37.5,43.8,0.0,0.0,,,,,,,,
,2026-08-29,MMTC.NS,74.5,73.03,1.0,44.9,0.0,0.0,0.3119,32.9,41.3,0.0,0.0,,,,,,,,
,2026-08-29,LAURUSLABS.NS,74.02,64.37,0.0,39.2,0.0,0.0,0.208,40.2,41.2,0.0,0.0,,,,,,,,
,2026-08-29,BHARTIARTL.NS,73.77,75.87,1.0,50.7,0.0,0.0,0.4506,58.0,57.4,1.0,1.0,,,,,,,,
,2026-08-29,PIDILITIND.NS,72.88,87.59,1.0,48.0,0.0,0.0,0.5596,52.2,53.5,0.0,0.0,,,,,,,,
,2026-08-29,BALKRISIND.NS,72.7,87.22,1.0,52.8,0.0,0.0,0.6835,53.0,54.0,0.0,0.0,,,,,,,,
,2026-08-29,ANGELONE.NS,72.52,88.92,1.0,50.4,0.0,0.0,0.5392,50.6,51.0,0.0,0.0,,,,,,,,
,2026-08-29,MRF.NS,72.5,88.89,1.0,40.1,0.0,0.0,0.4626,44.8,48.1,0.0,0.0,,,,,,,,
,2026-08-29,SAIL.NS,72.3,67.68,0.0,46.9,0.0,0.0,0.4429,60.4,53.0,1.0,0.0,,,,,,,,
,2026-08-29,AMBER.NS,72.21,69.55,0.0,44.9,0.0,0.0,0.149,47.0,47.7,0.0,0.0,,,,,,,,
,2026-08-29,ETERNAL.NS,71.92,76.41,1.0,48.2,0.0,0.0,0.3863,53.2,48.2,0.0,0.0,,,,,,,,
,2026-08-29,NTPC.NS,71.9,65.97,0.0,53.4,0.0,0.0,0.2901,64.4,57.4,1.0,1.0,,,,,,,,
,2026-08-29,IDEA.NS,71.81,62.8,0.0,52.4,0.0,0.0,0.3338,61.6,53.4,1.0,0.0,,,,,,,,
,2026-08-29,IRFC.NS,71.59,64.69,0.0,55.2,1.0,0.0,0.3586,59.1,60.1,1.0,1.0,,,,,,,,
,2026-08-29,INDHOTEL.NS,70.51,64.28,0.0,50.6,0.0,0.0,0.2915,52.7,54.8,0.0,0.0,,,,,,,,
,2026-08-29,DELTACORP.NS,70.33,81.94,1.0,53.7,0.0,0.0,0.6047,49.8,51.8,0.0,0.0,,,,,,,,
,2026-08-29,KAYNES.NS,70.3,55.86,0.0,42.8,0.0,0.0,-0.2365,48.2,48.2,0.0,0.0,,,,,,,,
,2026-08-29,POWERGRID.NS,70.24,62.51,0.0,43.7,0.0,0.0,0.2523,44.8,45.3,0.0,0.0,,,,,,,,
,2026-08-29,NMDC.NS,70.08,83.52,1.0,51.9,0.0,0.0,0.7555,42.1,46.0,0.0,0.0,,,,,,,,
,2026-08-29,RVNL.NS,70.03,63.84,0.0,54.1,0.0,0.0,0.4646,64.1,60.8,1.0,1.0,,,,,,,,
,2026-08-29,DATAPATTNS.NS,69.9,62.65,0.0,43.7,0.0,0.0,-0.018,44.8,45.9,0.0,0.0,,,,,,,,
,2026-08-29,DIXON.NS,69.87,55.9,0.0,41.8,0.0,0.0,-0.2377,48.0,48.2,0.0,0.0,,,,,,,,
,2026-08-29,PAGEIND.NS,69.81,64.29,0.0,45.6,0.0,0.0,0.4425,57.1,56.2,1.0,1.0,,,,,,,,
,2026-08-29,BEL.NS,69.67,58.57,0.0,40.4,0.0,0.0,-0.1417,49.2,47.6,0.0,0.0,,,,,,,,
,2026-08-29,WIPRO.NS,69.32,54.28,0.0,47.9,0.0,0.0,-0.1969,40.0,47.0,0.0,0.0,,,,,,,,
,2026-08-29,MANKIND.NS,69.21,60.82,0.0,42.7,0.0,0.0,0.2194,34.7,41.8,0.0,0.0,,,,,,,,
,2026-08-29,VOLTAS.NS,68.87,80.82,1.0,56.9,1.0,1.0,0.5195,64.2,60.0,1.0,1.0,,,,,,,,
,2026-08-29,IEX.NS,68.83,59.16,0.0,48.5,0.0,0.0,0.2768,48.4,52.0,0.0,0.0,,,,,,,,
,2026-08-29,PAYTM.NS,68.78,56.91,0.0,49.2,0.0,0.0,0.5297,57.0,51.6,1.0,0.0,,,,,,,,
,2026-08-29,HCLTECH.NS,68.59,53.68,0.0,46.7,0.0,0.0,-0.3165,38.2,46.0,0.0,0.0,,,,,,,,
,2026-08-29,MUTHOOTFIN.NS,68.53,59.43,0.0,47.7,0.0,0.0,0.0497,54.0,49.5,0.0,0.0,,,,,,,,
,2026-08-29,HAL.NS,68.47,58.64,0.0,48.4,0.0,0.0,0.0191,54.1,53.4,0.0,0.0,,,,,,,,
,2026-08-29,TITAN.NS,68.39,66.91,0.0,43.0,0.0,0.0,0.3289,47.7,46.9,0.0,0.0,,,,,,,,
,2026-08-29,L&T.NS,68.32,60.27,0.0,37.4,0.0,0.0,0.305,26.5,34.7,0.0,0.0,,,,,,,,
,2026-08-29,NBCC.NS,68.2,66.26,0.0,46.8,0.0,0.0,0.4452,48.4,49.3,0.0,0.0,,,,,,,,
,2026-08-29,TATAELXSI.NS,68.1,62.39,0.0,45.8,0.0,0.0,0.4033,54.0,54.6,0.0,0.0,,,,,,,,
,2026-08-29,COFORGE.NS,68.03,75.32,1.0,46.9,0.0,0.0,0.5531,39.8,43.1,0.0,0.0,,,,,,,,
,2026-08-29,GODREJCP.NS,68.03,60.26,0.0,46.8,0.0,0.0,0.4063,54.7,54.5,0.0,0.0,,,,,,,,
,2026-08-29,MPHASIS.NS,67.9,78.66,1.0,51.6,0.0,0.0,0.505,56.6,55.9,1.0,1.0,,,,,,,,
,2026-08-29,BLUESTARCO.NS,67.75,78.33,1.0,52.1,0.0,0.0,0.4886,52.2,52.5,0.0,0.0,,,,,,,,
,2026-08-29,APOLLOHOSP.NS,67.7,82.12,1.0,52.0,0.0,0.0,0.6949,50.2,51.3,0.0,0.0,,,,,,,,
,2026-08-29,TCS.NS,67.69,52.64,0.0,46.2,0.0,0.0,-0.3025,51.1,51.1,0.0,0.0,,,,,,,,
,2026-08-29,VEDL.NS,67.59,59.8,0.0,46.2,0.0,0.0,0.4586,56.6,51.5,1.0,0.0,,,,,,,,
,2026-08-29,NESTLEIND.NS,67.54,57.93,0.0,51.4,0.0,0.0,0.2166,56.5,55.7,1.0,1.0,,,,,,,,
,2026-08-29,TATAMOTORS.NS,67.49,62.21,0.0,35.0,0.0,0.0,0.3879,23.5,33.7,0.0,0.0,,,,,,,,
,2026-08-29,TATASTEEL.NS,66.98,55.95,0.0,46.5,0.0,0.0,0.3082,44.8,44.7,0.0,0.0,,,,,,,,
,2026-08-29,INFY.NS,66.9,51.8,0.0,47.4,0.0,0.0,-0.4605,41.8,46.8,0.0,0.0,,,,,,,,
,2026-08-29,EICHERMOT.NS,66.8,76.23,1.0,44.6,0.0,0.0,0.411,46.7,48.7,0.0,0.0,,,,,,,,
,2026-08-29,ADANIPORTS.NS,66.51,51.12,0.0,38.9,0.0,0.0,-0.3208,25.4,35.7,0.0,0.0,,,,,,,,
,2026-08-29,MARICO.NS,66.12,60.68,0.0,50.6,0.0,0.0,0.3857,49.7,52.1,0.0,0.0,,,,,,,,
,2026-08-29,SBIN.NS,65.96,54.47,0.0,45.1,0.0,0.0,-0.3886,39.6,42.8,0.0,0.0,,,,,,,,
,2026-08-29,GOLDBEES.NS,65.81,66.12,0.0,46.7,0.0,0.0,0.3941,50.9,47.8,0.0,0.0,,,,,,,,
,2026-08-29,SOLARINDS.NS,65.55,54.84,0.0,42.6,0.0,0.0,0.1663,46.8,46.8,0.0,0.0,,,,,,,,
,2026-08-29,MAZDOCK.NS,65.42,55.68,0.0,51.1,0.0,0.0,0.2516,42.9,45.5,0.0,0.0,,,,,,,,
,2026-08-29,GRSE.NS,65.14,55.7,0.0,46.1,0.0,0.0,0.1165,27.0,36.5,0.0,0.0,,,,,,,,
,2026-08-29,JPPOWER.NS,65.09,72.42,1.0,52.1,0.0,0.0,0.5122,54.5,55.5,0.0,1.0,,,,,,,,
,2026-08-29,TORNTPHARM.NS,64.54,82.96,0.0,50.0,0.0,0.0,0.7043,56.4,56.3,1.0,1.0,,,,,,,,
,2026-08-29,NAUKRI.NS,64.53,52.17,0.0,43.4,0.0,0.0,0.3734,59.3,56.1,1.0,1.0,,,,,,,,
,2026-08-29,JIOFIN.NS,64.37,58.94,0.0,51.7,0.0,0.0,0.4678,54.0,54.2,0.0,0.0,,,,,,,,
,2026-08-29,JSWSTEEL.NS,64.01,57.07,0.0,42.9,0.0,0.0,0.2411,49.7,46.4,0.0,0.0,,,,,,,,
,2026-08-29,UPL.NS,63.52,61.34,0.0,47.4,0.0,0.0,0.4871,37.0,43.1,0.0,0.0,,,,,,,,
,2026-08-29,TIINDIA.NS,63.48,51.66,0.0,44.8,0.0,0.0,0.3819,43.1,43.8,0.0,0.0,,,,,,,,
,2026-08-29,NAVINFLUOR.NS,63.3,52.76,0.0,40.6,0.0,0.0,0.0369,51.7,50.7,0.0,0.0,,,,,,,,
,2026-08-29,BAJFINANCE.NS,63.25,53.13,0.0,50.7,0.0,0.0,0.071,43.6,46.0,0.0,0.0,,,,,,,,
,2026-08-29,ICICIBANK.NS,62.77,52.85,0.0,48.1,0.0,0.0,-0.5073,25.9,36.0,0.0,0.0,,,,,,,,
,2026-08-29,KOTAKBANK.NS,62.59,54.54,0.0,47.3,0.0,0.0,0.0792,44.4,41.8,0.0,0.0,,,,,,,,
,2026-08-29,PERSISTENT.NS,62.36,53.27,0.0,42.6,0.0,0.0,0.394,47.2,45.1,0.0,0.0,,,,,,,,
,2026-08-29,ALKEM.NS,61.5,51.54,0.0,50.9,0.0,0.0,0.4041,51.3,53.5,0.0,0.0,,,,,,,,
,2026-08-29,CAMS.NS,61.38,59.37,0.0,48.8,0.0,0.0,0.4987,55.1,54.9,1.0,0.0,,,,,,,,
,2026-08-29,HDFCLIFE.NS,61.19,57.99,0.0,47.6,0.0,0.0,0.4772,49.4,49.2,0.0,0.0,,,,,,,,
,2026-08-29,CHOLAFIN.NS,61.18,50.43,0.0,49.3,0.0,0.0,-0.0094,31.6,42.6,0.0,0.0,,,,,,,,
,2026-08-29,CUMMINSIND.NS,61.09,51.4,0.0,49.0,0.0,0.0,0.4022,46.5,49.9,0.0,0.0,,,,,,,,
,2026-08-29,VBL.NS,60.79,50.3,0.0,52.9,0.0,0.0,0.2577,51.7,52.8,0.0,0.0,,,,,,,,
,2026-08-29,BAJAJ-AUTO.NS,60.66,52.29,0.0,41.4,0.0,0.0,0.3735,36.5,38.2,0.0,0.0,,,,,,,,
,2026-08-29,EASEMYTRIP.NS,60.38,61.95,0.0,48.5,0.0,0.0,0.4343,46.9,49.5,0.0,0.0,,,,,,,,
,2026-08-29,BIOCON.NS,60.31,73.55,0.0,53.3,0.0,0.0,0.5069,57.4,59.4,1.0,1.0,,,,,,,,
,2026-08-29,MARUTI.NS,60.05,57.59,0.0,54.6,0.0,0.0,0.3778,53.3,54.6,0.0,0.0,,,,,,,,
,2026-08-29,ADANIENT.NS,59.77,61.44,0.0,43.3,0.0,0.0,0.3238,53.2,50.1,0.0,0.0,,,,,,,,
,2026-08-29,HINDALCO.NS,59.69,55.76,0.0,50.3,0.0,0.0,0.594,47.6,51.2,0.0,0.0,,,,,,,,
,2026-08-29,COALINDIA.NS,59.27,50.34,0.0,47.8,0.0,0.0,0.3254,36.1,40.7,0.0,0.0,,,,,,,,
,2026-08-29,TATATECH.NS,58.81,58.46,0.0,45.5,0.0,0.0,0.4838,54.9,53.9,0.0,0.0,,,,,,,,
,2026-08-29,ABB.NS,58.8,53.33,0.0,49.1,0.0,0.0,0.3487,49.8,50.3,0.0,0.0,,,,,,,,
,2026-08-29,LTM.NS,58.45,55.54,0.0,49.1,0.0,0.0,0.5624,58.6,58.4,1.0,1.0,,,,,,,,
,2026-08-29,M&M.NS,57.86,51.0,0.0,53.7,0.0,0.0,0.4142,41.9,48.3,0.0,0.0,,,,,,,,
,2026-08-29,SHREECEM.NS,57.53,61.05,0.0,59.1,1.0,0.0,0.6109,59.4,56.8,1.0,1.0,,,,,,,,
,2026-08-29,HDFCAMC.NS,57.51,50.93,0.0,45.7,0.0,0.0,0.3487,39.7,43.3,0.0,0.0,,,,,,,,
,2026-08-29,COCHINSHIP.NS,57.44,58.26,0.0,46.0,0.0,0.0,0.4122,47.4,48.2,0.0,0.0,,,,,,,,
,2026-08-29,ADANIPOWER.NS,57.16,54.79,0.0,46.5,0.0,0.0,0.0838,48.4,49.4,0.0,0.0,,,,,,,,
,2026-08-29,UBL.NS,56.83,54.07,0.0,51.0,0.0,0.0,0.3196,52.4,53.5,0.0,0.0,,,,,,,,
,2026-08-29,AARTIIND.NS,56.51,54.1,0.0,49.3,0.0,0.0,0.5007,49.7,49.1,0.0,0.0,,,,,,,,
,2026-08-29,DMART.NS,55.94,69.51,0.0,53.3,0.0,0.0,0.4756,56.1,55.8,1.0,1.0,,,,,,,,
,2026-08-29,BLS.NS,55.77,63.08,0.0,47.2,0.0,0.0,0.5617,54.4,52.2,0.0,0.0,,,,,,,,
,2026-08-29,LICI.NS,55.35,54.4,0.0,41.6,0.0,0.0,0.3855,53.1,48.3,0.0,0.0,,,,,,,,
,2026-08-29,BHARATFORG.NS,55.23,55.04,0.0,53.1,0.0,0.0,0.7004,51.6,52.4,0.0,0.0,,,,,,,,
,2026-08-29,BHEL.NS,55.14,59.29,0.0,47.0,0.0,0.0,0.5794,49.7,51.3,0.0,0.0,,,,,,,,
,2026-08-29,TORNTPOWER.NS,55.03,52.92,0.0,48.8,0.0,0.0,0.3929,60.6,57.9,1.0,1.0,,,,,,,,
,2026-08-29,ZYDUSLIFE.NS,54.8,50.2,0.0,38.6,0.0,0.0,0.2449,48.5,47.3,0.0,0.0,,,,,,,,
,2026-08-29,ASIANPAINT.NS,54.59,52.87,0.0,54.0,0.0,0.0,0.3801,58.0,57.5,1.0,1.0,,,,,,,,
,2026-08-29,GAIL.NS,54.59,55.69,0.0,50.6,0.0,0.0,0.412,47.5,48.7,0.0,0.0,,,,,,,,
,2026-08-29,POLICYBZR.NS,54.4,57.65,0.0,48.8,0.0,0.0,0.4488,54.9,51.6,0.0,0.0,,,,,,,,
,2026-08-29,RADICO.NS,53.1,54.75,0.0,50.9,0.0,0.0,0.4853,55.5,53.7,1.0,0.0,,,,,,,,
,2026-08-29,SUNTV.NS,52.94,51.73,0.0,56.9,1.0,0.0,0.5178,56.8,57.6,1.0,1.0,,,,,,,,
,2026-08-29,APLAPOLLO.NS,52.82,53.99,0.0,48.6,0.0,0.0,0.3905,50.7,48.9,0.0,0.0,,,,,,,,
,2026-08-29,NHPC.NS,52.5,55.61,0.0,54.6,0.0,0.0,0.3645,56.2,55.7,1.0,1.0,,,,,,,,
,2026-08-29,HAVELLS.NS,52.43,53.26,0.0,57.4,1.0,0.0,0.4473,51.8,54.3,0.0,0.0,,,,,,,,
,2026-08-29,ACC.NS,52.16,52.68,0.0,52.6,0.0,0.0,0.5306,49.0,50.6,0.0,0.0,,,,,,,,
,2026-08-29,RELIANCE.NS,49.79,41.57,0.0,50.6,0.0,0.0,0.2698,45.8,46.7,0.0,0.0,,,,,,,,
,2026-08-29,NATCOPHARM.NS,49.21,49.14,0.0,56.5,1.0,0.0,0.4805,64.5,60.1,1.0,1.0,,,,,,,,
,2026-08-29,NYKAA.NS,46.05,52.34,0.0,47.4,0.0,0.0,0.333,49.1,48.8,0.0,0.0,,,,,,,,
,2026-08-29,NAM-INDIA.NS,46.04,50.18,0.0,48.2,0.0,0.0,0.4429,50.5,50.7,0.0,0.0,,,,,,,,
,2026-08-29,AJANTPHARM.NS,45.46,51.02,0.0,47.1,0.0,0.0,0.5157,57.2,55.0,1.0,0.0,,,,,,,,
,2026-08-29,IRCTC.NS,44.81,50.23,0.0,50.5,0.0,0.0,0.509,50.5,53.3,0.0,0.0,,,,,,,,
,2026-08-29,SUNPHARMA.NS,44.27,49.08,0.0,48.3,0.0,0.0,0.4362,42.4,43.2,0.0,0.0,,,,,,,,
,2026-08-29,AUROPHARMA.NS,44.27,51.23,0.0,47.5,0.0,0.0,0.5586,58.8,55.0,1.0,0.0,,,,,,,,
,2026-08-29,TATAPOWER.NS,44.15,48.82,0.0,48.8,0.0,0.0,0.734,51.4,54.1,0.0,0.0,,,,,,,,
,2026-08-29,DRREDDY.NS,42.48,47.41,0.0,46.9,0.0,0.0,0.3518,44.1,43.8,0.0,0.0,,,,,,,,
,2026-08-29,ADANIGREEN.NS,42.35,39.85,0.0,48.9,0.0,0.0,0.2051,56.5,54.0,1.0,0.0,,,,,,,,
,2026-08-29,AXISBANK.NS,41.93,49.75,0.0,40.2,0.0,0.0,0.1932,43.3,44.9,0.0,0.0,,,,,,,,
,2026-08-29,HDFCBANK.NS,41.72,49.18,0.0,45.6,0.0,0.0,-0.6844,43.7,47.0,0.0,0.0,,,,,,,,
,2026-08-29,DABUR.NS,41.58,45.68,0.0,54.4,0.0,0.0,0.5483,59.3,58.1,1.0,1.0,,,,,,,,
,2026-08-29,TATACONSUM.NS,40.66,43.58,0.0,51.4,0.0,0.0,0.5091,57.3,56.9,1.0,1.0,,,,,,,,
,2026-08-29,TMCV.NS,40.2,44.11,0.0,56.0,1.0,0.0,0.6749,59.0,56.7,1.0,1.0,,,,,,,,
,2026-08-29,DLF.NS,39.27,34.93,0.0,42.9,0.0,0.0,0.386,54.2,51.5,0.0,0.0,,,,,,,,
,2026-08-29,HINDUNILVR.NS,38.68,42.18,0.0,49.6,0.0,0.0,0.4667,54.8,55.0,0.0,0.0,,,,,,,,
,2026-08-29,INDIGO.NS,38.11,49.91,0.0,49.6,0.0,0.0,0.5776,56.9,55.3,1.0,1.0,,,,,,,,
,2026-08-29,GODREJPROP.NS,37.87,36.85,0.0,46.5,0.0,0.0,0.5002,55.0,53.2,0.0,0.0,,,,,,,,
,2026-08-29,ITC.NS,37.81,43.95,0.0,52.7,0.0,0.0,0.5312,56.3,57.6,1.0,1.0,,,,,,,,
,2026-08-29,BRITANNIA.NS,37.66,43.78,0.0,51.6,0.0,0.0,0.5084,58.6,57.9,1.0,1.0,,,,,,,,
,2026-08-29,COLPAL.NS,37.14,42.54,0.0,55.2,1.0,0.0,0.6592,67.5,62.2,1.0,1.0,,,,,,,,
,2026-08-29,TMPV.NS,36.82,43.0,0.0,46.7,0.0,0.0,0.484,50.9,53.2,0.0,0.0,,,,,,,,
,2026-08-29,BSE.NS,36.61,45.99,0.0,47.0,0.0,0.0,0.5734,52.4,53.6,0.0,0.0,,,,,,,,
,2026-08-29,BAJAJFINSV.NS,36.12,49.71,0.0,51.2,0.0,0.0,0.5247,64.0,59.2,1.0,1.0,,,,,,,,
,2026-08-29,CIPLA.NS,35.34,37.51,0.0,50.0,0.0,0.0,0.2732,51.7,51.2,0.0,0.0,,,,,,,,
,2026-08-29,OBEROIRLTY.NS,35.03,34.31,0.0,49.1,0.0,0.0,0.4903,56.9,53.5,1.0,0.0,,,,,,,,
,2026-08-29,LTIM.NS,35.03,34.31,0.0,45.8,0.0,0.0,0.495,43.5,45.2,0.0,0.0,,,,,,,,
,2026-08-29,ONGC.NS,34.77,37.77,0.0,49.4,0.0,0.0,0.4114,52.2,55.4,0.0,1.0,,,,,,,,
,2026-08-29,IOC.NS,34.67,37.54,0.0,51.1,0.0,0.0,0.4859,50.1,51.4,0.0,0.0,,,,,,,,
,2026-08-29,SJVN.NS,34.37,15.17,0.0,45.4,0.0,0.0,0.2439,44.6,48.8,0.0,0.0,,,,,,,,
,2026-08-29,BPCL.NS,34.21,40.4,0.0,43.5,0.0,0.0,0.4499,49.8,49.7,0.0,0.0,,,,,,,,
,2026-08-29,HINDCOPPER.NS,33.39,46.42,0.0,56.2,1.0,0.0,0.8144,58.5,56.9,1.0,1.0,,,,,,,,
,2026-08-29,PRESTIGE.NS,32.39,34.84,0.0,50.1,0.0,0.0,0.3632,54.1,52.9,0.0,0.0,,,,,,,,
,2026-08-29,PNB.NS,30.17,34.37,0.0,48.2,0.0,0.0,0.5335,54.8,54.0,0.0,0.0,,,,,,,,
,2026-08-29,IOB.NS,29.57,42.72,0.0,48.7,0.0,0.0,0.5799,52.8,55.3,0.0,1.0,,,,,,,,
,2026-08-29,LUPIN.NS,29.31,35.56,0.0,44.8,0.0,0.0,0.652,57.9,58.5,1.0,1.0,,,,,,,,
,2026-08-29,YESBANK.NS,27.93,30.65,0.0,52.5,0.0,0.0,0.3319,50.1,51.9,0.0,0.0,,,,,,,,
,2026-08-29,BANKBARODA.NS,22.83,33.85,0.0,45.0,0.0,0.0,0.5131,46.6,49.6,0.0,0.0,,,,,,,,
,2026-08-29,TRENT.NS,20.87,18.6,0.0,44.9,0.0,0.0,0.4039,52.2,52.7,0.0,0.0,,,,,,,,
,2026-08-29,INDUSINDBK.NS,20.68,30.34,0.0,51.1,0.0,0.0,0.3915,56.7,56.3,1.0,1.0,,,,,,,,
,2026-08-29,BANSALWIRE.NS,20.08,34.16,0.0,45.8,0.0,0.0,0.4032,48.1,49.5,0.0,0.0,,,,,,,,
,2026-08-29,JYOTHYLAB.NS,13.98,17.19,0.0,52.1,0.0,0.0,0.5076,53.4,51.3,0.0,0.0,,,,,,,,
,2026-08-30,ADANIENSOL.NS,83.29,83.63,1.0,47.0,0.0,0.0,-0.1774,31.6,37.8,0.0,0.0,,,,,,,,
,2026-08-30,BALKRISIND.NS,78.82,78.65,1.0,43.3,0.0,0.0,0.2315,38.8,43.3,0.0,0.0,,,,,,,,
,2026-08-30,EICHER.NS,77.32,80.17,1.0,33.3,0.0,0.0,0.1535,22.2,32.5,0.0,0.0,,,,,,,,
,2026-08-30,OLECTRIC.NS,77.32,80.17,1.0,33.3,0.0,0.0,0.1535,22.2,32.5,0.0,0.0,,,,,,,,
,2026-08-30,SUZLON.NS,76.38,78.79,1.0,43.7,0.0,0.0,0.1142,31.0,38.8,0.0,0.0,,,,,,,,
,2026-08-30,IDEA.NS,75.71,69.98,0.0,44.1,0.0,0.0,0.0922,55.8,50.6,1.0,0.0,,,,,,,,
,2026-08-30,SAIL.NS,75.18,73.09,1.0,44.4,0.0,0.0,0.1713,52.5,54.6,0.0,0.0,,,,,,,,
,2026-08-30,SIEMENS.NS,74.91,68.05,0.0,38.3,0.0,0.0,-0.0048,36.2,41.5,0.0,0.0,,,,,,,,
,2026-08-30,PIDILITIND.NS,73.99,67.93,0.0,42.6,0.0,0.0,0.0481,38.6,44.2,0.0,0.0,,,,,,,,
,2026-08-30,HEROMOTOCO.NS,73.84,64.03,0.0,39.9,0.0,0.0,0.0485,31.4,37.3,0.0,0.0,,,,,,,,
,2026-08-30,ANGELONE.NS,72.52,88.92,1.0,43.1,0.0,0.0,0.273,35.1,41.5,0.0,0.0,,,,,,,,
,2026-08-30,MRF.NS,72.5,88.89,1.0,41.2,0.0,0.0,0.1825,35.0,43.5,0.0,0.0,,,,,,,,
,2026-08-30,SHYAMMETL.NS,72.47,88.81,1.0,45.2,0.0,0.0,0.3282,37.5,44.0,0.0,0.0,,,,,,,,
,2026-08-30,PAGEIND.NS,71.93,68.98,0.0,38.9,0.0,0.0,0.2499,51.2,50.3,0.0,0.0,,,,,,,,
,2026-08-30,BEL.NS,70.57,57.95,0.0,37.7,0.0,0.0,-0.4156,21.7,35.6,0.0,0.0,,,,,,,,
,2026-08-30,KAYNES.NS,70.49,56.02,0.0,37.7,0.0,0.0,-0.5132,33.4,40.2,0.0,0.0,,,,,,,,
,2026-08-30,DELTACORP.NS,70.33,81.94,1.0,46.8,0.0,0.0,0.2858,37.6,42.6,0.0,0.0,,,,,,,,
,2026-08-30,DIXON.NS,70.2,56.18,0.0,40.1,0.0,0.0,-0.5456,27.6,37.8,0.0,0.0,,,,,,,,
,2026-08-30,DATAPATTNS.NS,69.91,62.65,0.0,41.7,0.0,0.0,-0.2964,42.1,45.0,0.0,0.0,,,,,,,,
,2026-08-30,ETERNAL.NS,69.78,78.16,1.0,42.2,0.0,0.0,0.1718,38.1,43.0,0.0,0.0,,,,,,,,
,2026-08-30,VEDL.NS,69.77,61.83,0.0,35.1,0.0,0.0,0.1856,44.7,47.0,0.0,0.0,,,,,,,,
,2026-08-30,HAL.NS,69.7,57.94,0.0,45.5,0.0,0.0,-0.2623,31.7,41.6,0.0,0.0,,,,,,,,
,2026-08-30,INDHOTEL.NS,69.38,62.92,0.0,45.6,0.0,0.0,0.0259,42.4,47.4,0.0,0.0,,,,,,,,
,2026-08-30,L&T.NS,69.18,58.3,0.0,33.1,0.0,0.0,-0.0193,14.0,27.2,0.0,0.0,,,,,,,,
,2026-08-30,IRFC.NS,69.11,57.61,0.0,48.0,0.0,0.0,0.0272,36.9,41.4,0.0,0.0,,,,,,,,
,2026-08-30,POWERGRID.NS,69.03,56.77,0.0,39.8,0.0,0.0,-0.1379,27.5,34.7,0.0,0.0,,,,,,,,
,2026-08-30,VOLTAS.NS,68.87,80.82,1.0,50.2,0.0,0.0,0.2439,49.8,49.6,0.0,0.0,,,,,,,,
,2026-08-30,PRESTIGE.NS,68.72,66.43,0.0,38.4,0.0,0.0,-0.0296,30.9,40.4,0.0,0.0,,,,,,,,
,2026-08-30,NTPC.NS,68.58,57.42,0.0,46.1,0.0,0.0,-0.0554,39.8,43.3,0.0,0.0,,,,,,,,
,2026-08-30,PAYTM.NS,68.44,57.05,0.0,41.0,0.0,0.0,0.271,42.9,43.7,0.0,0.0,,,,,,,,
,2026-08-30,RVNL.NS,67.98,56.94,0.0,46.0,0.0,0.0,0.1282,43.8,46.8,0.0,0.0,,,,,,,,
,2026-08-30,BLUESTARCO.NS,67.75,78.33,1.0,45.3,0.0,0.0,0.2159,42.1,44.8,0.0,0.0,,,,,,,,
,2026-08-30,GRSE.NS,67.7,58.98,0.0,42.3,0.0,0.0,-0.1082,20.0,31.9,0.0,0.0,,,,,,,,
,2026-08-30,WIPRO.NS,67.48,52.04,0.0,41.9,0.0,0.0,-0.4945,23.4,36.9,0.0,0.0,,,,,,,,
,2026-08-30,GODREJCP.NS,67.27,58.54,0.0,39.3,0.0,0.0,0.1217,42.8,43.6,0.0,0.0,,,,,,,,
,2026-08-30,LAURUSLABS.NS,67.26,72.42,1.0,39.7,0.0,0.0,0.0972,37.4,43.3,0.0,0.0,,,,,,,,
,2026-08-30,MARICO.NS,67.18,56.67,0.0,44.0,0.0,0.0,0.0905,39.3,42.7,0.0,0.0,,,,,,,,
,2026-08-30,TMCV.NS,67.15,65.1,0.0,45.0,0.0,0.0,0.2554,44.2,47.6,0.0,0.0,,,,,,,,
,2026-08-30,EICHERMOT.NS,66.8,76.23,1.0,42.4,0.0,0.0,0.1338,37.2,42.1,0.0,0.0,,,,,,,,
,2026-08-30,MAZDOCK.NS,66.73,58.94,0.0,45.1,0.0,0.0,0.0561,31.9,34.7,0.0,0.0,,,,,,,,
,2026-08-30,ADANIPORTS.NS,66.6,51.87,0.0,36.9,0.0,0.0,-0.5506,13.4,30.5,0.0,0.0,,,,,,,,
,2026-08-30,MARUTI.NS,66.41,73.31,1.0,44.6,0.0,0.0,0.161,42.8,46.2,0.0,0.0,,,,,,,,
,2026-08-30,ABB.NS,66.3,64.47,0.0,45.4,0.0,0.0,0.1119,38.9,43.9,0.0,0.0,,,,,,,,
,2026-08-30,COFORGE.NS,66.19,72.73,1.0,36.2,0.0,0.0,0.226,37.0,42.0,0.0,0.0,,,,,,,,
,2026-08-30,HCLTECH.NS,66.13,50.3,0.0,38.9,0.0,0.0,-0.5906,20.0,34.1,0.0,0.0,,,,,,,,
,2026-08-30,NESTLEIND.NS,65.99,56.12,0.0,46.7,0.0,0.0,-0.0071,40.6,43.1,0.0,0.0,,,,,,,,
,2026-08-30,CUMMINSIND.NS,65.81,56.81,0.0,44.9,0.0,0.0,0.1456,37.8,42.3,0.0,0.0,,,,,,,,
,2026-08-30,TATAMOTORS.NS,65.78,59.22,0.0,31.3,0.0,0.0,0.0939,14.5,26.3,0.0,0.0,,,,,,,,
,2026-08-30,TCS.NS,65.75,50.26,0.0,41.6,0.0,0.0,-0.5871,27.6,37.9,0.0,0.0,,,,,,,,
,2026-08-30,COALINDIA.NS,65.52,58.05,0.0,45.3,0.0,0.0,0.025,29.5,37.5,0.0,0.0,,,,,,,,
,2026-08-30,SOLARINDS.NS,65.41,54.5,0.0,37.4,0.0,0.0,-0.1101,34.9,41.1,0.0,0.0,,,,,,,,
,2026-08-30,M&M.NS,65.34,63.79,0.0,45.5,0.0,0.0,0.1536,32.6,40.7,0.0,0.0,,,,,,,,
,2026-08-30,ZYDUSLIFE.NS,65.28,62.38,0.0,30.8,0.0,0.0,-0.0122,38.7,43.7,0.0,0.0,,,,,,,,
,2026-08-30,JPPOWER.NS,65.09,72.42,1.0,47.2,0.0,0.0,0.2664,43.6,46.1,0.0,0.0,,,,,,,,
,2026-08-30,DLF.NS,65.06,68.82,0.0,35.7,0.0,0.0,0.1704,34.7,42.6,0.0,0.0,,,,,,,,
,2026-08-30,VBL.NS,64.95,53.16,0.0,46.1,0.0,0.0,-0.016,44.6,47.6,0.0,0.0,,,,,,,,
,2026-08-30,BAJAJ-AUTO.NS,64.48,52.87,0.0,36.2,0.0,0.0,0.0657,27.3,32.9,0.0,0.0,,,,,,,,
,2026-08-30,APOLLOHOSP.NS,64.05,73.3,0.0,44.5,0.0,0.0,0.3488,38.0,42.9,0.0,0.0,,,,,,,,
,2026-08-30,ADANIGREEN.NS,63.56,67.67,0.0,42.1,0.0,0.0,-0.024,47.2,50.1,0.0,0.0,,,,,,,,
,2026-08-30,PERSISTENT.NS,63.56,54.09,0.0,39.3,0.0,0.0,0.1001,40.1,43.3,0.0,0.0,,,,,,,,
,2026-08-30,UPL.NS,63.53,61.34,0.0,41.6,0.0,0.0,0.1811,28.0,38.4,0.0,0.0,,,,,,,,
,2026-08-30,NAVINFLUOR.NS,63.43,53.05,0.0,36.9,0.0,0.0,-0.2438,37.8,42.8,0.0,0.0,,,,,,,,
,2026-08-30,SBIN.NS,63.43,50.51,0.0,43.6,0.0,0.0,-0.4795,21.6,33.0,0.0,0.0,,,,,,,,
,2026-08-30,NAUKRI.NS,63.4,51.44,0.0,40.6,0.0,0.0,0.0993,40.1,45.2,0.0,0.0,,,,,,,,
,2026-08-30,HINDUNILVR.NS,63.23,50.68,0.0,40.6,0.0,0.0,0.0062,33.3,38.6,0.0,0.0,,,,,,,,
,2026-08-30,TATAELXSI.NS,63.11,51.69,0.0,40.4,0.0,0.0,-0.0012,40.3,42.6,0.0,0.0,,,,,,,,
,2026-08-30,BIOCON.NS,62.69,67.08,0.0,47.7,0.0,0.0,0.1003,41.4,46.9,0.0,0.0,,,,,,,,
,2026-08-30,ALKEM.NS,62.33,53.38,0.0,46.7,0.0,0.0,0.1529,37.9,42.9,0.0,0.0,,,,,,,,
,2026-08-30,LTIM.NS,61.87,68.36,0.0,35.7,0.0,0.0,0.2654,29.4,36.3,0.0,0.0,,,,,,,,
,2026-08-30,OBEROIRLTY.NS,61.87,68.36,0.0,43.6,0.0,0.0,0.2486,42.7,44.6,0.0,0.0,,,,,,,,
,2026-08-30,TIINDIA.NS,61.81,51.58,0.0,40.3,0.0,0.0,0.1298,27.1,34.2,0.0,0.0,,,,,,,,
,2026-08-30,HDFCAMC.NS,61.29,54.85,0.0,39.9,0.0,0.0,0.0819,29.5,36.7,0.0,0.0,,,,,,,,
,2026-08-30,AMBER.NS,61.2,67.54,0.0,41.3,0.0,0.0,-0.0028,41.0,46.0,0.0,0.0,,,,,,,,
,2026-08-30,AJANTPHARM.NS,61.13,63.62,0.0,44.1,0.0,0.0,0.1986,39.4,42.8,0.0,0.0,,,,,,,,
,2026-08-30,ICICIBANK.NS,60.98,51.13,0.0,45.1,0.0,0.0,-0.6445,18.6,33.1,0.0,0.0,,,,,,,,
,2026-08-30,DABUR.NS,60.76,50.5,0.0,38.8,0.0,0.0,0.1373,41.3,44.3,0.0,0.0,,,,,,,,
,2026-08-30,DMART.NS,60.59,88.41,0.0,47.1,0.0,0.0,0.3412,38.4,45.6,0.0,0.0,,,,,,,,
,2026-08-30,EASEMYTRIP.NS,60.38,61.95,0.0,46.4,0.0,0.0,0.1963,39.4,42.7,0.0,0.0,,,,,,,,
,2026-08-30,MPHASIS.NS,60.31,51.34,0.0,40.3,0.0,0.0,-0.0036,38.7,43.7,0.0,0.0,,,,,,,,
,2026-08-30,POLICYBZR.NS,59.91,60.9,0.0,40.3,0.0,0.0,0.1398,39.2,42.2,0.0,0.0,,,,,,,,
,2026-08-30,GODREJPROP.NS,59.88,63.07,0.0,40.0,0.0,0.0,0.2714,39.0,42.5,0.0,0.0,,,,,,,,
,2026-08-30,HDFCLIFE.NS,59.74,56.89,0.0,44.2,0.0,0.0,0.1871,38.6,41.8,0.0,0.0,,,,,,,,
,2026-08-30,COCHINSHIP.NS,59.33,57.56,0.0,37.8,0.0,0.0,0.119,37.6,40.1,0.0,0.0,,,,,,,,
,2026-08-30,TATATECH.NS,58.81,58.46,0.0,39.3,0.0,0.0,0.1879,37.2,42.4,0.0,0.0,,,,,,,,
,2026-08-30,HINDALCO.NS,58.8,53.69,0.0,42.8,0.0,0.0,0.3147,35.6,40.5,0.0,0.0,,,,,,,,
,2026-08-30,NBCC.NS,58.74,53.8,0.0,44.4,0.0,0.0,0.1663,29.2,36.2,0.0,0.0,,,,,,,,
,2026-08-30,SHREECEM.NS,58.27,64.8,0.0,53.8,0.0,0.0,0.3598,50.2,49.0,0.0,0.0,,,,,,,,
,2026-08-30,BHEL.NS,58.14,65.95,0.0,38.8,0.0,0.0,0.3656,37.4,43.8,0.0,0.0,,,,,,,,
,2026-08-30,TORNTPHARM.NS,57.82,54.12,0.0,41.0,0.0,0.0,0.1959,35.8,40.7,0.0,0.0,,,,,,,,
,2026-08-30,ADANIPOWER.NS,57.16,54.79,0.0,41.9,0.0,0.0,-0.1674,37.3,42.9,0.0,0.0,,,,,,,,
,2026-08-30,SRF.NS,56.97,54.39,0.0,36.8,0.0,0.0,0.0342,31.4,40.2,0.0,0.0,,,,,,,,
,2026-08-30,UBL.NS,56.83,54.07,0.0,46.9,0.0,0.0,0.0735,37.3,43.2,0.0,0.0,,,,,,,,
,2026-08-30,CAMS.NS,56.64,51.59,0.0,39.6,0.0,0.0,0.1567,34.8,41.1,0.0,0.0,,,,,,,,
,2026-08-30,AARTIIND.NS,56.47,54.0,0.0,44.9,0.0,0.0,0.2226,36.2,41.1,0.0,0.0,,,,,,,,
,2026-08-30,APLAPOLLO.NS,56.06,54.58,0.0,39.9,0.0,0.0,0.113,39.4,43.1,0.0,0.0,,,,,,,,
,2026-08-30,BHARATFORG.NS,55.69,54.65,0.0,45.2,0.0,0.0,0.383,36.4,40.7,0.0,0.0,,,,,,,,
,2026-08-30,LICI.NS,55.22,53.99,0.0,35.8,0.0,0.0,0.1446,28.1,34.7,0.0,0.0,,,,,,,,
,2026-08-30,HAVELLS.NS,55.13,54.04,0.0,49.2,0.0,0.0,0.2037,41.6,45.4,0.0,0.0,,,,,,,,
,2026-08-30,GAIL.NS,54.85,52.85,0.0,46.8,0.0,0.0,0.1211,35.2,40.0,0.0,0.0,,,,,,,,
,2026-08-30,BLS.NS,53.89,52.45,0.0,43.0,0.0,0.0,0.1991,34.3,36.2,0.0,0.0,,,,,,,,
,2026-08-30,SUNTV.NS,53.13,52.14,0.0,49.2,0.0,0.0,0.229,41.1,44.2,0.0,0.0,,,,,,,,
,2026-08-30,AUROPHARMA.NS,52.69,56.03,0.0,41.1,0.0,0.0,0.2045,41.0,46.4,0.0,0.0,,,,,,,,
,2026-08-30,NAM-INDIA.NS,52.39,55.36,0.0,44.3,0.0,0.0,0.1826,37.8,41.4,0.0,0.0,,,,,,,,
,2026-08-30,ACC.NS,52.27,52.9,0.0,45.6,0.0,0.0,0.2502,39.0,42.0,0.0,0.0,,,,,,,,
,2026-08-30,ADANIENT.NS,52.18,55.57,0.0,41.6,0.0,0.0,0.0449,43.3,47.4,0.0,0.0,,,,,,,,
,2026-08-30,ASIANPAINT.NS,51.74,51.73,0.0,46.3,0.0,0.0,0.1365,40.2,43.4,0.0,0.0,,,,,,,,
,2026-08-30,NHPC.NS,48.47,55.58,0.0,47.3,0.0,0.0,0.0791,45.1,50.3,0.0,0.0,,,,,,,,
,2026-08-30,RELIANCE.NS,47.95,36.51,0.0,48.2,0.0,0.0,-0.0893,31.3,37.9,0.0,0.0,,,,,,,,
,2026-08-30,INFY.NS,47.39,49.72,0.0,40.8,0.0,0.0,-0.4462,24.7,34.4,0.0,0.0,,,,,,,,
,2026-08-30,NATCOPHARM.NS,46.53,48.57,0.0,51.8,0.0,0.0,0.2109,43.9,44.9,0.0,0.0,,,,,,,,
,2026-08-30,TATAPOWER.NS,46.06,56.24,0.0,37.8,0.0,0.0,0.5133,37.4,42.8,0.0,0.0,,,,,,,,
,2026-08-30,NYKAA.NS,46.05,52.34,0.0,42.1,0.0,0.0,0.046,36.9,42.8,0.0,0.0,,,,,,,,
,2026-08-30,BHARTIARTL.NS,45.66,43.54,0.0,51.9,0.0,0.0,0.1593,34.5,40.8,0.0,0.0,,,,,,,,
,2026-08-30,MANKIND.NS,45.2,50.44,0.0,44.6,0.0,0.0,0.0527,37.1,43.5,0.0,0.0,,,,,,,,
,2026-08-30,TATACONSUM.NS,44.87,49.56,0.0,45.1,0.0,0.0,0.2617,41.6,42.8,0.0,0.0,,,,,,,,
,2026-08-30,TATASTEEL.NS,44.71,43.99,0.0,45.4,0.0,0.0,0.1536,42.3,44.4,0.0,0.0,,,,,,,,
,2026-08-30,ITC.NS,44.39,49.81,0.0,47.6,0.0,0.0,0.3015,43.5,47.1,0.0,0.0,,,,,,,,
,2026-08-30,BRITANNIA.NS,43.41,49.14,0.0,47.8,0.0,0.0,0.2429,44.2,44.4,0.0,0.0,,,,,,,,
,2026-08-30,JSWSTEEL.NS,42.61,44.39,0.0,41.7,0.0,0.0,0.0949,42.7,47.1,0.0,0.0,,,,,,,,
,2026-08-30,COLPAL.NS,42.06,49.44,0.0,40.2,0.0,0.0,0.4368,49.0,48.8,0.0,0.0,,,,,,,,
,2026-08-30,BAJFINANCE.NS,40.75,46.42,0.0,46.8,0.0,0.0,0.1485,34.8,39.2,0.0,0.0,,,,,,,,
,2026-08-30,KOTAKBANK.NS,39.63,47.65,0.0,43.1,0.0,0.0,0.1155,41.7,46.7,0.0,0.0,,,,,,,,
,2026-08-30,JIOFIN.NS,39.36,46.6,0.0,47.8,0.0,0.0,0.4121,45.8,45.4,0.0,0.0,,,,,,,,
,2026-08-30,MUTHOOTFIN.NS,38.98,44.33,0.0,49.5,0.0,0.0,0.073,41.0,41.3,0.0,0.0,,,,,,,,
,2026-08-30,SUNPHARMA.NS,37.79,40.31,0.0,40.1,0.0,0.0,0.1308,37.6,39.0,0.0,0.0,,,,,,,,
,2026-08-30,CHOLAFIN.NS,37.69,42.76,0.0,48.5,0.0,0.0,0.0786,34.5,42.1,0.0,0.0,,,,,,,,
,2026-08-30,PNB.NS,37.17,47.12,0.0,44.6,0.0,0.0,0.3421,39.5,42.3,0.0,0.0,,,,,,,,
,2026-08-30,TMPV.NS,36.4,42.05,0.0,44.7,0.0,0.0,0.2064,35.8,41.1,0.0,0.0,,,,,,,,
,2026-08-30,AXISBANK.NS,35.89,42.24,0.0,42.2,0.0,0.0,0.0724,40.2,42.1,0.0,0.0,,,,,,,,
,2026-08-30,DRREDDY.NS,35.74,39.29,0.0,43.1,0.0,0.0,0.0439,41.5,42.5,0.0,0.0,,,,,,,,
,2026-08-30,CIPLA.NS,35.5,36.33,0.0,47.9,0.0,0.0,-0.0457,36.1,40.1,0.0,0.0,,,,,,,,
,2026-08-30,HDFCBANK.NS,35.26,38.41,0.0,37.8,0.0,0.0,-1.1265,27.8,37.0,0.0,0.0,,,,,,,,
,2026-08-30,TITAN.NS,35.02,42.96,0.0,44.3,0.0,0.0,0.1851,42.8,46.0,0.0,0.0,,,,,,,,
,2026-08-30,ONGC.NS,34.6,41.3,0.0,46.8,0.0,0.0,0.1666,36.6,41.0,0.0,0.0,,,,,,,,
,2026-08-30,SJVN.NS,34.38,15.17,0.0,37.9,0.0,0.0,-0.0304,29.7,38.2,0.0,0.0,,,,,,,,
,2026-08-30,IOC.NS,34.3,36.26,0.0,48.7,0.0,0.0,0.1881,30.1,37.1,0.0,0.0,,,,,,,,
,2026-08-30,HINDCOPPER.NS,33.39,46.42,0.0,51.1,0.0,0.0,0.5371,41.2,42.1,0.0,0.0,,,,,,,,
,2026-08-30,INDIGO.NS,33.19,40.52,0.0,44.8,0.0,0.0,0.2408,38.6,40.4,0.0,0.0,,,,,,,,
,2026-08-30,BSE.NS,32.48,42.35,0.0,34.9,0.0,0.0,0.3116,35.0,39.8,0.0,0.0,,,,,,,,
,2026-08-30,BPCL.NS,32.37,36.23,0.0,41.1,0.0,0.0,0.1333,37.0,41.1,0.0,0.0,,,,,,,,
,2026-08-30,GOLDBEES.NS,31.05,42.8,0.0,43.0,0.0,0.0,0.2806,38.0,41.5,0.0,0.0,,,,,,,,
,2026-08-30,IOB.NS,29.51,42.57,0.0,42.4,0.0,0.0,0.2974,33.2,39.2,0.0,0.0,,,,,,,,
,2026-08-30,BANSALWIRE.NS,27.85,34.12,0.0,45.5,0.0,0.0,0.045,34.2,41.3,0.0,0.0,,,,,,,,
,2026-08-30,INDUSINDBK.NS,25.03,36.99,0.0,46.5,0.0,0.0,0.1874,34.6,39.0,0.0,0.0,,,,,,,,
,2026-08-30,BANKBARODA.NS,22.36,33.76,0.0,43.0,0.0,0.0,0.2794,38.2,40.4,0.0,0.0,,,,,,,,
,2026-08-30,LUPIN.NS,22.27,36.23,0.0,40.8,0.0,0.0,0.4262,35.6,38.7,0.0,0.0,,,,,,,,
,2026-08-30,YESBANK.NS,20.14,31.6,0.0,43.3,0.0,0.0,0.2278,37.0,41.1,0.0,0.0,,,,,,,,
,2026-08-30,IRCTC.NS,16.72,17.72,0.0,44.7,0.0,0.0,0.1841,32.2,37.6,0.0,0.0,,,,,,,,
,2026-08-30,JYOTHYLAB.NS,13.98,17.19,0.0,47.2,0.0,0.0,0.2188,34.1,39.8,0.0,0.0,,,,,,,,
,2026-08-30,TECHM.NS,60.06,61.24,0.0,44.6,0.0,0.0,0.1123,39.8,45.5,0.0,0.0,,,,,,,,
,2026-08-30,GRANULES.NS,54.78,52.29,0.0,40.7,0.0,0.0,0.1721,29.5,36.1,0.0,0.0,,,,,,,,
,2026-08-30,BERGEPAINT.NS,45.68,51.51,0.0,49.0,0.0,0.0,0.3022,39.2,42.5,0.0,0.0,,,,,,,,
,2026-08-30,LTM.NS,59.15,55.57,0.0,43.1,0.0,0.0,0.2785,41.9,45.6,0.0,0.0,,,,,,,,
,2026-08-30,EMAMILTD.NS,57.3,55.12,0.0,47.7,0.0,0.0,0.2626,38.6,41.6,0.0,0.0,,,,,,,,
,2026-08-31,ADANIENSOL.NS,83.05,83.63,1.0,47.5,0.0,0.0,-0.1814,30.6,39.8,0.0,0.0,-1.3052,0.0,0.0,0.0,1.0,1.0,1.0,1.0
,2026-08-31,HEROMOTOCO.NS,79.17,77.4,1.0,44.7,0.0,0.0,0.1375,33.2,41.3,0.0,0.0,3.633,1.0,0.0,1.0,0.0,0.0,1.0,1.0
,2026-08-31,BALKRISIND.NS,77.91,76.85,1.0,46.8,0.0,0.0,0.2323,35.7,45.2,0.0,0.0,2.321,1.0,1.0,1.0,0.0,0.0,0.0,0.0
,2026-08-31,SOLARINDS.NS,76.13,76.87,1.0,41.0,0.0,0.0,-0.0016,40.1,44.4,0.0,0.0,0.2835,1.0,1.0,1.0,0.0,0.0,0.0,0.0
,2026-08-31,IDEA.NS,75.58,69.98,0.0,42.2,0.0,0.0,0.09,54.0,52.1,0.0,0.0,0.2093,1.0,1.0,0.0,0.0,0.0,0.0,0.0
,2026-08-31,SAIL.NS,74.8,68.17,0.0,43.1,0.0,0.0,0.1248,49.5,53.4,0.0,0.0,1.5538,1.0,1.0,0.0,0.0,0.0,0.0,0.0
,2026-08-31,BAJAJFINSV.NS,74.26,92.79,1.0,50.2,0.0,0.0,0.2329,37.9,46.8,0.0,0.0,-2.5037,0.0,0.0,0.0,1.0,1.0,1.0,1.0
,2026-08-31,PAGEIND.NS,73.54,65.44,0.0,40.8,0.0,0.0,0.1981,47.7,49.5,0.0,0.0,-0.3492,0.0,1.0,1.0,1.0,1.0,0.0,0.0
,2026-08-31,SUZLON.NS,72.74,76.63,1.0,47.9,0.0,0.0,0.1186,33.3,44.8,0.0,0.0,-1.4731,0.0,0.0,0.0,1.0,1.0,1.0,1.0
,2026-08-31,SIEMENS.NS,72.66,62.79,0.0,39.3,0.0,0.0,-0.0312,39.3,46.3,0.0,0.0,0.1141,1.0,0.0,0.0,0.0,0.0,1.0,1.0
,2026-08-31,HAVELLS.NS,71.71,74.38,1.0,45.3,0.0,0.0,0.1954,46.7,53.0,0.0,0.0,-1.9211,0.0,0.0,0.0,1.0,1.0,1.0,1.0
,2026-08-31,PRESTIGE.NS,71.55,70.68,1.0,40.1,0.0,0.0,0.0032,31.8,42.9,0.0,0.0,-4.6846,0.0,0.0,0.0,1.0,1.0,1.0,1.0
,2026-08-31,DELTACORP.NS,70.3,81.96,1.0,48.8,0.0,0.0,0.3385,36.6,46.4,0.0,0.0,-1.8129,0.0,0.0,0.0,1.0,1.0,1.0,1.0
,2026-08-31,COFORGE.NS,69.9,60.17,0.0,33.7,0.0,0.0,0.0332,33.4,42.3,0.0,0.0,-0.4181,0.0,0.0,1.0,1.0,1.0,1.0,1.0
,2026-08-31,INDHOTEL.NS,69.65,63.87,0.0,45.7,0.0,0.0,0.0081,40.6,49.9,0.0,0.0,-3.1847,0.0,0.0,1.0,1.0,1.0,1.0,1.0
,2026-08-31,CUMMINSIND.NS,69.55,64.64,0.0,45.4,0.0,0.0,0.1912,41.7,48.3,0.0,0.0,-0.5975,0.0,0.0,1.0,1.0,1.0,1.0,1.0
,2026-08-31,TIINDIA.NS,69.41,59.81,0.0,41.2,0.0,0.0,0.131,28.7,40.0,0.0,0.0,-0.6043,0.0,0.0,1.0,1.0,1.0,1.0,1.0
,2026-08-31,DLF.NS,68.92,73.35,1.0,39.2,0.0,0.0,0.167,32.5,43.1,0.0,0.0,-2.9737,0.0,0.0,0.0,1.0,1.0,1.0,1.0
,2026-08-31,VOLTAS.NS,68.87,80.82,1.0,53.5,0.0,0.0,0.2505,47.7,53.5,0.0,0.0,0.3014,1.0,0.0,1.0,0.0,0.0,1.0,1.0
,2026-08-31,BLUESTARCO.NS,67.75,78.33,1.0,44.3,0.0,0.0,0.2149,37.8,46.3,0.0,0.0,0.5602,1.0,1.0,1.0,0.0,0.0,0.0,0.0
,2026-08-31,HDFCAMC.NS,67.19,56.93,0.0,37.6,0.0,0.0,0.0184,28.8,40.0,0.0,0.0,-3.3408,0.0,0.0,1.0,1.0,1.0,1.0,1.0
,2026-08-31,GODREJCP.NS,67.17,58.54,0.0,44.2,0.0,0.0,0.1439,45.5,49.3,0.0,0.0,0.1054,1.0,0.0,0.0,0.0,0.0,1.0,1.0
,2026-08-31,ALKEM.NS,67.16,58.31,0.0,45.8,0.0,0.0,0.1006,34.0,43.9,0.0,0.0,-0.5535,0.0,0.0,1.0,1.0,1.0,1.0,1.0
,2026-08-31,PAYTM.NS,66.93,56.66,0.0,38.7,0.0,0.0,0.2679,30.7,40.4,0.0,0.0,-3.3661,0.0,0.0,1.0,1.0,1.0,1.0,1.0
,2026-08-31,KAYNES.NS,66.86,52.34,0.0,39.1,0.0,0.0,-0.5327,26.3,36.9,0.0,0.0,-1.289,0.0,0.0,1.0,1.0,1.0,1.0,1.0
,2026-08-31,ADANIGREEN.NS,66.86,72.2,1.0,43.3,0.0,0.0,-0.0023,37.7,47.9,0.0,0.0,4.0579,1.0,1.0,1.0,0.0,0.0,0.0,0.0
,2026-08-31,EICHERMOT.NS,66.8,76.23,1.0,41.8,0.0,0.0,0.1291,37.6,44.3,0.0,0.0,1.2007,1.0,0.0,1.0,0.0,0.0,1.0,1.0
,2026-08-31,BEL.NS,66.52,53.23,0.0,40.5,0.0,0.0,-0.4152,32.1,40.3,0.0,0.0,-0.5067,0.0,0.0,1.0,1.0,1.0,1.0,1.0
,2026-08-31,WIPRO.NS,66.44,52.43,0.0,43.5,0.0,0.0,-0.3616,25.7,39.2,0.0,0.0,-1.7886,0.0,0.0,1.0,1.0,1.0,1.0,1.0
,2026-08-31,DIXON.NS,66.37,52.39,0.0,41.0,0.0,0.0,-0.5302,30.4,39.5,0.0,0.0,-1.0101,0.0,0.0,1.0,1.0,1.0,1.0,1.0
,2026-08-31,LTIM.NS,66.22,69.4,0.0,41.9,0.0,0.0,0.2379,27.6,39.6,0.0,0.0,,,,,,,,
,2026-08-31,ABB.NS,66.13,60.66,0.0,46.1,0.0,0.0,0.0421,48.3,51.4,0.0,0.0,-2.7427,0.0,0.0,1.0,1.0,1.0,1.0,1.0
,2026-08-31,CAMS.NS,65.64,57.55,0.0,40.5,0.0,0.0,0.1058,33.0,43.6,0.0,0.0,-1.9182,0.0,0.0,1.0,1.0,1.0,1.0,1.0
,2026-08-31,POWERGRID.NS,65.5,52.54,0.0,40.5,0.0,0.0,-0.1826,27.5,36.2,0.0,0.0,-0.3794,0.0,1.0,1.0,1.0,1.0,0.0,0.0
,2026-08-31,JPPOWER.NS,65.37,71.0,1.0,48.1,0.0,0.0,0.2646,41.6,48.8,0.0,0.0,1.2158,1.0,0.0,1.0,0.0,0.0,1.0,1.0
,2026-08-31,AMBER.NS,65.37,73.99,1.0,43.1,0.0,0.0,0.006,35.6,45.7,0.0,0.0,-0.3018,0.0,0.0,0.0,1.0,1.0,1.0,1.0
,2026-08-31,NTPC.NS,65.34,52.83,0.0,48.3,0.0,0.0,-0.1238,38.5,43.0,0.0,0.0,-0.5956,0.0,1.0,1.0,1.0,1.0,0.0,0.0
,2026-08-31,PIDILITIND.NS,65.31,54.4,0.0,42.4,0.0,0.0,0.0267,28.8,40.2,0.0,0.0,-2.6545,0.0,0.0,1.0,1.0,1.0,1.0,1.0
,2026-08-31,HCLTECH.NS,65.28,50.71,0.0,40.7,0.0,0.0,-0.4683,19.6,37.1,0.0,0.0,2.2405,1.0,1.0,0.0,0.0,0.0,0.0,0.0
,2026-08-31,ZYDUSLIFE.NS,65.24,62.38,0.0,31.5,0.0,0.0,-0.0406,30.0,41.7,0.0,0.0,-0.3703,0.0,0.0,1.0,1.0,1.0,1.0,1.0
,2026-08-31,MPHASIS.NS,65.18,57.09,0.0,39.8,0.0,0.0,0.0198,46.3,51.4,0.0,0.0,3.2174,1.0,1.0,0.0,0.0,0.0,0.0,0.0
,2026-08-31,L&T.NS,65.14,53.77,0.0,43.4,0.0,0.0,-0.045,11.2,26.5,0.0,0.0,,,,,,,,
,2026-08-31,VEDL.NS,65.04,54.23,0.0,37.7,0.0,0.0,0.1236,33.7,42.3,0.0,0.0,-0.0539,0.0,0.0,1.0,1.0,1.0,1.0,1.0
,2026-08-31,IRFC.NS,65.01,52.82,0.0,50.7,0.0,0.0,-0.0271,34.2,40.6,0.0,0.0,0.048,1.0,0.0,0.0,0.0,0.0,1.0,1.0
,2026-08-31,HAL.NS,65.01,52.87,0.0,45.6,0.0,0.0,-0.254,31.7,39.5,0.0,0.0,0.2582,1.0,0.0,0.0,0.0,0.0,1.0,1.0
,2026-08-31,GRSE.NS,65.0,54.37,0.0,41.0,0.0,0.0,-0.1061,20.7,33.9,0.0,0.0,-0.7055,0.0,0.0,1.0,1.0,1.0,1.0,1.0
,2026-08-31,OBEROIRLTY.NS,64.91,70.93,0.0,44.7,0.0,0.0,0.2499,38.5,46.1,0.0,0.0,0.6799,1.0,1.0,0.0,0.0,0.0,0.0,0.0
,2026-08-31,TCS.NS,64.89,50.57,0.0,41.3,0.0,0.0,-0.437,31.2,42.0,0.0,0.0,-2.0464,0.0,0.0,1.0,1.0,1.0,1.0,1.0
,2026-08-31,TATAPOWER.NS,64.8,78.07,0.0,47.0,0.0,0.0,0.4939,42.5,48.8,0.0,0.0,1.1671,1.0,1.0,0.0,0.0,0.0,0.0,0.0
,2026-08-31,INFY.NS,64.62,50.61,0.0,42.4,0.0,0.0,-0.5744,25.6,38.8,0.0,0.0,0.7144,1.0,0.0,0.0,0.0,0.0,1.0,1.0
,2026-08-31,TATASTEEL.NS,64.47,52.16,0.0,41.3,0.0,0.0,-0.0142,34.5,42.6,0.0,0.0,-0.5045,0.0,0.0,1.0,1.0,1.0,1.0,1.0
,2026-08-31,MARICO.NS,63.94,62.67,0.0,45.2,0.0,0.0,0.178,42.9,49.1,0.0,0.0,1.9695,1.0,1.0,0.0,0.0,0.0,0.0,0.0
,2026-08-31,HINDUNILVR.NS,63.46,64.32,0.0,43.0,0.0,0.0,0.1452,34.8,43.8,0.0,0.0,1.352,1.0,0.0,0.0,0.0,0.0,1.0,1.0
,2026-08-31,NAVINFLUOR.NS,63.37,53.07,0.0,36.5,0.0,0.0,-0.2371,39.6,46.4,0.0,0.0,-0.4553,0.0,1.0,1.0,1.0,1.0,0.0,0.0
,2026-08-31,NAUKRI.NS,63.26,51.44,0.0,38.5,0.0,0.0,0.0957,41.3,47.2,0.0,0.0,3.6786,1.0,1.0,0.0,0.0,0.0,0.0,0.0
,2026-08-31,MAZDOCK.NS,63.22,53.86,0.0,46.7,0.0,0.0,0.0572,40.4,44.1,0.0,0.0,0.2177,1.0,0.0,0.0,0.0,0.0,1.0,1.0
,2026-08-31,DMART.NS,63.2,88.41,0.0,50.0,0.0,0.0,0.3228,40.6,49.3,0.0,0.0,-2.8179,0.0,0.0,1.0,1.0,1.0,1.0,1.0
,2026-08-31,GODREJPROP.NS,63.17,65.54,0.0,41.4,0.0,0.0,0.2568,37.4,45.0,0.0,0.0,-1.8216,0.0,0.0,1.0,1.0,1.0,1.0,1.0
,2026-08-31,COCHINSHIP.NS,63.08,60.71,0.0,40.1,0.0,0.0,0.1161,36.7,43.2,0.0,0.0,-2.2583,0.0,0.0,1.0,1.0,1.0,1.0,1.0
,2026-08-31,RVNL.NS,62.96,52.15,0.0,50.5,0.0,0.0,0.0969,49.8,53.3,0.0,0.0,0.0762,1.0,0.0,0.0,0.0,0.0,1.0,1.0
,2026-08-31,BIOCON.NS,62.69,67.08,0.0,49.7,0.0,0.0,0.0738,39.1,48.6,0.0,0.0,-1.7233,0.0,0.0,1.0,1.0,1.0,1.0,1.0
,2026-08-31,DATAPATTNS.NS,62.51,50.18,0.0,41.0,0.0,0.0,-0.3198,27.2,37.2,0.0,0.0,-0.721,0.0,1.0,1.0,1.0,1.0,0.0,0.0
,2026-08-31,HINDALCO.NS,62.46,54.7,0.0,44.6,0.0,0.0,0.2939,33.7,42.1,0.0,0.0,-0.1034,0.0,0.0,1.0,1.0,1.0,1.0,1.0
,2026-08-31,JIOFIN.NS,62.32,63.51,0.0,49.4,0.0,0.0,0.2528,44.5,48.8,0.0,0.0,-1.3176,0.0,0.0,1.0,1.0,1.0,1.0,1.0
,2026-08-31,JSWSTEEL.NS,61.71,50.56,0.0,36.9,0.0,0.0,-0.0808,35.6,41.5,0.0,0.0,0.6806,1.0,1.0,0.0,0.0,0.0,0.0,0.0
,2026-08-31,SUNTV.NS,61.46,56.23,0.0,49.9,0.0,0.0,0.1045,39.8,47.3,0.0,0.0,-0.8581,0.0,0.0,1.0,1.0,1.0,1.0,1.0
,2026-08-31,TITAN.NS,61.36,58.79,0.0,45.4,0.0,0.0,0.0354,33.0,43.8,0.0,0.0,-0.6938,0.0,0.0,1.0,1.0,1.0,1.0,1.0
,2026-08-31,SHREECEM.NS,61.34,53.13,0.0,49.9,0.0,0.0,0.173,45.1,49.0,0.0,0.0,1.6164,1.0,1.0,0.0,0.0,0.0,0.0,0.0
,2026-08-31,COALINDIA.NS,61.23,50.33,0.0,50.6,0.0,0.0,0.0064,30.4,40.4,0.0,0.0,0.0622,1.0,1.0,0.0,0.0,0.0,0.0,0.0
,2026-08-31,POLICYBZR.NS,61.14,60.15,0.0,39.6,0.0,0.0,0.1948,36.1,43.3,0.0,0.0,-2.4427,0.0,0.0,1.0,1.0,1.0,1.0,1.0
,2026-08-31,TMCV.NS,60.87,63.79,0.0,47.5,0.0,0.0,0.3309,33.3,45.0,0.0,0.0,-1.5814,0.0,0.0,1.0,1.0,1.0,1.0,1.0
,2026-08-31,EASEMYTRIP.NS,60.71,60.63,0.0,49.9,0.0,0.0,0.2132,34.0,44.9,0.0,0.0,-1.8033,0.0,0.0,1.0,1.0,1.0,1.0,1.0
,2026-08-31,MRF.NS,60.55,58.83,0.0,42.6,0.0,0.0,0.0366,34.0,44.8,0.0,0.0,-1.0542,0.0,0.0,1.0,1.0,1.0,1.0,1.0
,2026-08-31,NESTLEIND.NS,60.42,50.86,0.0,51.1,0.0,0.0,-0.0381,40.6,46.5,0.0,0.0,-3.0404,0.0,0.0,1.0,1.0,1.0,1.0,1.0
,2026-08-31,LAURUSLABS.NS,60.25,61.67,0.0,40.4,0.0,0.0,0.0177,31.5,42.2,0.0,0.0,-3.389,0.0,0.0,1.0,1.0,1.0,1.0,1.0
,2026-08-31,TECHM.NS,60.06,61.24,0.0,45.5,0.0,0.0,0.1131,39.8,49.1,0.0,0.0,0.5221,1.0,0.0,0.0,0.0,0.0,1.0,1.0
,2026-08-31,NBCC.NS,59.92,53.54,0.0,46.4,0.0,0.0,0.1288,29.4,40.1,0.0,0.0,-0.29,0.0,1.0,1.0,1.0,1.0,0.0,0.0
,2026-08-31,LICI.NS,59.72,58.65,0.0,36.2,0.0,0.0,0.1262,33.1,41.5,0.0,0.0,-0.4545,0.0,0.0,1.0,1.0,1.0,1.0,1.0
,2026-08-31,MUTHOOTFIN.NS,59.26,51.21,0.0,45.1,0.0,0.0,-0.11,51.9,49.1,0.0,0.0,-1.1853,0.0,0.0,1.0,1.0,1.0,1.0,1.0
,2026-08-31,LTM.NS,59.24,54.8,0.0,44.9,0.0,0.0,0.2732,34.9,44.8,0.0,0.0,1.8722,1.0,1.0,0.0,0.0,0.0,0.0,0.0
,2026-08-31,MANKIND.NS,59.16,68.32,0.0,47.9,0.0,0.0,0.0896,37.8,47.7,0.0,0.0,-2.1205,0.0,0.0,1.0,1.0,1.0,1.0,1.0
,2026-08-31,M&M.NS,58.92,52.51,0.0,51.8,0.0,0.0,0.1274,35.4,44.1,0.0,0.0,0.8227,1.0,0.0,0.0,0.0,0.0,1.0,1.0
,2026-08-31,TATATECH.NS,58.81,58.46,0.0,42.1,0.0,0.0,0.1923,37.2,45.9,0.0,0.0,1.0288,1.0,0.0,0.0,0.0,0.0,1.0,1.0
,2026-08-31,BAJAJ-AUTO.NS,58.72,50.09,0.0,40.0,0.0,0.0,0.1136,27.6,34.9,0.0,0.0,1.9044,1.0,0.0,0.0,0.0,0.0,1.0,1.0
,2026-08-31,EMAMILTD.NS,58.18,55.02,0.0,50.4,0.0,0.0,0.2646,35.9,44.5,0.0,0.0,2.2665,1.0,1.0,0.0,0.0,0.0,0.0,0.0
,2026-08-31,APOLLOHOSP.NS,58.17,63.35,0.0,48.5,0.0,0.0,0.2988,37.0,45.7,0.0,0.0,-1.6126,0.0,0.0,1.0,1.0,1.0,1.0,1.0
,2026-08-31,BHEL.NS,58.1,65.95,0.0,41.3,0.0,0.0,0.3763,33.1,45.2,0.0,0.0,-2.9369,0.0,0.0,1.0,1.0,1.0,1.0,1.0
,2026-08-31,TORNTPHARM.NS,57.78,54.12,0.0,44.2,0.0,0.0,0.1753,33.0,43.0,0.0,0.0,-2.0825,0.0,0.0,1.0,1.0,1.0,1.0,1.0
,2026-08-31,SRF.NS,57.55,55.67,0.0,38.8,0.0,0.0,0.0649,31.0,42.8,0.0,0.0,1.2342,1.0,1.0,0.0,0.0,0.0,0.0,0.0
,2026-08-31,ETERNAL.NS,57.39,61.81,0.0,39.8,0.0,0.0,0.1678,35.6,44.8,0.0,0.0,-0.5181,0.0,0.0,1.0,1.0,1.0,1.0,1.0
,2026-08-31,ADANIPOWER.NS,57.16,54.79,0.0,42.1,0.0,0.0,-0.1684,34.9,43.3,0.0,0.0,3.1212,1.0,1.0,0.0,0.0,0.0,0.0,0.0
,2026-08-31,GAIL.NS,56.92,55.01,0.0,47.8,0.0,0.0,0.1103,37.6,44.5,0.0,0.0,-2.1803,0.0,0.0,1.0,1.0,1.0,1.0,1.0
,2026-08-31,RADICO.NS,56.83,54.07,0.0,46.9,0.0,0.0,0.1657,39.1,45.1,0.0,0.0,-0.2386,0.0,1.0,1.0,1.0,1.0,0.0,0.0
,2026-08-31,BLS.NS,56.36,51.91,0.0,43.2,0.0,0.0,0.1671,40.2,44.0,0.0,0.0,-0.9852,0.0,0.0,1.0,1.0,1.0,1.0,1.0
,2026-08-31,AUROPHARMA.NS,55.89,61.04,0.0,45.2,0.0,0.0,0.1653,35.0,45.5,0.0,0.0,-1.357,0.0,0.0,1.0,1.0,1.0,1.0,1.0
,2026-08-31,GOLDBEES.NS,55.48,51.81,0.0,44.9,0.0,0.0,0.0586,38.0,43.1,0.0,0.0,-3.0003,0.0,0.0,1.0,1.0,1.0,1.0,1.0
,2026-08-31,AARTIIND.NS,54.96,53.82,0.0,43.3,0.0,0.0,0.2227,33.3,43.9,0.0,0.0,0.0572,1.0,0.0,0.0,0.0,0.0,1.0,1.0
,2026-08-31,ULTRACEMCO.NS,54.95,50.62,0.0,45.6,0.0,0.0,0.0277,35.9,42.3,0.0,0.0,-0.4367,0.0,0.0,1.0,1.0,1.0,1.0,1.0
,2026-08-31,GRANULES.NS,54.78,52.29,0.0,44.0,0.0,0.0,0.171,33.2,40.5,0.0,0.0,1.0501,1.0,1.0,0.0,0.0,0.0,0.0,0.0
,2026-08-31,NAM-INDIA.NS,54.7,55.81,0.0,45.5,0.0,0.0,0.1713,37.3,46.3,0.0,0.0,1.7999,1.0,0.0,0.0,0.0,0.0,1.0,1.0
,2026-08-31,ASIANPAINT.NS,54.6,52.45,0.0,49.3,0.0,0.0,0.1703,38.1,48.9,0.0,0.0,-2.8037,0.0,0.0,1.0,1.0,1.0,1.0,1.0
,2026-08-31,BHARATFORG.NS,53.97,54.2,0.0,44.0,0.0,0.0,0.3971,39.3,46.3,0.0,0.0,-2.1949,0.0,0.0,1.0,1.0,1.0,1.0,1.0
,2026-08-31,ACC.NS,53.14,54.94,0.0,47.7,0.0,0.0,0.2335,34.1,43.1,0.0,0.0,0.5875,1.0,0.0,0.0,0.0,0.0,1.0,1.0
,2026-08-31,SHYAMMETL.NS,51.98,52.35,0.0,40.8,0.0,0.0,0.2104,35.8,45.3,0.0,0.0,-0.631,0.0,0.0,1.0,1.0,1.0,1.0,1.0
,2026-08-31,ADANIENT.NS,51.36,50.99,0.0,42.4,0.0,0.0,0.0492,39.5,47.1,0.0,0.0,1.3431,1.0,1.0,0.0,0.0,0.0,0.0,0.0
,2026-08-31,NHPC.NS,51.05,51.62,0.0,46.6,0.0,0.0,0.041,38.2,47.5,0.0,0.0,-1.4729,0.0,0.0,1.0,1.0,1.0,1.0,1.0
,2026-08-31,APLAPOLLO.NS,50.94,50.14,0.0,37.5,0.0,0.0,0.0903,37.4,46.0,0.0,0.0,0.6881,1.0,0.0,0.0,0.0,0.0,1.0,1.0
,2026-08-31,NATCOPHARM.NS,49.95,50.09,0.0,54.6,0.0,0.0,0.2009,45.5,50.8,0.0,0.0,0.2614,1.0,0.0,0.0,0.0,0.0,1.0,1.0
,2026-08-31,RELIANCE.NS,49.93,38.52,0.0,51.2,0.0,0.0,-0.193,35.4,42.1,0.0,0.0,2.13,1.0,1.0,0.0,0.0,0.0,0.0,0.0
,2026-08-31,BHARTIARTL.NS,49.75,49.73,0.0,55.0,0.0,0.0,0.1624,41.1,47.6,0.0,0.0,2.7871,1.0,1.0,0.0,0.0,0.0,0.0,0.0
,2026-08-31,ANGELONE.NS,47.59,45.76,0.0,44.0,0.0,0.0,0.1474,38.1,45.8,0.0,0.0,-1.0805,0.0,0.0,1.0,1.0,1.0,1.0,1.0
,2026-08-31,NYKAA.NS,45.74,49.6,0.0,43.3,0.0,0.0,0.0741,35.3,43.5,0.0,0.0,-2.5461,0.0,0.0,1.0,1.0,1.0,1.0,1.0
,2026-08-31,ADANIPORTS.NS,45.29,47.54,0.0,44.7,0.0,0.0,-0.3098,30.2,39.1,0.0,0.0,3.3833,1.0,1.0,0.0,0.0,0.0,0.0,0.0
,2026-08-31,SBIN.NS,45.03,49.7,0.0,44.3,0.0,0.0,-0.1264,29.5,37.1,0.0,0.0,-1.8113,0.0,0.0,1.0,1.0,1.0,1.0,1.0
,2026-08-31,HDFCLIFE.NS,43.38,35.49,0.0,47.9,0.0,0.0,0.1272,34.6,44.3,0.0,0.0,0.0368,1.0,0.0,0.0,0.0,0.0,1.0,1.0
,2026-08-31,SUNPHARMA.NS,41.95,45.93,0.0,47.7,0.0,0.0,0.1804,40.7,46.4,0.0,0.0,-2.4133,0.0,0.0,1.0,1.0,1.0,1.0,1.0
,2026-08-31,ICICIBANK.NS,41.74,48.72,0.0,49.5,0.0,0.0,-0.3707,31.1,46.5,0.0,0.0,-1.1486,0.0,0.0,1.0,1.0,1.0,1.0,1.0
,2026-08-31,TATAELXSI.NS,41.71,49.07,0.0,47.0,0.0,0.0,0.2612,44.3,47.9,0.0,0.0,1.2016,1.0,1.0,0.0,0.0,0.0,0.0,0.0
,2026-08-31,TATAMOTORS.NS,41.71,49.07,0.0,50.2,0.0,0.0,0.3065,24.0,38.1,0.0,0.0,,,,,,,,
<<<<<<< HEAD,,,,,,,,,,,,,,,,,,,,,
,2026-08-31,VBL.NS,41.06,47.54,0.0,50.6,0.0,0.0,0.2313,41.5,50.2,0.0,0.0,1.3485,1.0,1.0,0.0,0.0,0.0,0.0,0.0
,2026-08-31,MARUTI.NS,41.04,50.26,0.0,50.8,0.0,0.0,0.2104,38.1,44.9,0.0,0.0,-4.4069,0.0,0.0,1.0,1.0,1.0,1.0,1.0
,2026-08-31,BAJFINANCE.NS,40.86,44.83,0.0,48.8,0.0,0.0,0.1079,41.6,46.3,0.0,0.0,-0.2933,0.0,0.0,1.0,1.0,1.0,1.0,1.0
,2026-08-31,ITC.NS,40.78,49.18,0.0,50.5,0.0,0.0,0.3338,39.6,47.7,0.0,0.0,4.3444,1.0,1.0,0.0,0.0,0.0,0.0,0.0
,2026-08-31,TMPV.NS,39.23,46.24,0.0,45.2,0.0,0.0,0.21,38.9,45.9,0.0,0.0,0.3723,1.0,1.0,0.0,0.0,0.0,0.0,0.0
,2026-08-31,DRREDDY.NS,39.22,43.09,0.0,48.0,0.0,0.0,0.0802,43.3,47.0,0.0,0.0,1.438,1.0,1.0,0.0,0.0,0.0,0.0,0.0
,2026-08-31,CIPLA.NS,38.12,44.38,0.0,46.8,0.0,0.0,0.0778,43.8,48.6,0.0,0.0,0.9793,1.0,0.0,0.0,0.0,0.0,1.0,1.0
,2026-08-31,CHOLAFIN.NS,38.08,42.64,0.0,51.1,0.0,0.0,0.0581,42.8,46.6,0.0,0.0,-2.2989,0.0,0.0,1.0,1.0,1.0,1.0,1.0
,2026-08-31,KOTAKBANK.NS,37.82,45.9,0.0,43.0,0.0,0.0,0.1245,39.6,46.4,0.0,0.0,1.3352,1.0,1.0,0.0,0.0,0.0,0.0,0.0
,2026-08-31,TATACONSUM.NS,37.59,49.16,0.0,48.0,0.0,0.0,0.3064,41.6,46.5,0.0,0.0,-0.6747,0.0,0.0,1.0,1.0,1.0,1.0,1.0
,2026-08-31,PERSISTENT.NS,37.16,38.87,0.0,44.8,0.0,0.0,0.2667,39.0,46.9,0.0,0.0,3.6733,1.0,1.0,0.0,0.0,0.0,0.0,0.0
,2026-08-31,PNB.NS,37.13,47.12,0.0,48.1,0.0,0.0,0.3472,42.4,46.5,0.0,0.0,0.8667,1.0,1.0,0.0,0.0,0.0,0.0,0.0
,2026-08-31,ONGC.NS,36.51,42.09,0.0,52.4,0.0,0.0,0.0624,42.9,46.7,0.0,0.0,2.006,1.0,1.0,0.0,0.0,0.0,0.0,0.0
,2026-08-31,BPCL.NS,35.94,36.68,0.0,47.5,0.0,0.0,0.0537,39.0,43.2,0.0,0.0,-1.975,0.0,0.0,1.0,1.0,1.0,1.0,1.0
,2026-08-31,DABUR.NS,35.85,40.68,0.0,49.5,0.0,0.0,0.3415,40.7,46.2,0.0,0.0,0.7874,1.0,0.0,0.0,0.0,0.0,1.0,1.0
,2026-08-31,AXISBANK.NS,35.13,40.63,0.0,44.9,0.0,0.0,0.0567,43.7,45.3,0.0,0.0,-3.2308,0.0,0.0,1.0,1.0,1.0,1.0,1.0
,2026-08-31,IOC.NS,35.08,34.79,0.0,51.3,0.0,0.0,0.1141,30.9,39.4,0.0,0.0,-1.8688,0.0,0.0,1.0,1.0,1.0,1.0,1.0
,2026-08-31,COLPAL.NS,34.72,41.79,0.0,51.8,0.0,0.0,0.4281,42.5,47.6,0.0,0.0,-1.992,0.0,0.0,1.0,1.0,1.0,1.0,1.0
,2026-08-31,BSE.NS,34.62,47.32,0.0,36.5,0.0,0.0,0.3204,39.3,44.8,0.0,0.0,-1.2188,0.0,1.0,1.0,1.0,1.0,0.0,0.0
,2026-08-31,HDFCBANK.NS,34.61,38.17,0.0,41.2,0.0,0.0,-1.5805,28.5,40.5,0.0,0.0,0.409,1.0,0.0,0.0,0.0,0.0,1.0,1.0
,2026-08-31,BRITANNIA.NS,34.49,42.21,0.0,49.6,0.0,0.0,0.254,39.2,45.2,0.0,0.0,-1.2,0.0,0.0,1.0,1.0,1.0,1.0,1.0
,2026-08-31,SJVN.NS,34.25,15.17,0.0,44.8,0.0,0.0,-0.039,29.4,41.0,0.0,0.0,0.3245,1.0,1.0,0.0,0.0,0.0,0.0,0.0
,2026-08-31,UPL.NS,32.77,36.73,0.0,46.4,0.0,0.0,0.3133,33.0,42.7,0.0,0.0,0.8626,1.0,1.0,0.0,0.0,0.0,0.0,0.0
,2026-08-31,INDIGO.NS,31.11,36.0,0.0,47.6,0.0,0.0,0.1631,36.3,40.9,0.0,0.0,-3.4773,0.0,0.0,1.0,1.0,1.0,1.0,1.0
,2026-08-31,IOB.NS,28.93,42.24,0.0,45.9,0.0,0.0,0.3046,40.2,45.3,0.0,0.0,-0.616,0.0,1.0,1.0,1.0,1.0,0.0,0.0
,2026-08-31,IRCTC.NS,28.0,39.29,0.0,48.0,0.0,0.0,0.2915,34.3,41.0,0.0,0.0,0.0208,1.0,0.0,0.0,0.0,0.0,1.0,1.0
,2026-08-31,BANSALWIRE.NS,27.85,34.12,0.0,47.2,0.0,0.0,-0.026,35.3,43.2,0.0,0.0,0.979,1.0,1.0,0.0,0.0,0.0,0.0,0.0
,2026-08-31,TORNTPOWER.NS,24.91,47.02,0.0,48.4,0.0,0.0,0.3279,44.5,49.4,0.0,0.0,0.3457,1.0,1.0,0.0,0.0,0.0,0.0,0.0
,2026-08-31,INDUSINDBK.NS,24.58,35.71,0.0,50.9,0.0,0.0,0.1146,40.4,45.1,0.0,0.0,-2.3608,0.0,0.0,1.0,1.0,1.0,1.0,1.0
,2026-08-31,YESBANK.NS,24.26,37.98,0.0,49.9,0.0,0.0,0.1995,35.0,42.3,0.0,0.0,-3.1975,0.0,0.0,1.0,1.0,1.0,1.0,1.0
,2026-08-31,BANKBARODA.NS,22.73,33.85,0.0,49.0,0.0,0.0,0.266,35.4,43.2,0.0,0.0,-0.3772,0.0,1.0,1.0,1.0,1.0,0.0,0.0
,2026-08-31,LUPIN.NS,22.22,36.23,0.0,41.9,0.0,0.0,0.3743,37.7,42.4,0.0,0.0,-1.6176,0.0,0.0,1.0,1.0,1.0,1.0,1.0
,2026-08-31,JYOTHYLAB.NS,27.02,32.27,0.0,47.5,0.0,0.0,0.2177,34.7,42.3,0.0,0.0,0.6586,1.0,0.0,0.0,0.0,0.0,1.0,1.0
,2026-08-31,BERGEPAINT.NS,45.68,51.51,0.0,50.8,0.0,0.0,0.3068,38.2,45.9,0.0,0.0,-1.3862,0.0,0.0,1.0,1.0,1.0,1.0,1.0
,2026-08-31,UBL.NS,25.11,28.03,0.0,38.4,0.0,0.0,-0.3081,40.0,45.5,0.0,0.0,0.0306,1.0,0.0,0.0,0.0,0.0,1.0,1.0
,2026-08-31,SILVERBEES.NS,24.85,27.45,0.0,35.2,0.0,0.0,-0.3528,35.2,41.9,0.0,0.0,-3.4766,0.0,0.0,1.0,1.0,1.0,1.0,1.0
=======,,,,,,,,,,,,,,,,,,,,,
,2026-08-31,VBL.NS,41.06,47.54,0.0,50.6,0.0,0.0,0.2313,41.5,50.2,0.0,0.0,1.3485,1.0,1.0,0.0,0.0,0.0,0.0,0.0
,2026-08-31,MARUTI.NS,41.04,50.26,0.0,50.8,0.0,0.0,0.2104,38.1,44.9,0.0,0.0,-4.4069,0.0,0.0,1.0,1.0,1.0,1.0,1.0
,2026-08-31,BAJFINANCE.NS,40.86,44.83,0.0,48.8,0.0,0.0,0.1079,41.6,46.3,0.0,0.0,-0.2933,0.0,0.0,1.0,1.0,1.0,1.0,1.0
,2026-08-31,ITC.NS,40.78,49.18,0.0,50.5,0.0,0.0,0.3338,39.6,47.7,0.0,0.0,4.3444,1.0,1.0,0.0,0.0,0.0,0.0,0.0
,2026-08-31,TMPV.NS,39.23,46.24,0.0,45.2,0.0,0.0,0.21,38.9,45.9,0.0,0.0,0.3723,1.0,1.0,0.0,0.0,0.0,0.0,0.0
,2026-08-31,DRREDDY.NS,39.22,43.09,0.0,48.0,0.0,0.0,0.0802,43.3,47.0,0.0,0.0,1.438,1.0,1.0,0.0,0.0,0.0,0.0,0.0
,2026-08-31,CIPLA.NS,38.12,44.38,0.0,46.8,0.0,0.0,0.0778,43.8,48.6,0.0,0.0,0.9793,1.0,0.0,0.0,0.0,0.0,1.0,1.0
,2026-08-31,CHOLAFIN.NS,38.08,42.64,0.0,51.1,0.0,0.0,0.0581,42.8,46.6,0.0,0.0,-2.2989,0.0,0.0,1.0,1.0,1.0,1.0,1.0
,2026-08-31,KOTAKBANK.NS,37.82,45.9,0.0,43.0,0.0,0.0,0.1245,39.6,46.4,0.0,0.0,1.3352,1.0,1.0,0.0,0.0,0.0,0.0,0.0
,2026-08-31,TATACONSUM.NS,37.59,49.16,0.0,48.0,0.0,0.0,0.3064,41.6,46.5,0.0,0.0,-0.6747,0.0,0.0,1.0,1.0,1.0,1.0,1.0
,2026-08-31,PERSISTENT.NS,37.16,38.87,0.0,44.8,0.0,0.0,0.2667,39.0,46.9,0.0,0.0,3.6733,1.0,1.0,0.0,0.0,0.0,0.0,0.0
,2026-08-31,PNB.NS,37.13,47.12,0.0,48.1,0.0,0.0,0.3472,42.4,46.5,0.0,0.0,0.8667,1.0,1.0,0.0,0.0,0.0,0.0,0.0
,2026-08-31,ONGC.NS,36.51,42.09,0.0,52.4,0.0,0.0,0.0624,42.9,46.7,0.0,0.0,2.006,1.0,1.0,0.0,0.0,0.0,0.0,0.0
,2026-08-31,BPCL.NS,35.94,36.68,0.0,47.5,0.0,0.0,0.0537,39.0,43.2,0.0,0.0,-1.975,0.0,0.0,1.0,1.0,1.0,1.0,1.0
,2026-08-31,DABUR.NS,35.85,40.68,0.0,49.5,0.0,0.0,0.3415,40.7,46.2,0.0,0.0,0.7874,1.0,0.0,0.0,0.0,0.0,1.0,1.0
,2026-08-31,AXISBANK.NS,35.13,40.63,0.0,44.9,0.0,0.0,0.0567,43.7,45.3,0.0,0.0,-3.2308,0.0,0.0,1.0,1.0,1.0,1.0,1.0
,2026-08-31,IOC.NS,35.08,34.79,0.0,51.3,0.0,0.0,0.1141,30.9,39.4,0.0,0.0,-1.8688,0.0,0.0,1.0,1.0,1.0,1.0,1.0
,2026-08-31,COLPAL.NS,34.72,41.79,0.0,51.8,0.0,0.0,0.4281,42.5,47.6,0.0,0.0,-1.992,0.0,0.0,1.0,1.0,1.0,1.0,1.0
,2026-08-31,BSE.NS,34.62,47.32,0.0,36.5,0.0,0.0,0.3204,39.3,44.8,0.0,0.0,-1.2188,0.0,1.0,1.0,1.0,1.0,0.0,0.0
,2026-08-31,HDFCBANK.NS,34.61,38.17,0.0,41.2,0.0,0.0,-1.5805,28.5,40.5,0.0,0.0,0.409,1.0,0.0,0.0,0.0,0.0,1.0,1.0
,2026-08-31,BRITANNIA.NS,34.49,42.21,0.0,49.6,0.0,0.0,0.254,39.2,45.2,0.0,0.0,-1.2,0.0,0.0,1.0,1.0,1.0,1.0,1.0
,2026-08-31,SJVN.NS,34.25,15.17,0.0,44.8,0.0,0.0,-0.039,29.4,41.0,0.0,0.0,0.3245,1.0,1.0,0.0,0.0,0.0,0.0,0.0
,2026-08-31,UPL.NS,32.77,36.73,0.0,46.4,0.0,0.0,0.3133,33.0,42.7,0.0,0.0,0.8626,1.0,1.0,0.0,0.0,0.0,0.0,0.0
,2026-08-31,INDIGO.NS,31.11,36.0,0.0,47.6,0.0,0.0,0.1631,36.3,40.9,0.0,0.0,-3.4773,0.0,0.0,1.0,1.0,1.0,1.0,1.0
,2026-08-31,IOB.NS,28.93,42.24,0.0,45.9,0.0,0.0,0.3046,40.2,45.3,0.0,0.0,-0.616,0.0,1.0,1.0,1.0,1.0,0.0,0.0
,2026-08-31,IRCTC.NS,28.0,39.29,0.0,48.0,0.0,0.0,0.2915,34.3,41.0,0.0,0.0,0.0208,1.0,0.0,0.0,0.0,0.0,1.0,1.0
,2026-08-31,BANSALWIRE.NS,27.85,34.12,0.0,47.2,0.0,0.0,-0.026,35.3,43.2,0.0,0.0,0.979,1.0,1.0,0.0,0.0,0.0,0.0,0.0
,2026-08-31,TORNTPOWER.NS,24.91,47.02,0.0,48.4,0.0,0.0,0.3279,44.5,49.4,0.0,0.0,0.3457,1.0,1.0,0.0,0.0,0.0,0.0,0.0
,2026-08-31,INDUSINDBK.NS,24.58,35.71,0.0,50.9,0.0,0.0,0.1146,40.4,45.1,0.0,0.0,-2.3608,0.0,0.0,1.0,1.0,1.0,1.0,1.0
,2026-08-31,YESBANK.NS,24.26,37.98,0.0,49.9,0.0,0.0,0.1995,35.0,42.3,0.0,0.0,-3.1975,0.0,0.0,1.0,1.0,1.0,1.0,1.0
,2026-08-31,BANKBARODA.NS,22.73,33.85,0.0,49.0,0.0,0.0,0.266,35.4,43.2,0.0,0.0,-0.3772,0.0,1.0,1.0,1.0,1.0,0.0,0.0
,2026-08-31,LUPIN.NS,22.22,36.23,0.0,41.9,0.0,0.0,0.3743,37.7,42.4,0.0,0.0,-1.6176,0.0,0.0,1.0,1.0,1.0,1.0,1.0
,2026-08-31,JYOTHYLAB.NS,27.02,32.27,0.0,47.5,0.0,0.0,0.2177,34.7,42.3,0.0,0.0,0.6586,1.0,0.0,0.0,0.0,0.0,1.0,1.0
,2026-08-31,BERGEPAINT.NS,45.68,51.51,0.0,50.8,0.0,0.0,0.3068,38.2,45.9,0.0,0.0,-1.3862,0.0,0.0,1.0,1.0,1.0,1.0,1.0
,2026-08-31,HINDCOPPER.NS,68.54,80.1,1.0,36.7,0.0,0.0,0.1412,36.5,41.7,0.0,0.0,0.5044,1.0,0.0,1.0,0.0,0.0,1.0,1.0
,2026-08-31,UBL.NS,25.14,28.09,0.0,38.4,0.0,0.0,-0.3221,41.7,43.4,0.0,0.0,0.0306,1.0,0.0,0.0,0.0,0.0,1.0,1.0
,2026-08-31,SILVERBEES.NS,24.85,27.45,0.0,35.9,0.0,0.0,-0.3678,41.7,43.4,0.0,0.0,-3.4766,0.0,0.0,1.0,1.0,1.0,1.0,1.0
,2026-08-31,LT.NS,56.77,53.93,0.0,45.5,0.0,0.0,-0.3005,21.7,31.4,0.0,0.0,-0.8727,0.0,0.0,1.0,1.0,1.0,1.0,1.0
,2026-09-01,DLF.NS,82.03,82.03,1.0,40.7,0.0,0.0,-0.4377,37.2,39.2,0.0,0.0,-0.237,0.0,1.0,0.0,1.0,1.0,0.0,0.0
,2026-09-01,LTIM.NS,81.86,82.14,1.0,49.1,0.0,0.0,-0.3863,14.8,23.7,0.0,0.0,,,,,,,,
,2026-09-01,OBEROIRLTY.NS,80.71,81.32,1.0,49.0,0.0,0.0,-0.4384,32.7,36.4,0.0,0.0,-0.7816,0.0,0.0,0.0,1.0,1.0,1.0,1.0
,2026-09-01,BALKRISIND.NS,80.25,84.63,1.0,54.6,0.0,0.0,-0.3798,46.2,51.4,0.0,0.0,-0.1158,0.0,0.0,0.0,1.0,1.0,1.0,1.0
,2026-09-01,GODREJPROP.NS,79.93,78.94,1.0,50.7,0.0,0.0,-0.6235,38.7,39.7,0.0,0.0,-0.3691,0.0,1.0,0.0,1.0,1.0,0.0,0.0
,2026-09-01,PRESTIGE.NS,78.46,76.96,1.0,41.8,0.0,0.0,-0.2759,26.1,32.8,0.0,0.0,-1.2038,0.0,1.0,0.0,1.0,1.0,0.0,0.0
,2026-09-01,HEROMOTOCO.NS,77.65,72.6,1.0,55.3,1.0,1.0,-0.6544,46.5,47.0,0.0,0.0,-5.1755,0.0,0.0,0.0,0.0,0.0,1.0,1.0
,2026-09-01,SUZLON.NS,77.06,81.64,1.0,42.6,0.0,0.0,-0.3945,24.2,31.6,0.0,0.0,-1.5484,0.0,0.0,0.0,1.0,1.0,1.0,1.0
,2026-09-01,IDEA.NS,76.48,71.3,1.0,47.0,0.0,0.0,-0.3377,23.6,33.2,0.0,0.0,3.7696,1.0,1.0,1.0,0.0,0.0,0.0,0.0
,2026-09-01,SAIL.NS,75.96,70.75,1.0,46.8,0.0,0.0,-0.782,49.3,46.9,0.0,0.0,-0.0674,0.0,1.0,0.0,1.0,1.0,0.0,0.0
,2026-09-01,ADANIGREEN.NS,75.69,71.31,1.0,52.1,0.0,0.0,-0.5457,43.6,42.7,0.0,0.0,1.2174,1.0,1.0,1.0,0.0,0.0,0.0,0.0
,2026-09-01,SIEMENS.NS,75.54,68.11,0.0,50.0,0.0,0.0,-0.5101,45.6,45.2,0.0,0.0,-0.2754,0.0,0.0,1.0,1.0,1.0,1.0,1.0
,2026-09-01,MPHASIS.NS,74.64,78.11,1.0,46.9,0.0,0.0,-0.4226,44.5,48.3,0.0,0.0,-0.6186,0.0,0.0,0.0,1.0,1.0,1.0,1.0
,2026-09-01,PAGEIND.NS,72.52,63.95,0.0,38.4,0.0,0.0,-0.5881,27.7,33.1,0.0,0.0,1.4716,1.0,1.0,0.0,0.0,0.0,0.0,0.0
,2026-09-01,MRF.NS,72.5,88.89,1.0,44.7,0.0,0.0,-0.3657,34.5,36.7,0.0,0.0,-0.3438,0.0,0.0,0.0,1.0,1.0,1.0,1.0
,2026-09-01,ABB.NS,72.29,71.83,1.0,42.7,0.0,0.0,-0.4623,35.5,43.0,0.0,0.0,-1.3926,0.0,1.0,0.0,1.0,1.0,0.0,0.0
,2026-09-01,SOLARINDS.NS,71.07,65.61,0.0,49.5,0.0,0.0,-0.3831,38.8,42.3,0.0,0.0,2.6919,1.0,1.0,0.0,0.0,0.0,0.0,0.0
,2026-09-01,PAYTM.NS,70.78,63.68,0.0,39.8,0.0,0.0,-0.2521,47.3,46.4,0.0,0.0,-1.6835,0.0,1.0,1.0,1.0,1.0,0.0,0.0
,2026-09-01,CUMMINSIND.NS,69.94,67.28,0.0,53.5,0.0,0.0,-0.4555,42.7,48.5,0.0,0.0,-0.3232,0.0,0.0,1.0,1.0,1.0,1.0,1.0
,2026-09-01,MAZDOCK.NS,69.31,61.12,0.0,52.5,0.0,0.0,-0.579,44.1,45.2,0.0,0.0,-0.9819,0.0,0.0,1.0,1.0,1.0,1.0,1.0
,2026-09-01,TATASTEEL.NS,69.29,62.87,0.0,46.1,0.0,0.0,-0.5649,34.0,37.9,0.0,0.0,-0.4183,0.0,1.0,1.0,1.0,1.0,0.0,0.0
,2026-09-01,INDHOTEL.NS,69.21,62.89,0.0,38.8,0.0,0.0,-0.3412,31.6,39.2,0.0,0.0,0.1602,1.0,1.0,0.0,0.0,0.0,0.0,0.0
,2026-09-01,KOTAKBANK.NS,69.2,63.68,0.0,43.1,0.0,0.0,-0.5121,33.1,37.9,0.0,0.0,-0.5412,0.0,0.0,1.0,1.0,1.0,1.0,1.0
,2026-09-01,LICI.NS,69.17,82.23,1.0,47.5,0.0,0.0,-0.4867,31.4,34.6,0.0,0.0,-0.0607,0.0,1.0,0.0,1.0,1.0,0.0,0.0
,2026-09-01,DELTACORP.NS,69.06,81.25,1.0,51.9,0.0,0.0,-0.2297,37.1,41.1,0.0,0.0,-0.7838,0.0,0.0,0.0,1.0,1.0,1.0,1.0
,2026-09-01,L&T.NS,68.97,60.91,0.0,44.6,0.0,0.0,-0.5322,12.1,22.4,0.0,0.0,,,,,,,,
,2026-09-01,VOLTAS.NS,68.87,80.82,1.0,56.5,1.0,1.0,-0.1921,45.5,50.8,0.0,0.0,-3.0622,0.0,0.0,0.0,0.0,0.0,1.0,1.0
,2026-09-01,NYKAA.NS,68.87,80.83,1.0,41.8,0.0,0.0,-0.2016,33.7,38.5,0.0,0.0,-1.743,0.0,0.0,0.0,1.0,1.0,1.0,1.0
,2026-09-01,COFORGE.NS,68.77,59.12,0.0,46.2,0.0,0.0,-0.9406,39.7,38.9,0.0,0.0,-1.1665,0.0,0.0,1.0,1.0,1.0,1.0,1.0
,2026-09-01,BEL.NS,68.66,58.08,0.0,37.3,0.0,0.0,-0.8496,31.1,35.9,0.0,0.0,-1.5199,0.0,0.0,1.0,1.0,1.0,1.0,1.0
,2026-09-01,WIPRO.NS,68.63,55.02,0.0,40.8,0.0,0.0,-1.1005,35.1,37.0,0.0,0.0,-1.4584,0.0,0.0,1.0,1.0,1.0,1.0,1.0
,2026-09-01,HINDCOPPER.NS,68.54,80.1,1.0,53.8,0.0,0.0,-0.2301,41.0,45.9,0.0,0.0,-1.3007,0.0,0.0,0.0,1.0,1.0,1.0,1.0
,2026-09-01,GRSE.NS,68.47,60.25,0.0,47.3,0.0,0.0,-0.6254,33.6,36.5,0.0,0.0,-0.6086,0.0,1.0,1.0,1.0,1.0,0.0,0.0
,2026-09-01,HAL.NS,68.05,58.12,0.0,51.8,0.0,0.0,-0.6817,34.2,41.4,0.0,0.0,-1.8076,0.0,1.0,1.0,1.0,1.0,0.0,0.0
,2026-09-01,MUTHOOTFIN.NS,67.83,59.66,0.0,46.8,0.0,0.0,-0.7347,36.1,36.7,0.0,0.0,-1.2565,0.0,1.0,1.0,1.0,1.0,0.0,0.0
,2026-09-01,TMCV.NS,67.8,68.06,0.0,42.1,0.0,0.0,-0.2918,40.7,45.3,0.0,0.0,-2.7458,0.0,0.0,1.0,1.0,1.0,1.0,1.0
,2026-09-01,DIXON.NS,67.71,54.02,0.0,34.8,0.0,0.0,-0.9471,35.4,34.3,0.0,0.0,-0.5532,0.0,0.0,1.0,1.0,1.0,1.0,1.0
,2026-09-01,JSWSTEEL.NS,67.7,59.73,0.0,49.5,0.0,0.0,-0.5307,34.9,38.6,0.0,0.0,-0.571,0.0,1.0,1.0,1.0,1.0,0.0,0.0
,2026-09-01,TIINDIA.NS,67.67,59.44,0.0,41.8,0.0,0.0,-0.5691,27.5,32.9,0.0,0.0,-2.0483,0.0,0.0,1.0,1.0,1.0,1.0,1.0
,2026-09-01,HAVELLS.NS,67.61,62.44,0.0,45.2,0.0,0.0,-0.3572,36.4,44.8,0.0,0.0,-1.7746,0.0,0.0,1.0,1.0,1.0,1.0,1.0
,2026-09-01,SBIN.NS,67.51,56.89,0.0,38.3,0.0,0.0,-1.0954,30.6,36.0,0.0,0.0,-0.1063,0.0,0.0,1.0,1.0,1.0,1.0,1.0
,2026-09-01,KAYNES.NS,67.41,53.2,0.0,58.1,1.0,0.0,-0.9044,46.2,43.5,0.0,0.0,-0.961,0.0,0.0,1.0,0.0,1.0,1.0,1.0
,2026-09-01,ALKEM.NS,67.16,58.31,0.0,41.6,0.0,0.0,-0.5619,34.3,41.3,0.0,0.0,-1.6981,0.0,0.0,1.0,1.0,1.0,1.0,1.0
,2026-09-01,BAJAJ-AUTO.NS,67.06,63.67,0.0,37.3,0.0,0.0,-0.4155,24.1,29.9,0.0,0.0,-2.7425,0.0,0.0,1.0,1.0,1.0,1.0,1.0
,2026-09-01,TATAMOTORS.NS,66.92,59.11,0.0,45.0,0.0,0.0,-0.4506,13.2,23.1,0.0,0.0,,,,,,,,
,2026-09-01,TATAELXSI.NS,66.87,58.0,0.0,51.4,0.0,0.0,-0.7085,42.6,47.7,0.0,0.0,-0.7971,0.0,0.0,1.0,1.0,1.0,1.0,1.0
,2026-09-01,MARUTI.NS,66.85,65.38,0.0,43.6,0.0,0.0,-0.426,34.1,42.7,0.0,0.0,-1.3205,0.0,0.0,1.0,1.0,1.0,1.0,1.0
,2026-09-01,ADANIENSOL.NS,66.82,50.08,0.0,59.5,1.0,0.0,-0.6491,53.0,48.0,0.0,0.0,-1.2301,0.0,1.0,1.0,0.0,1.0,0.0,0.0
,2026-09-01,VEDL.NS,66.74,57.63,0.0,43.1,0.0,0.0,-0.7853,36.4,37.9,0.0,0.0,-1.3321,0.0,0.0,1.0,1.0,1.0,1.0,1.0
,2026-09-01,ICICIBANK.NS,66.58,57.64,0.0,35.4,0.0,0.0,-0.8965,25.7,33.2,0.0,0.0,-0.7997,0.0,0.0,1.0,1.0,1.0,1.0,1.0
,2026-09-01,TCS.NS,66.47,52.86,0.0,39.1,0.0,0.0,-1.3203,48.2,43.1,0.0,0.0,-0.9455,0.0,0.0,1.0,1.0,1.0,1.0,1.0
,2026-09-01,ADANIPORTS.NS,66.37,53.03,0.0,50.4,0.0,0.0,-1.2075,44.3,41.0,0.0,0.0,0.8801,1.0,1.0,0.0,0.0,0.0,0.0,0.0
,2026-09-01,HCLTECH.NS,66.15,52.11,0.0,51.3,0.0,0.0,-1.2556,35.0,37.8,0.0,0.0,-1.5539,0.0,0.0,1.0,1.0,1.0,1.0,1.0
,2026-09-01,CAMS.NS,65.96,58.25,0.0,37.1,0.0,0.0,-0.6947,36.5,36.9,0.0,0.0,-1.3564,0.0,0.0,1.0,1.0,1.0,1.0,1.0
,2026-09-01,AUROPHARMA.NS,65.74,71.25,1.0,40.2,0.0,0.0,-0.262,36.2,39.0,0.0,0.0,0.1604,1.0,0.0,1.0,0.0,0.0,1.0,1.0
,2026-09-01,JIOFIN.NS,65.74,66.48,0.0,41.5,0.0,0.0,-0.4052,36.2,42.3,0.0,0.0,0.2205,1.0,1.0,0.0,0.0,0.0,0.0,0.0
,2026-09-01,INFY.NS,65.43,51.76,0.0,51.7,0.0,0.0,-1.3379,43.5,41.4,0.0,0.0,-0.9516,0.0,0.0,1.0,1.0,1.0,1.0,1.0
,2026-09-01,JPPOWER.NS,65.09,72.42,1.0,54.1,0.0,0.0,-0.2786,57.8,56.7,1.0,1.0,-0.6642,0.0,0.0,0.0,1.0,1.0,0.0,0.0
,2026-09-01,TITAN.NS,65.08,60.19,0.0,49.0,0.0,0.0,-0.5728,34.5,41.2,0.0,0.0,-0.9109,0.0,0.0,1.0,1.0,1.0,1.0,1.0
,2026-09-01,POLICYBZR.NS,64.54,69.16,0.0,43.6,0.0,0.0,-0.3523,31.3,37.9,0.0,0.0,0.1367,1.0,1.0,0.0,0.0,0.0,0.0,0.0
,2026-09-01,CHOLAFIN.NS,64.48,54.83,0.0,48.8,0.0,0.0,-0.7876,35.3,40.5,0.0,0.0,0.6172,1.0,1.0,0.0,0.0,0.0,0.0,0.0
,2026-09-01,BAJFINANCE.NS,64.47,54.82,0.0,49.3,0.0,0.0,-0.6742,35.8,38.2,0.0,0.0,-1.1197,0.0,1.0,1.0,1.0,1.0,0.0,0.0
,2026-09-01,TATAPOWER.NS,64.4,68.44,0.0,53.2,0.0,0.0,-0.3941,35.9,45.1,0.0,0.0,2.2108,1.0,1.0,0.0,0.0,0.0,0.0,0.0
,2026-09-01,PIDILITIND.NS,63.84,54.11,0.0,43.2,0.0,0.0,-0.3751,37.1,47.7,0.0,0.0,-0.651,0.0,0.0,1.0,1.0,1.0,1.0,1.0
,2026-09-01,POWERGRID.NS,63.4,51.55,0.0,46.6,0.0,0.0,-0.6707,34.9,34.5,0.0,0.0,0.3213,1.0,1.0,0.0,0.0,0.0,0.0,0.0
,2026-09-01,ITC.NS,63.27,56.52,0.0,57.3,1.0,0.0,-0.4261,55.3,54.5,1.0,0.0,-0.3001,0.0,0.0,1.0,0.0,1.0,0.0,1.0
,2026-09-01,DMART.NS,63.2,88.41,0.0,41.0,0.0,0.0,-0.1839,37.9,41.4,0.0,0.0,-0.965,0.0,0.0,1.0,1.0,1.0,1.0,1.0
,2026-09-01,COCHINSHIP.NS,63.08,60.71,0.0,43.2,0.0,0.0,-0.4199,29.1,34.9,0.0,0.0,-0.6166,0.0,1.0,1.0,1.0,1.0,0.0,0.0
,2026-09-01,COALINDIA.NS,62.93,53.02,0.0,48.8,0.0,0.0,-0.6068,32.1,34.9,0.0,0.0,3.8969,1.0,1.0,0.0,0.0,0.0,0.0,0.0
,2026-09-01,IRFC.NS,62.85,51.69,0.0,55.4,1.0,0.0,-0.5089,50.1,46.9,0.0,0.0,-0.0848,0.0,1.0,1.0,0.0,1.0,0.0,0.0
,2026-09-01,NATCOPHARM.NS,62.68,73.56,0.0,57.7,1.0,0.0,-0.2615,57.0,56.3,1.0,1.0,-1.101,0.0,0.0,1.0,0.0,1.0,0.0,0.0
,2026-09-01,HINDALCO.NS,62.57,54.94,0.0,46.8,0.0,0.0,-0.2794,28.1,40.6,0.0,0.0,-0.8675,0.0,0.0,1.0,1.0,1.0,1.0,1.0
,2026-09-01,CIPLA.NS,62.48,55.2,0.0,53.4,0.0,0.0,-0.661,28.6,36.5,0.0,0.0,-0.7168,0.0,0.0,1.0,1.0,1.0,1.0,1.0
,2026-09-01,NTPC.NS,62.45,51.97,0.0,55.1,1.0,0.0,-0.6351,46.8,46.3,0.0,0.0,0.8796,1.0,1.0,0.0,1.0,0.0,0.0,0.0
,2026-09-01,ULTRACEMCO.NS,61.97,72.18,0.0,47.7,0.0,0.0,-0.4075,30.9,37.5,0.0,0.0,-0.0614,0.0,1.0,1.0,1.0,1.0,0.0,0.0
,2026-09-01,NESTLEIND.NS,61.57,51.69,0.0,45.3,0.0,0.0,-0.6256,37.7,43.6,0.0,0.0,-1.4532,0.0,0.0,1.0,1.0,1.0,1.0,1.0
,2026-09-01,AXISBANK.NS,61.48,53.46,0.0,42.3,0.0,0.0,-0.7865,28.0,31.3,0.0,0.0,0.3736,1.0,1.0,0.0,0.0,0.0,0.0,0.0
,2026-09-01,GAIL.NS,60.9,52.82,0.0,41.6,0.0,0.0,-0.3894,31.4,37.2,0.0,0.0,0.1742,1.0,1.0,0.0,0.0,0.0,0.0,0.0
,2026-09-01,M&M.NS,60.77,53.5,0.0,56.9,1.0,0.0,-0.6837,34.7,41.6,0.0,0.0,-1.9607,0.0,0.0,1.0,0.0,1.0,1.0,1.0
,2026-09-01,NAVINFLUOR.NS,60.75,52.4,0.0,43.8,0.0,0.0,-0.5345,28.9,32.3,0.0,0.0,-1.0827,0.0,0.0,1.0,1.0,1.0,1.0,1.0
,2026-09-01,EASEMYTRIP.NS,60.38,61.95,0.0,48.4,0.0,0.0,-0.3628,33.0,37.8,0.0,0.0,-0.8347,0.0,1.0,1.0,1.0,1.0,0.0,0.0
,2026-09-01,RVNL.NS,60.28,51.07,0.0,59.1,1.0,0.0,-0.4854,46.3,50.3,0.0,0.0,-0.9502,0.0,1.0,1.0,0.0,1.0,0.0,0.0
,2026-09-01,NBCC.NS,59.92,53.54,0.0,52.1,0.0,0.0,-0.4133,34.3,37.8,0.0,0.0,-0.1643,0.0,1.0,1.0,1.0,1.0,0.0,0.0
,2026-09-01,BLS.NS,59.84,57.16,0.0,47.2,0.0,0.0,-0.3452,27.2,38.3,0.0,0.0,-0.7557,0.0,1.0,1.0,1.0,1.0,0.0,0.0
,2026-09-01,HDFCAMC.NS,59.72,52.32,0.0,39.5,0.0,0.0,-0.452,22.5,29.4,0.0,0.0,-2.2791,0.0,0.0,1.0,1.0,1.0,1.0,1.0
,2026-09-01,SHREECEM.NS,59.65,53.12,0.0,56.9,1.0,0.0,-0.323,46.4,47.9,0.0,0.0,0.8089,1.0,1.0,0.0,1.0,0.0,0.0,0.0
,2026-09-01,MANKIND.NS,59.57,69.22,0.0,42.5,0.0,0.0,-0.2188,29.6,35.7,0.0,0.0,0.8063,1.0,0.0,0.0,0.0,0.0,1.0,1.0
,2026-09-01,DATAPATTNS.NS,59.55,58.08,0.0,54.1,0.0,0.0,-0.3602,46.1,49.6,0.0,0.0,-0.6113,0.0,1.0,1.0,1.0,1.0,0.0,0.0
,2026-09-01,BERGEPAINT.NS,59.4,59.78,0.0,49.3,0.0,0.0,-0.257,44.0,49.7,0.0,0.0,-1.6502,0.0,0.0,1.0,1.0,1.0,1.0,1.0
,2026-09-01,TATATECH.NS,58.81,58.46,0.0,51.3,0.0,0.0,-0.6711,36.4,42.8,0.0,0.0,-0.7792,0.0,0.0,1.0,1.0,1.0,1.0,1.0
,2026-09-01,LTM.NS,58.49,55.71,0.0,45.9,0.0,0.0,-0.3456,37.8,44.9,0.0,0.0,-1.4249,0.0,0.0,1.0,1.0,1.0,1.0,1.0
,2026-09-01,EMAMILTD.NS,58.15,54.96,0.0,58.0,1.0,0.0,-0.3234,35.3,43.8,0.0,0.0,-2.2833,0.0,0.0,1.0,0.0,1.0,1.0,1.0
,2026-09-01,BHEL.NS,58.1,65.95,0.0,42.7,0.0,0.0,-0.2185,33.7,38.4,0.0,0.0,-0.4337,0.0,1.0,1.0,1.0,1.0,0.0,0.0
,2026-09-01,ACC.NS,57.79,56.19,0.0,54.9,0.0,0.0,-0.4607,38.8,44.7,0.0,0.0,-0.2515,0.0,1.0,1.0,1.0,1.0,0.0,0.0
,2026-09-01,TORNTPHARM.NS,57.78,54.12,0.0,49.1,0.0,0.0,-0.4847,29.8,35.1,0.0,0.0,0.9365,1.0,0.0,0.0,0.0,0.0,1.0,1.0
,2026-09-01,PERSISTENT.NS,57.73,50.74,0.0,55.7,1.0,0.0,-0.7973,35.9,40.9,0.0,0.0,-1.9828,0.0,0.0,1.0,0.0,1.0,1.0,1.0
,2026-09-01,BHARATFORG.NS,57.33,53.33,0.0,40.0,0.0,0.0,-0.3942,27.4,33.3,0.0,0.0,-0.9941,0.0,0.0,1.0,1.0,1.0,1.0,1.0
,2026-09-01,HDFCLIFE.NS,57.21,55.85,0.0,48.8,0.0,0.0,-0.4171,28.8,35.3,0.0,0.0,-0.6108,0.0,1.0,1.0,1.0,1.0,0.0,0.0
,2026-09-01,ADANIPOWER.NS,57.16,54.79,0.0,55.2,1.0,0.0,-0.5246,29.1,37.7,0.0,0.0,-0.1908,0.0,1.0,1.0,0.0,1.0,0.0,0.0
,2026-09-01,LT.NS,56.77,53.93,0.0,48.1,0.0,0.0,-0.5452,25.5,36.0,0.0,0.0,-0.2915,0.0,0.0,1.0,1.0,1.0,1.0,1.0
,2026-09-01,NHPC.NS,56.32,56.64,0.0,41.9,0.0,0.0,-0.2488,22.8,32.7,0.0,0.0,-0.5636,0.0,0.0,1.0,1.0,1.0,1.0,1.0
,2026-09-01,INDUSINDBK.NS,56.31,58.19,0.0,41.4,0.0,0.0,-0.4378,25.0,32.2,0.0,0.0,-1.7731,0.0,1.0,1.0,1.0,1.0,0.0,0.0
,2026-09-01,UPL.NS,56.13,50.67,0.0,46.0,0.0,0.0,-0.3835,20.1,28.3,0.0,0.0,-0.3879,0.0,1.0,1.0,1.0,1.0,0.0,0.0
,2026-09-01,APOLLOHOSP.NS,55.0,58.88,0.0,48.5,0.0,0.0,-0.3654,32.9,38.6,0.0,0.0,-0.8909,0.0,0.0,1.0,1.0,1.0,1.0,1.0
,2026-09-01,ZYDUSLIFE.NS,53.79,50.08,0.0,43.6,0.0,0.0,-0.5519,30.1,34.6,0.0,0.0,-1.1646,0.0,0.0,1.0,1.0,1.0,1.0,1.0
,2026-09-01,LAURUSLABS.NS,53.79,51.23,0.0,45.7,0.0,0.0,-0.4243,34.1,37.7,0.0,0.0,-2.5462,0.0,0.0,1.0,1.0,1.0,1.0,1.0
,2026-09-01,BHARTIARTL.NS,53.08,57.14,0.0,59.0,1.0,0.0,-0.4635,45.6,51.1,0.0,0.0,-1.0707,0.0,0.0,1.0,0.0,1.0,1.0,1.0
,2026-09-01,NAM-INDIA.NS,52.47,55.7,0.0,55.2,1.0,0.0,-0.3262,39.2,44.0,0.0,0.0,-1.3911,0.0,0.0,1.0,0.0,1.0,1.0,1.0
,2026-09-01,APLAPOLLO.NS,51.24,53.88,0.0,50.4,0.0,0.0,-0.6182,36.7,39.5,0.0,0.0,-1.0161,0.0,1.0,1.0,1.0,1.0,0.0,0.0
,2026-09-01,ASIANPAINT.NS,51.05,52.54,0.0,47.5,0.0,0.0,-0.3092,35.4,43.0,0.0,0.0,-1.8637,0.0,0.0,1.0,1.0,1.0,1.0,1.0
,2026-09-01,SUNTV.NS,50.09,51.28,0.0,47.9,0.0,0.0,-0.3218,31.1,39.5,0.0,0.0,-0.3354,0.0,1.0,1.0,1.0,1.0,0.0,0.0
,2026-09-01,AARTIIND.NS,50.01,50.23,0.0,51.2,0.0,0.0,-0.3838,38.8,40.6,0.0,0.0,-1.2194,0.0,0.0,1.0,1.0,1.0,1.0,1.0
,2026-09-01,GRANULES.NS,45.94,52.1,0.0,47.7,0.0,0.0,-0.4619,34.3,40.9,0.0,0.0,-0.651,0.0,1.0,1.0,1.0,1.0,0.0,0.0
,2026-09-01,SHYAMMETL.NS,45.51,51.14,0.0,47.2,0.0,0.0,-0.7932,29.7,33.6,0.0,0.0,-0.5009,0.0,0.0,1.0,1.0,1.0,1.0,1.0
,2026-09-01,COLPAL.NS,42.78,45.83,0.0,50.0,0.0,0.0,-0.2197,38.8,44.6,0.0,0.0,-1.0915,0.0,0.0,1.0,1.0,1.0,1.0,1.0
,2026-09-01,TMPV.NS,41.8,40.85,0.0,53.8,0.0,0.0,-0.4684,41.6,47.7,0.0,0.0,-0.5645,0.0,1.0,1.0,1.0,1.0,0.0,0.0
,2026-09-01,HINDUNILVR.NS,41.54,45.85,0.0,58.7,1.0,0.0,-0.387,43.9,47.4,0.0,0.0,-0.9976,0.0,0.0,1.0,0.0,1.0,1.0,1.0
,2026-09-01,BRITANNIA.NS,41.33,45.38,0.0,55.2,1.0,0.0,-0.3545,35.8,41.7,0.0,0.0,-0.6362,0.0,0.0,1.0,0.0,1.0,1.0,1.0
,2026-09-01,GODREJCP.NS,41.0,46.12,0.0,54.4,0.0,0.0,-0.1667,44.3,48.4,0.0,0.0,0.0,0.0,0.0,1.0,1.0,1.0,1.0,1.0
,2026-09-01,SUNPHARMA.NS,40.86,47.36,0.0,46.6,0.0,0.0,-0.3661,33.1,36.2,0.0,0.0,0.14,1.0,0.0,0.0,0.0,0.0,1.0,1.0
,2026-09-01,DRREDDY.NS,40.73,47.48,0.0,59.3,1.0,0.0,-0.5172,36.0,39.3,0.0,0.0,-0.6234,0.0,0.0,1.0,0.0,1.0,1.0,1.0
,2026-09-01,VBL.NS,40.26,46.94,0.0,55.0,0.0,0.0,-0.2334,46.1,50.2,0.0,0.0,0.4558,1.0,1.0,0.0,0.0,0.0,0.0,0.0
,2026-09-01,ONGC.NS,39.78,47.88,0.0,53.6,0.0,0.0,-0.5772,32.3,39.8,0.0,0.0,0.5456,1.0,0.0,0.0,0.0,0.0,1.0,1.0
,2026-09-01,DABUR.NS,39.32,47.81,0.0,56.7,1.0,0.0,-0.3167,42.4,48.9,0.0,0.0,-1.0417,0.0,0.0,1.0,0.0,1.0,1.0,1.0
,2026-09-01,NAUKRI.NS,39.3,45.89,0.0,55.6,1.0,0.0,-0.3421,46.0,49.7,0.0,0.0,-0.9071,0.0,0.0,1.0,0.0,1.0,1.0,1.0
,2026-09-01,ANGELONE.NS,39.2,46.18,0.0,52.6,0.0,0.0,-0.4252,33.4,38.3,0.0,0.0,-0.7814,0.0,1.0,1.0,1.0,1.0,0.0,0.0
,2026-09-01,HDFCBANK.NS,38.16,43.2,0.0,52.3,0.0,0.0,-2.4309,27.6,34.7,0.0,0.0,-1.2993,0.0,1.0,1.0,1.0,1.0,0.0,0.0
,2026-09-01,BSE.NS,37.77,43.19,0.0,52.8,0.0,0.0,-0.5404,35.0,38.6,0.0,0.0,-1.0179,0.0,1.0,1.0,1.0,1.0,0.0,0.0
,2026-09-01,TATACONSUM.NS,37.74,49.17,0.0,52.6,0.0,0.0,-0.25,35.4,43.6,0.0,0.0,-1.31,0.0,0.0,1.0,1.0,1.0,1.0,1.0
,2026-09-01,MARICO.NS,37.73,48.48,0.0,56.0,1.0,0.0,-0.2464,38.7,45.3,0.0,0.0,-1.0142,0.0,0.0,1.0,0.0,1.0,1.0,1.0
,2026-09-01,INDIGO.NS,36.2,45.2,0.0,47.7,0.0,0.0,-0.4055,29.9,35.1,0.0,0.0,-2.3555,0.0,0.0,1.0,1.0,1.0,1.0,1.0
,2026-09-01,ADANIENT.NS,35.6,30.18,0.0,59.0,1.0,0.0,-0.6259,42.5,44.6,0.0,0.0,0.5412,1.0,1.0,0.0,1.0,0.0,0.0,0.0
,2026-09-01,RELIANCE.NS,35.51,41.8,0.0,54.2,0.0,0.0,-0.7195,29.1,37.8,0.0,0.0,0.3438,1.0,1.0,0.0,0.0,0.0,0.0,0.0
,2026-09-01,IOC.NS,34.92,42.78,0.0,45.7,0.0,0.0,-0.4909,30.6,34.1,0.0,0.0,-0.0806,0.0,1.0,1.0,1.0,1.0,0.0,0.0
,2026-09-01,BPCL.NS,32.04,40.45,0.0,44.8,0.0,0.0,-0.4718,25.5,32.7,0.0,0.0,-0.2991,0.0,0.0,1.0,1.0,1.0,1.0,1.0
,2026-09-01,PNB.NS,30.73,35.7,0.0,50.3,0.0,0.0,-0.3555,36.5,42.9,0.0,0.0,1.3713,1.0,1.0,0.0,0.0,0.0,0.0,0.0
,2026-09-01,SJVN.NS,30.22,14.38,0.0,47.5,0.0,0.0,-0.5792,29.0,33.5,0.0,0.0,-1.5404,0.0,1.0,1.0,1.0,1.0,0.0,0.0
,2026-09-01,ETERNAL.NS,30.01,38.47,0.0,48.1,0.0,0.0,-0.2983,28.8,36.0,0.0,0.0,-1.1747,0.0,0.0,1.0,1.0,1.0,1.0,1.0
,2026-09-01,BANKBARODA.NS,29.43,34.13,0.0,55.5,1.0,0.0,-0.4994,31.3,38.6,0.0,0.0,0.9971,1.0,1.0,0.0,1.0,0.0,0.0,0.0
,2026-09-01,GOLDBEES.NS,28.98,37.37,0.0,47.2,0.0,0.0,-0.1594,30.8,36.3,0.0,0.0,0.9414,1.0,1.0,0.0,0.0,0.0,0.0,0.0
,2026-09-01,IOB.NS,28.93,42.24,0.0,52.6,0.0,0.0,-0.2725,32.1,41.7,0.0,0.0,0.124,1.0,1.0,0.0,0.0,0.0,0.0,0.0
,2026-09-01,BANSALWIRE.NS,27.85,34.12,0.0,47.8,0.0,0.0,-0.501,28.6,34.7,0.0,0.0,0.0,0.0,0.0,1.0,1.0,1.0,1.0,1.0
,2026-09-01,IRCTC.NS,27.44,39.49,0.0,51.7,0.0,0.0,-0.2855,29.6,39.1,0.0,0.0,-1.4439,0.0,0.0,1.0,1.0,1.0,1.0,1.0
,2026-09-01,JYOTHYLAB.NS,25.78,27.46,0.0,48.2,0.0,0.0,-0.3584,26.2,34.1,0.0,0.0,-1.3281,0.0,0.0,1.0,1.0,1.0,1.0,1.0
,2026-09-01,UBL.NS,25.11,28.03,0.0,55.0,0.0,0.0,-0.4166,38.6,44.1,0.0,0.0,-0.848,0.0,0.0,1.0,1.0,1.0,1.0,1.0
,2026-09-01,SILVERBEES.NS,24.85,27.45,0.0,43.7,0.0,0.0,-0.2991,29.0,36.1,0.0,0.0,1.4836,1.0,1.0,0.0,0.0,0.0,0.0,0.0
,2026-09-01,YESBANK.NS,24.51,39.14,0.0,43.5,0.0,0.0,-0.2052,32.1,36.7,0.0,0.0,-0.4977,0.0,1.0,1.0,1.0,1.0,0.0,0.0
,2026-09-01,LUPIN.NS,22.22,36.23,0.0,46.3,0.0,0.0,-0.1481,36.2,43.2,0.0,0.0,0.1022,1.0,0.0,0.0,0.0,0.0,1.0,1.0
,2026-09-01,BIOCON.NS,62.69,67.08,0.0,48.1,0.0,0.0,-0.3575,31.3,38.8,0.0,0.0,-0.0125,0.0,0.0,1.0,1.0,1.0,1.0,1.0
,2026-09-01,MMTC.NS,59.55,60.12,0.0,51.7,0.0,0.0,-0.4907,32.6,39.2,0.0,0.0,-0.353,0.0,1.0,1.0,1.0,1.0,0.0,0.0
,2026-09-01,EICHERMOT.NS,56.63,53.62,0.0,55.2,1.0,0.0,-0.6126,28.7,38.9,0.0,0.0,-3.9649,0.0,0.0,1.0,0.0,1.0,1.0,1.0
,2026-09-01,AMBER.NS,34.47,35.71,0.0,50.9,0.0,0.0,-0.4089,42.6,43.9,0.0,0.0,-1.2387,0.0,0.0,1.0,1.0,1.0,1.0,1.0
,2026-09-01,BAJAJFINSV.NS,21.87,20.83,0.0,44.4,0.0,0.0,-0.5105,29.6,38.7,0.0,0.0,-0.8367,0.0,0.0,1.0,1.0,1.0,1.0,1.0
,2026-09-01,NMDC.NS,69.07,81.27,1.0,43.4,0.0,0.0,-0.4172,34.5,36.3,0.0,0.0,-0.9103,0.0,0.0,0.0,1.0,1.0,1.0,1.0
,2026-09-01,JINDALSTEL.NS,65.23,70.76,1.0,35.2,0.0,0.0,-0.5352,34.1,35.8,0.0,0.0,-0.319,0.0,1.0,0.0,1.0,1.0,0.0,0.0
,2026-09-01,AMBUJACEM.NS,45.16,50.35,0.0,56.1,1.0,0.0,-0.4951,43.5,47.4,0.0,0.0,-0.4227,0.0,1.0,1.0,0.0,1.0,0.0,0.0
,2026-09-01,OLECTRIC.NS,70.42,84.27,1.0,52.6,0.0,0.0,-0.3174,32.0,33.4,0.0,0.0,,,,,,,,
,2026-09-01,EICHER.NS,70.42,84.27,1.0,52.6,0.0,0.0,-0.3174,32.0,33.4,0.0,0.0,,,,,,,,
,2026-09-01,MAXHEALTH.NS,60.35,70.87,0.0,42.1,0.0,0.0,-0.3874,37.4,38.6,0.0,0.0,-0.8973,0.0,0.0,1.0,1.0,1.0,1.0,1.0
,2026-09-02,LTIM.NS,83.59,89.18,1.0,38.9,0.0,0.0,0.1067,25.6,28.6,0.0,0.0,,,,,,,,
,2026-09-02,DLF.NS,83.59,89.18,1.0,36.9,0.0,0.0,0.0532,29.9,41.0,0.0,0.0,1.2026,1.0,1.0,1.0,0.0,0.0,0.0,0.0
,2026-09-02,OBEROIRLTY.NS,81.08,87.07,1.0,36.5,0.0,0.0,0.0771,34.2,39.3,0.0,0.0,1.9293,1.0,0.0,1.0,0.0,0.0,1.0,1.0
,2026-09-02,LT.NS,80.53,82.38,1.0,36.8,0.0,0.0,0.0771,39.1,41.6,0.0,0.0,0.8968,1.0,1.0,1.0,0.0,0.0,0.0,0.0
,2026-09-02,HEROMOTOCO.NS,80.05,75.76,1.0,42.2,0.0,0.0,0.0737,37.5,41.5,0.0,0.0,-0.3302,0.0,0.0,0.0,1.0,1.0,1.0,1.0
,2026-09-02,GODREJPROP.NS,79.84,82.75,1.0,38.8,0.0,0.0,0.0737,37.7,39.7,0.0,0.0,2.5879,1.0,0.0,1.0,0.0,0.0,1.0,1.0
,2026-09-02,JIOFIN.NS,79.79,85.64,1.0,42.0,0.0,0.0,0.0735,59.4,52.8,1.0,0.0,0.2744,1.0,0.0,1.0,0.0,0.0,0.0,1.0
,2026-09-02,TIINDIA.NS,76.69,81.54,1.0,45.3,0.0,0.0,0.0737,42.6,44.0,0.0,0.0,-0.7757,0.0,0.0,0.0,1.0,1.0,1.0,1.0
,2026-09-02,TMCV.NS,76.67,74.08,1.0,43.4,0.0,0.0,0.0771,49.0,49.4,0.0,0.0,1.0169,1.0,1.0,1.0,0.0,0.0,0.0,0.0
,2026-09-02,SUZLON.NS,76.23,83.53,1.0,43.1,0.0,0.0,0.0735,44.3,40.4,0.0,0.0,1.2319,1.0,1.0,1.0,0.0,0.0,0.0,0.0
,2026-09-02,SAIL.NS,74.25,70.87,1.0,44.0,0.0,0.0,0.0737,49.1,53.7,0.0,0.0,0.4224,1.0,0.0,1.0,0.0,0.0,1.0,1.0
,2026-09-02,PAGEIND.NS,74.14,68.18,0.0,40.1,0.0,0.0,0.0771,31.6,36.7,0.0,0.0,-0.6906,0.0,0.0,1.0,1.0,1.0,1.0,1.0
,2026-09-02,ADANIENSOL.NS,73.96,65.67,0.0,30.7,0.0,0.0,0.0697,31.8,34.9,0.0,0.0,-0.7805,0.0,0.0,1.0,1.0,1.0,1.0,1.0
,2026-09-02,PRESTIGE.NS,73.88,71.44,1.0,39.4,0.0,0.0,0.0772,47.9,45.0,0.0,0.0,2.0986,1.0,0.0,1.0,0.0,0.0,1.0,1.0
,2026-09-02,ABB.NS,73.18,71.28,1.0,46.1,0.0,0.0,0.0769,57.9,53.7,1.0,0.0,-0.4297,0.0,0.0,0.0,1.0,1.0,0.0,1.0
,2026-09-02,M&M.NS,72.62,69.71,0.0,44.5,0.0,0.0,0.0737,47.5,47.1,0.0,0.0,-0.1818,0.0,0.0,1.0,1.0,1.0,1.0,1.0
,2026-09-02,MRF.NS,72.5,88.89,1.0,33.4,0.0,0.0,0.0784,46.2,48.8,0.0,0.0,-1.0388,0.0,0.0,0.0,1.0,1.0,1.0,1.0
,2026-09-02,SIEMENS.NS,72.42,63.71,0.0,39.9,0.0,0.0,0.0771,40.4,43.0,0.0,0.0,1.794,1.0,0.0,0.0,0.0,0.0,1.0,1.0
,2026-09-02,MPHASIS.NS,72.37,78.1,1.0,45.9,0.0,0.0,0.0737,50.9,49.7,0.0,0.0,-0.3629,0.0,0.0,0.0,1.0,1.0,1.0,1.0
,2026-09-02,PAYTM.NS,72.28,66.46,0.0,44.5,0.0,0.0,0.0745,52.4,53.9,0.0,0.0,0.4694,1.0,1.0,0.0,0.0,0.0,0.0,0.0
,2026-09-02,OLECTRIC.NS,72.23,88.3,1.0,39.7,0.0,0.0,0.1352,45.9,40.8,0.0,0.0,,,,,,,,
,2026-09-02,EICHER.NS,72.23,88.3,1.0,39.7,0.0,0.0,0.1352,45.9,40.8,0.0,0.0,,,,,,,,
,2026-09-02,ADANIGREEN.NS,72.14,66.02,0.0,36.6,0.0,0.0,0.0737,26.8,33.5,0.0,0.0,-0.8488,0.0,0.0,1.0,1.0,1.0,1.0,1.0
,2026-09-02,TATAMOTORS.NS,71.98,64.75,0.0,41.9,0.0,0.0,0.1093,18.8,25.7,0.0,0.0,,,,,,,,
,2026-09-02,PIDILITIND.NS,71.81,87.36,1.0,45.2,0.0,0.0,0.0784,58.1,53.0,1.0,0.0,0.0794,1.0,0.0,1.0,0.0,0.0,0.0,1.0
,2026-09-02,TATAELXSI.NS,71.74,62.55,0.0,44.0,0.0,0.0,0.0769,57.3,53.8,1.0,0.0,-0.0554,0.0,0.0,1.0,1.0,1.0,0.0,1.0
,2026-09-02,ZYDUSLIFE.NS,71.5,86.66,1.0,39.0,0.0,0.0,0.0735,48.9,48.3,0.0,0.0,-0.9704,0.0,1.0,0.0,1.0,1.0,0.0,0.0
,2026-09-02,BALKRISIND.NS,71.46,86.58,1.0,41.6,0.0,0.0,0.0735,59.4,54.0,1.0,0.0,-0.0773,0.0,0.0,0.0,1.0,1.0,0.0,1.0
,2026-09-02,HDFCLIFE.NS,71.29,60.87,0.0,36.7,0.0,0.0,0.0737,34.2,38.6,0.0,0.0,0.9756,1.0,1.0,0.0,0.0,0.0,0.0,0.0
,2026-09-02,IDEA.NS,70.86,59.1,0.0,40.0,0.0,0.0,0.0769,32.7,37.6,0.0,0.0,0.2065,1.0,1.0,0.0,0.0,0.0,0.0,0.0
,2026-09-02,TATASTEEL.NS,70.26,62.57,0.0,40.7,0.0,0.0,0.0737,36.2,40.9,0.0,0.0,0.2393,1.0,1.0,0.0,0.0,0.0,0.0,0.0
,2026-09-02,NAVINFLUOR.NS,70.25,59.55,0.0,40.2,0.0,0.0,0.0737,41.9,45.1,0.0,0.0,1.036,1.0,1.0,0.0,0.0,0.0,0.0,0.0
,2026-09-02,SOLARINDS.NS,69.85,61.06,0.0,40.4,0.0,0.0,0.0737,48.5,46.6,0.0,0.0,3.8592,1.0,1.0,0.0,0.0,0.0,0.0,0.0
,2026-09-02,VEDL.NS,69.84,65.08,0.0,40.8,0.0,0.0,0.0737,38.1,40.8,0.0,0.0,0.628,1.0,0.0,0.0,0.0,0.0,1.0,1.0
,2026-09-02,NMDC.NS,69.64,82.53,1.0,42.3,0.0,0.0,0.0769,50.9,49.5,0.0,0.0,0.3732,1.0,0.0,1.0,0.0,0.0,1.0,1.0
,2026-09-02,WIPRO.NS,69.32,55.62,0.0,47.0,0.0,0.0,0.0771,42.6,42.6,0.0,0.0,-0.0847,0.0,0.0,1.0,1.0,1.0,1.0,1.0
,2026-09-02,DELTACORP.NS,69.06,81.25,1.0,45.6,0.0,0.0,0.0737,56.0,51.1,1.0,0.0,0.7024,1.0,0.0,1.0,0.0,0.0,0.0,1.0
,2026-09-02,VOLTAS.NS,68.87,80.82,1.0,42.7,0.0,0.0,0.0771,51.3,48.7,0.0,0.0,0.4774,1.0,1.0,1.0,0.0,0.0,0.0,0.0
,2026-09-02,KAYNES.NS,68.61,54.46,0.0,35.9,0.0,0.0,0.0701,25.7,32.4,0.0,0.0,-1.0606,0.0,1.0,1.0,1.0,1.0,0.0,0.0
,2026-09-02,DIXON.NS,68.53,54.47,0.0,43.4,0.0,0.0,0.0735,32.4,33.9,0.0,0.0,0.1645,1.0,0.0,0.0,0.0,0.0,1.0,1.0
,2026-09-02,PNB.NS,68.51,80.02,1.0,44.0,0.0,0.0,0.0737,49.9,50.2,0.0,0.0,0.5128,1.0,0.0,1.0,0.0,0.0,1.0,1.0
,2026-09-02,TCS.NS,68.32,54.39,0.0,46.3,0.0,0.0,0.0791,44.5,43.2,0.0,0.0,-0.9029,0.0,0.0,1.0,1.0,1.0,1.0,1.0
,2026-09-02,INFY.NS,68.19,54.67,0.0,46.7,0.0,0.0,0.0737,35.2,38.2,0.0,0.0,-1.0263,0.0,0.0,1.0,1.0,1.0,1.0,1.0
,2026-09-02,JSWSTEEL.NS,68.17,56.97,0.0,40.9,0.0,0.0,0.0771,43.8,46.4,0.0,0.0,0.4058,1.0,0.0,0.0,0.0,0.0,1.0,1.0
,2026-09-02,ADANIPOWER.NS,68.09,76.92,1.0,40.1,0.0,0.0,0.0737,35.1,37.2,0.0,0.0,0.4574,1.0,0.0,1.0,0.0,0.0,1.0,1.0
,2026-09-02,HCLTECH.NS,67.9,54.13,0.0,44.1,0.0,0.0,0.0771,34.6,38.0,0.0,0.0,-1.2167,0.0,0.0,1.0,1.0,1.0,1.0,1.0
,2026-09-02,MARUTI.NS,67.15,67.64,0.0,43.7,0.0,0.0,0.0838,62.2,58.7,1.0,1.0,-0.1323,0.0,0.0,1.0,1.0,1.0,0.0,0.0
,2026-09-02,HINDALCO.NS,66.57,59.74,0.0,43.0,0.0,0.0,0.0737,43.0,47.2,0.0,0.0,0.4754,1.0,0.0,0.0,0.0,0.0,1.0,1.0
,2026-09-02,UBL.NS,66.55,73.49,1.0,45.1,0.0,0.0,0.0737,50.6,47.9,0.0,0.0,0.8888,1.0,0.0,1.0,0.0,0.0,1.0,1.0
,2026-09-02,MUTHOOTFIN.NS,65.87,55.63,0.0,42.1,0.0,0.0,0.0701,33.3,34.9,0.0,0.0,0.7931,1.0,0.0,0.0,0.0,0.0,1.0,1.0
,2026-09-02,BAJAJ-AUTO.NS,65.79,69.51,0.0,46.1,0.0,0.0,0.0771,35.5,42.3,0.0,0.0,-0.0412,0.0,0.0,1.0,1.0,1.0,1.0,1.0
,2026-09-02,ADANIPORTS.NS,65.47,50.67,0.0,32.0,0.0,0.0,0.0737,17.3,29.0,0.0,0.0,1.3989,1.0,1.0,0.0,0.0,0.0,0.0,0.0
,2026-09-02,BEL.NS,65.22,51.29,0.0,37.7,0.0,0.0,0.0771,23.7,31.5,0.0,0.0,0.382,1.0,0.0,0.0,0.0,0.0,1.0,1.0
,2026-09-02,HINDCOPPER.NS,65.18,72.63,1.0,46.4,0.0,0.0,0.0737,49.5,50.1,0.0,0.0,0.4895,1.0,0.0,1.0,0.0,0.0,1.0,1.0
,2026-09-02,GAIL.NS,65.14,59.73,0.0,39.2,0.0,0.0,0.0737,44.8,42.0,0.0,0.0,0.1792,1.0,1.0,0.0,0.0,0.0,0.0,0.0
,2026-09-02,SHREECEM.NS,64.91,60.7,0.0,44.0,0.0,0.0,0.0735,43.0,46.7,0.0,0.0,0.9713,1.0,0.0,0.0,0.0,0.0,1.0,1.0
,2026-09-02,SUNPHARMA.NS,64.91,57.68,0.0,41.0,0.0,0.0,0.0771,33.4,39.8,0.0,0.0,-0.6833,0.0,0.0,1.0,1.0,1.0,1.0,1.0
,2026-09-02,JPPOWER.NS,64.78,71.73,0.0,43.7,0.0,0.0,0.0737,49.5,47.8,0.0,0.0,0.2443,1.0,1.0,0.0,0.0,0.0,0.0,0.0
,2026-09-02,POLICYBZR.NS,64.6,69.16,0.0,43.6,0.0,0.0,0.0737,45.3,46.5,0.0,0.0,0.9774,1.0,0.0,0.0,0.0,0.0,1.0,1.0
,2026-09-02,ASIANPAINT.NS,64.59,54.88,0.0,39.6,0.0,0.0,0.0737,33.4,39.0,0.0,0.0,0.5579,1.0,0.0,0.0,0.0,0.0,1.0,1.0
,2026-09-02,CAMS.NS,64.54,54.77,0.0,38.6,0.0,0.0,0.079,38.2,39.6,0.0,0.0,0.2426,1.0,0.0,0.0,0.0,0.0,1.0,1.0
,2026-09-02,CIPLA.NS,64.41,56.42,0.0,44.3,0.0,0.0,0.0771,43.4,42.4,0.0,0.0,-1.2812,0.0,0.0,1.0,1.0,1.0,1.0,1.0
,2026-09-02,AUROPHARMA.NS,64.38,71.5,0.0,40.1,0.0,0.0,0.0773,52.7,51.4,0.0,0.0,-0.6613,0.0,1.0,1.0,1.0,1.0,0.0,0.0
,2026-09-02,INDHOTEL.NS,63.45,62.89,0.0,37.3,0.0,0.0,0.0612,58.9,53.3,1.0,0.0,-0.5085,0.0,0.0,1.0,1.0,1.0,0.0,1.0
,2026-09-02,HAVELLS.NS,63.37,60.54,0.0,43.3,0.0,0.0,0.0771,47.3,47.2,0.0,0.0,0.1174,1.0,0.0,0.0,0.0,0.0,1.0,1.0
,2026-09-02,CUMMINSIND.NS,63.32,62.72,0.0,42.0,0.0,0.0,0.0771,50.0,47.0,0.0,0.0,-0.3439,0.0,0.0,1.0,1.0,1.0,1.0,1.0
,2026-09-02,LICI.NS,63.3,60.1,0.0,40.8,0.0,0.0,0.0737,38.8,40.0,0.0,0.0,1.384,1.0,1.0,0.0,0.0,0.0,0.0,0.0
,2026-09-02,DMART.NS,63.26,88.41,0.0,41.4,0.0,0.0,0.0817,53.0,51.0,0.0,0.0,-1.3217,0.0,0.0,1.0,1.0,1.0,1.0,1.0
,2026-09-02,SBIN.NS,63.16,50.49,0.0,41.2,0.0,0.0,0.0735,38.2,39.9,0.0,0.0,1.3028,1.0,0.0,0.0,0.0,0.0,1.0,1.0
,2026-09-02,MAZDOCK.NS,63.08,53.26,0.0,45.6,0.0,0.0,0.0737,33.2,39.8,0.0,0.0,0.6141,1.0,1.0,0.0,0.0,0.0,0.0,0.0
,2026-09-02,COALINDIA.NS,63.04,53.18,0.0,46.0,0.0,0.0,0.0771,29.7,36.5,0.0,0.0,1.5915,1.0,1.0,0.0,0.0,0.0,0.0,0.0
,2026-09-02,BIOCON.NS,62.69,67.08,0.0,48.9,0.0,0.0,0.0737,51.7,46.8,0.0,0.0,0.3741,1.0,0.0,0.0,0.0,0.0,1.0,1.0
,2026-09-02,GRSE.NS,62.4,52.89,0.0,45.2,0.0,0.0,0.0737,40.7,42.4,0.0,0.0,0.9298,1.0,1.0,0.0,0.0,0.0,0.0,0.0
,2026-09-02,POWERGRID.NS,62.19,49.65,0.0,39.7,0.0,0.0,0.0737,29.8,35.3,0.0,0.0,0.3748,1.0,0.0,0.0,0.0,0.0,1.0,1.0
,2026-09-02,NAM-INDIA.NS,62.1,68.78,0.0,43.6,0.0,0.0,0.0737,52.2,50.6,0.0,0.0,0.3756,1.0,1.0,0.0,0.0,0.0,0.0,0.0
,2026-09-02,COCHINSHIP.NS,62.03,60.3,0.0,40.3,0.0,0.0,0.0701,51.5,47.7,0.0,0.0,0.5605,1.0,1.0,0.0,0.0,0.0,0.0,0.0
,2026-09-02,BAJFINANCE.NS,61.86,50.61,0.0,44.7,0.0,0.0,0.0737,34.1,41.0,0.0,0.0,-0.1705,0.0,1.0,1.0,1.0,1.0,0.0,0.0
,2026-09-02,ITC.NS,61.41,57.32,0.0,46.4,0.0,0.0,0.0737,32.0,41.0,0.0,0.0,-0.2816,0.0,0.0,1.0,1.0,1.0,1.0,1.0
,2026-09-02,CHOLAFIN.NS,61.3,50.28,0.0,44.1,0.0,0.0,0.0737,32.2,39.3,0.0,0.0,1.2816,1.0,0.0,0.0,0.0,0.0,1.0,1.0
,2026-09-02,UPL.NS,61.04,57.87,0.0,40.4,0.0,0.0,0.0737,31.4,35.5,0.0,0.0,1.1928,1.0,0.0,0.0,0.0,0.0,1.0,1.0
,2026-09-02,LAURUSLABS.NS,61.01,59.64,0.0,44.9,0.0,0.0,0.0735,52.2,51.7,0.0,0.0,0.2414,1.0,1.0,0.0,0.0,0.0,0.0,0.0
,2026-09-02,NAUKRI.NS,60.91,53.12,0.0,49.1,0.0,0.0,0.0769,48.4,47.6,0.0,0.0,-0.774,0.0,0.0,1.0,1.0,1.0,1.0,1.0
,2026-09-02,NATCOPHARM.NS,60.88,74.17,0.0,46.7,0.0,0.0,0.0737,54.1,52.7,0.0,0.0,-0.6285,0.0,0.0,1.0,1.0,1.0,1.0,1.0
,2026-09-02,NTPC.NS,60.88,48.86,0.0,42.7,0.0,0.0,0.0737,40.8,44.4,0.0,0.0,0.0,0.0,1.0,1.0,1.0,1.0,0.0,0.0
,2026-09-02,HDFCAMC.NS,60.85,50.74,0.0,39.2,0.0,0.0,0.0769,38.2,40.4,0.0,0.0,-0.9779,0.0,0.0,1.0,1.0,1.0,1.0,1.0
,2026-09-02,KOTAKBANK.NS,60.57,50.2,0.0,41.5,0.0,0.0,0.0737,33.2,39.5,0.0,0.0,-0.5549,0.0,0.0,1.0,1.0,1.0,1.0,1.0
,2026-09-02,EASEMYTRIP.NS,60.38,61.95,0.0,45.0,0.0,0.0,0.0771,50.0,47.5,0.0,0.0,0.0,0.0,0.0,1.0,1.0,1.0,1.0,1.0
,2026-09-02,GOLDBEES.NS,60.27,56.86,0.0,42.2,0.0,0.0,0.0735,41.7,41.4,0.0,0.0,3.125,1.0,1.0,0.0,0.0,0.0,0.0,0.0
,2026-09-02,MANKIND.NS,59.63,69.22,0.0,43.2,0.0,0.0,0.0735,56.1,51.4,1.0,0.0,-0.9492,0.0,0.0,1.0,1.0,1.0,0.0,1.0
,2026-09-02,TITAN.NS,59.56,50.79,0.0,46.0,0.0,0.0,0.0737,50.7,49.6,0.0,0.0,-0.7883,0.0,0.0,1.0,1.0,1.0,1.0,1.0
,2026-09-02,ALKEM.NS,59.33,51.9,0.0,42.6,0.0,0.0,0.0771,35.9,40.5,0.0,0.0,-0.3263,0.0,0.0,1.0,1.0,1.0,1.0,1.0
,2026-09-02,TATAPOWER.NS,59.15,68.42,0.0,42.0,0.0,0.0,0.0737,42.4,44.1,0.0,0.0,1.1951,1.0,1.0,0.0,0.0,0.0,0.0,0.0
,2026-09-02,LTM.NS,59.14,54.29,0.0,47.2,0.0,0.0,0.0737,46.0,47.1,0.0,0.0,-1.3121,0.0,0.0,1.0,1.0,1.0,1.0,1.0
,2026-09-02,DATAPATTNS.NS,59.14,57.75,0.0,44.6,0.0,0.0,0.0737,46.4,47.3,0.0,0.0,1.5631,1.0,1.0,0.0,0.0,0.0,0.0,0.0
,2026-09-02,RVNL.NS,59.13,48.23,0.0,43.9,0.0,0.0,0.0737,49.2,48.6,0.0,0.0,1.2913,1.0,1.0,0.0,0.0,0.0,0.0,0.0
,2026-09-02,TATATECH.NS,58.81,58.46,0.0,46.5,0.0,0.0,0.0771,50.5,48.8,0.0,0.0,-0.3873,0.0,0.0,1.0,1.0,1.0,1.0,1.0
,2026-09-02,TATACONSUM.NS,58.68,50.18,0.0,41.3,0.0,0.0,0.0771,41.5,42.9,0.0,0.0,0.6423,1.0,1.0,0.0,0.0,0.0,0.0,0.0
,2026-09-02,BLS.NS,58.26,57.52,0.0,41.3,0.0,0.0,0.0822,36.4,38.7,0.0,0.0,2.0959,1.0,1.0,0.0,0.0,0.0,0.0,0.0
,2026-09-02,EMAMILTD.NS,58.21,54.96,0.0,43.8,0.0,0.0,0.0356,48.0,47.3,0.0,0.0,-0.0272,0.0,0.0,1.0,1.0,1.0,1.0,1.0
,2026-09-02,ACC.NS,57.75,56.12,0.0,44.9,0.0,0.0,0.0737,43.4,43.9,0.0,0.0,0.6711,1.0,0.0,0.0,0.0,0.0,1.0,1.0
,2026-09-02,BHARATFORG.NS,57.45,53.33,0.0,41.3,0.0,0.0,0.0737,29.1,36.3,0.0,0.0,-0.5316,0.0,0.0,1.0,1.0,1.0,1.0,1.0
,2026-09-02,MMTC.NS,56.65,54.27,0.0,42.9,0.0,0.0,0.0737,40.0,40.0,0.0,0.0,0.3543,1.0,1.0,0.0,0.0,0.0,0.0,0.0
,2026-09-02,APOLLOHOSP.NS,55.47,62.85,0.0,43.4,0.0,0.0,0.0771,51.3,50.2,0.0,0.0,0.4014,1.0,1.0,0.0,0.0,0.0,0.0,0.0
,2026-09-02,ANGELONE.NS,54.34,55.98,0.0,47.3,0.0,0.0,0.0737,54.3,50.4,0.0,0.0,1.9875,1.0,1.0,0.0,0.0,0.0,0.0,0.0
,2026-09-02,NBCC.NS,51.6,58.79,0.0,46.8,0.0,0.0,0.0737,51.4,48.9,0.0,0.0,1.7647,1.0,1.0,0.0,0.0,0.0,0.0,0.0
,2026-09-02,NHPC.NS,51.4,52.17,0.0,35.9,0.0,0.0,0.0791,44.0,43.1,0.0,0.0,1.2161,1.0,1.0,0.0,0.0,0.0,0.0,0.0
,2026-09-02,APLAPOLLO.NS,51.39,53.88,0.0,47.1,0.0,0.0,0.0737,47.9,51.4,0.0,0.0,-1.7828,0.0,1.0,1.0,1.0,1.0,0.0,0.0
,2026-09-02,BHARTIARTL.NS,51.36,53.3,0.0,49.4,0.0,0.0,0.0737,48.5,50.7,0.0,0.0,0.1127,1.0,0.0,0.0,0.0,0.0,1.0,1.0
,2026-09-02,HAL.NS,46.6,51.15,0.0,46.2,0.0,0.0,0.0737,43.5,44.5,0.0,0.0,-0.3013,0.0,1.0,1.0,1.0,1.0,0.0,0.0
,2026-09-02,L&T.NS,46.54,53.07,0.0,56.2,1.0,0.0,0.1145,39.0,39.0,0.0,0.0,,,,,,,,
,2026-09-02,GRANULES.NS,45.94,52.1,0.0,44.2,0.0,0.0,0.0771,49.2,48.5,0.0,0.0,1.2624,1.0,1.0,0.0,0.0,0.0,0.0,0.0
,2026-09-02,NYKAA.NS,45.93,49.89,0.0,40.9,0.0,0.0,0.0772,49.2,50.8,0.0,0.0,-0.8595,0.0,1.0,1.0,1.0,1.0,0.0,0.0
,2026-09-02,AARTIIND.NS,45.66,51.46,0.0,47.2,0.0,0.0,0.0737,43.3,47.7,0.0,0.0,0.7522,1.0,0.0,0.0,0.0,0.0,1.0,1.0
,2026-09-02,BHEL.NS,45.62,51.37,0.0,43.4,0.0,0.0,0.079,46.4,49.2,0.0,0.0,0.3509,1.0,0.0,0.0,0.0,0.0,1.0,1.0
,2026-09-02,SHYAMMETL.NS,45.51,51.14,0.0,39.6,0.0,0.0,0.0648,42.5,43.3,0.0,0.0,0.3543,1.0,1.0,0.0,0.0,0.0,0.0,0.0
,2026-09-02,IRFC.NS,45.41,52.12,0.0,48.5,0.0,0.0,0.0874,58.1,55.0,1.0,0.0,0.6183,1.0,0.0,0.0,0.0,0.0,0.0,1.0
,2026-09-02,SUNTV.NS,44.28,46.97,0.0,44.0,0.0,0.0,0.0771,51.0,49.3,0.0,0.0,0.3474,1.0,0.0,0.0,0.0,0.0,1.0,1.0
,2026-09-02,ICICIBANK.NS,44.16,49.61,0.0,40.9,0.0,0.0,0.0737,24.4,37.5,0.0,0.0,1.367,1.0,1.0,0.0,0.0,0.0,0.0,0.0
,2026-09-02,NESTLEIND.NS,43.91,52.89,0.0,49.1,0.0,0.0,0.0772,54.6,53.3,0.0,0.0,-0.6947,0.0,0.0,1.0,1.0,1.0,1.0,1.0
,2026-09-02,BRITANNIA.NS,43.45,45.96,0.0,47.1,0.0,0.0,0.0771,53.2,50.1,0.0,0.0,-0.844,0.0,0.0,1.0,1.0,1.0,1.0,1.0
,2026-09-02,DRREDDY.NS,43.28,48.61,0.0,45.4,0.0,0.0,0.0737,50.0,50.8,0.0,0.0,-0.1297,0.0,0.0,1.0,1.0,1.0,1.0,1.0
,2026-09-02,VBL.NS,43.13,47.98,0.0,46.7,0.0,0.0,0.0737,57.0,56.1,1.0,1.0,-0.5542,0.0,0.0,1.0,1.0,1.0,0.0,0.0
,2026-09-02,BERGEPAINT.NS,42.98,48.89,0.0,49.6,0.0,0.0,0.0771,62.1,55.2,1.0,1.0,0.6864,1.0,0.0,0.0,0.0,0.0,0.0,0.0
,2026-09-02,HINDUNILVR.NS,42.63,46.16,0.0,44.0,0.0,0.0,0.0737,44.1,47.5,0.0,0.0,-0.2785,0.0,1.0,1.0,1.0,1.0,0.0,0.0
,2026-09-02,RELIANCE.NS,42.1,44.24,0.0,44.8,0.0,0.0,0.0737,29.9,39.7,0.0,0.0,-0.2589,0.0,0.0,1.0,1.0,1.0,1.0,1.0
,2026-09-02,TMPV.NS,41.86,40.85,0.0,46.5,0.0,0.0,0.0737,44.0,48.1,0.0,0.0,-0.064,0.0,0.0,1.0,1.0,1.0,1.0,1.0
,2026-09-02,COLPAL.NS,41.16,43.35,0.0,44.0,0.0,0.0,0.0773,56.7,53.1,1.0,0.0,-0.6178,0.0,0.0,1.0,1.0,1.0,0.0,1.0
,2026-09-02,ADANIENT.NS,41.03,36.92,0.0,41.5,0.0,0.0,0.0865,32.4,41.0,0.0,0.0,0.0622,1.0,1.0,0.0,0.0,0.0,0.0,0.0
,2026-09-02,BSE.NS,41.01,44.56,0.0,47.0,0.0,0.0,0.0737,50.6,50.3,0.0,0.0,2.44,1.0,1.0,0.0,0.0,0.0,0.0,0.0
,2026-09-02,DABUR.NS,40.63,47.69,0.0,46.2,0.0,0.0,0.0737,52.6,52.3,0.0,0.0,0.1187,1.0,0.0,0.0,0.0,0.0,1.0,1.0
,2026-09-02,AMBER.NS,40.32,48.62,0.0,44.0,0.0,0.0,0.0771,56.4,53.2,1.0,0.0,-0.0674,0.0,0.0,1.0,1.0,1.0,0.0,1.0
,2026-09-02,AXISBANK.NS,38.04,45.03,0.0,41.1,0.0,0.0,0.079,41.7,47.4,0.0,0.0,1.0447,1.0,0.0,0.0,0.0,0.0,1.0,1.0
,2026-09-02,ONGC.NS,37.82,37.72,0.0,46.3,0.0,0.0,0.0771,37.6,45.8,0.0,0.0,-0.4421,0.0,0.0,1.0,1.0,1.0,1.0,1.0
,2026-09-02,HDFCBANK.NS,36.58,40.86,0.0,54.6,0.0,0.0,0.0737,40.0,45.7,0.0,0.0,1.484,1.0,1.0,0.0,0.0,0.0,0.0,0.0
,2026-09-02,MARICO.NS,35.82,45.37,0.0,45.1,0.0,0.0,0.0737,49.8,50.4,0.0,0.0,-0.844,0.0,0.0,1.0,1.0,1.0,1.0,1.0
,2026-09-02,ULTRACEMCO.NS,35.68,49.39,0.0,44.7,0.0,0.0,0.0737,56.3,52.0,1.0,0.0,-0.2458,0.0,0.0,1.0,1.0,1.0,0.0,1.0
,2026-09-02,ETERNAL.NS,34.56,30.49,0.0,42.3,0.0,0.0,0.0771,48.3,48.1,0.0,0.0,0.886,1.0,0.0,0.0,0.0,0.0,1.0,1.0
,2026-09-02,IOC.NS,33.66,34.96,0.0,45.4,0.0,0.0,0.0771,44.9,46.0,0.0,0.0,-0.1752,0.0,0.0,1.0,1.0,1.0,1.0,1.0
,2026-09-02,BPCL.NS,33.6,34.45,0.0,47.5,0.0,0.0,0.0771,46.8,49.3,0.0,0.0,-0.4693,0.0,0.0,1.0,1.0,1.0,1.0,1.0
,2026-09-02,INDIGO.NS,33.31,35.0,0.0,44.4,0.0,0.0,0.0769,52.7,49.9,0.0,0.0,-0.7968,0.0,0.0,1.0,1.0,1.0,1.0,1.0
,2026-09-02,INDUSINDBK.NS,32.21,49.48,0.0,48.2,0.0,0.0,0.0735,63.2,56.7,1.0,1.0,1.9427,1.0,1.0,0.0,0.0,0.0,1.0,1.0
,2026-09-02,SJVN.NS,29.97,14.47,0.0,43.8,0.0,0.0,0.0874,35.9,39.6,0.0,0.0,1.6583,1.0,1.0,0.0,0.0,0.0,0.0,0.0
,2026-09-02,GODREJCP.NS,29.72,44.43,0.0,46.7,0.0,0.0,0.0769,56.9,52.8,1.0,0.0,-2.7624,0.0,0.0,1.0,1.0,1.0,0.0,1.0
,2026-09-02,IOB.NS,28.98,41.96,0.0,43.2,0.0,0.0,0.0737,54.9,51.1,0.0,0.0,1.683,1.0,1.0,0.0,0.0,0.0,0.0,0.0
,2026-09-02,BANKBARODA.NS,28.66,44.9,0.0,42.9,0.0,0.0,0.0737,50.9,50.1,0.0,0.0,0.8789,1.0,0.0,0.0,0.0,0.0,1.0,1.0
,2026-09-02,IRCTC.NS,27.5,39.49,0.0,42.2,0.0,0.0,0.0737,46.1,47.4,0.0,0.0,0.8146,1.0,0.0,0.0,0.0,0.0,1.0,1.0
,2026-09-02,YESBANK.NS,24.03,37.02,0.0,44.3,0.0,0.0,0.0772,57.1,51.9,1.0,0.0,1.4447,1.0,1.0,0.0,0.0,0.0,1.0,0.0
,2026-09-02,SILVERBEES.NS,23.75,25.0,0.0,42.8,0.0,0.0,0.0769,51.5,50.0,0.0,0.0,3.3511,1.0,1.0,0.0,0.0,0.0,0.0,0.0
,2026-09-02,LUPIN.NS,23.38,40.84,0.0,42.7,0.0,0.0,0.0771,51.9,49.6,0.0,0.0,-1.0765,0.0,0.0,1.0,1.0,1.0,1.0,1.0
,2026-09-02,TORNTPHARM.NS,20.9,18.67,0.0,45.2,0.0,0.0,0.0771,41.7,44.6,0.0,0.0,-2.1249,0.0,0.0,1.0,1.0,1.0,1.0,1.0
,2026-09-02,BANSALWIRE.NS,20.62,32.54,0.0,41.3,0.0,0.0,0.0771,47.5,48.4,0.0,0.0,-0.2346,0.0,0.0,1.0,1.0,1.0,1.0,1.0
,2026-09-02,PERSISTENT.NS,15.7,22.85,0.0,47.0,0.0,0.0,0.0737,40.7,45.9,0.0,0.0,-1.5817,0.0,0.0,1.0,1.0,1.0,1.0,1.0
,2026-09-02,COFORGE.NS,82.36,94.68,1.0,56.3,1.0,1.0,0.0273,35.8,43.8,0.0,0.0,-1.048,0.0,0.0,0.0,0.0,0.0,1.0,1.0
,2026-09-02,EICHERMOT.NS,59.17,57.03,0.0,51.4,0.0,0.0,0.0823,50.1,48.5,0.0,0.0,-1.0115,0.0,1.0,1.0,1.0,1.0,0.0,0.0
,2026-09-02,JYOTHYLAB.NS,25.03,25.6,0.0,50.1,0.0,0.0,0.0913,50.5,51.2,0.0,0.0,-1.1282,0.0,0.0,1.0,1.0,1.0,1.0,1.0
,2026-09-02,BAJAJFINSV.NS,14.45,21.0,0.0,54.8,0.0,0.0,0.0846,56.6,53.0,1.0,0.0,0.1055,1.0,0.0,0.0,0.0,0.0,0.0,1.0
,2026-09-02,HUDCO.NS,27.7,33.77,0.0,52.3,0.0,0.0,0.0985,49.2,52.9,0.0,0.0,2.5287,1.0,1.0,0.0,0.0,0.0,0.0,0.0
,2026-09-02,RADICO.NS,83.85,94.67,1.0,53.5,0.0,0.0,0.0585,35.2,41.1,0.0,0.0,1.8498,1.0,0.0,1.0,0.0,0.0,1.0,1.0
,2026-09-02,TECHM.NS,71.84,67.99,0.0,50.5,0.0,0.0,0.0816,43.0,47.9,0.0,0.0,-1.1399,0.0,0.0,1.0,1.0,1.0,1.0,1.0
,2026-09-02,TORNTPOWER.NS,68.12,59.71,0.0,50.7,0.0,0.0,0.0857,45.0,45.1,0.0,0.0,3.2348,1.0,1.0,0.0,0.0,0.0,0.0,0.0
,2026-09-02,BLUESTARCO.NS,78.38,82.51,1.0,54.7,0.0,0.0,0.0816,42.7,44.3,0.0,0.0,2.7953,1.0,1.0,1.0,0.0,0.0,0.0,0.0
>>>>>>> 78da3dfe238493c7cb423a498a70596a1eab5f9d,,,,,,,,,,,,,,,,,,,,,
<<<<<<< HEAD,,,,,,,,,,,,,,,,,,,,,
<<<<<<< HEAD,,,,,,,,,,,,,,,,,,,,,
<<<<<<< HEAD,,,,,,,,,,,,,,,,,,,,,
,2026-09-03,JIOFIN.NS,80.15,86.44,1.0,50.9,0.0,0.0,0.1138,39.8,44.3,0.0,0.0,1.1497,1.0,0.0,1.0,0.0,0.0,1.0,1.0
=======,,,,,,,,,,,,,,,,,,,,,
,2026-09-03,JIOFIN.NS,80.15,86.44,1.0,50.9,0.0,0.0,0.1138,39.8,44.3,0.0,0.0,1.1497,1.0,0.0,1.0,0.0,0.0,1.0,1.0
>>>>>>> 4cd2213f63316e7fc40d59c7193a56d88ba86153,,,,,,,,,,,,,,,,,,,,,
,2026-09-03,BLUESTARCO.NS,79.96,86.03,1.0,57.3,1.0,1.0,0.1267,42.3,44.2,0.0,0.0,-0.1144,0.0,0.0,0.0,0.0,0.0,1.0,1.0
=======,,,,,,,,,,,,,,,,,,,,,
,2026-09-03,JIOFIN.NS,80.15,86.44,1.0,50.9,0.0,0.0,0.1138,39.8,44.3,0.0,0.0,0.8633,1.0,0.0,1.0,0.0,0.0,1.0,1.0
=======,,,,,,,,,,,,,,,,,,,,,
,2026-09-03,JIOFIN.NS,80.15,86.44,1.0,50.9,0.0,0.0,0.1138,39.8,44.3,0.0,0.0,0.8633,1.0,0.0,1.0,0.0,0.0,1.0,1.0
>>>>>>> 4cd2213f63316e7fc40d59c7193a56d88ba86153,,,,,,,,,,,,,,,,,,,,,
,2026-09-03,BLUESTARCO.NS,79.96,86.03,1.0,57.3,1.0,1.0,0.1267,42.3,44.2,0.0,0.0,-0.1144,0.0,0.0,0.0,0.0,0.0,1.0,1.0
>>>>>>> 0035fbf6d3e958659ff10d7289d46caf9734d327,,,,,,,,,,,,,,,,,,,,,
,2026-09-03,TECHM.NS,78.77,81.27,1.0,59.8,1.0,1.0,0.1193,45.6,47.1,0.0,0.0,0.3504,1.0,0.0,1.0,1.0,1.0,1.0,1.0
,2026-09-03,SUZLON.NS,77.2,85.44,1.0,61.0,1.0,1.0,0.1322,36.4,39.7,0.0,0.0,-0.9342,0.0,0.0,0.0,0.0,0.0,1.0,1.0
<<<<<<< Updated upstream,,,,,,,,,,,,,,,,,,,,,
,2026-09-03,ADANIPORTS.NS,76.24,74.97,1.0,40.2,0.0,0.0,0.1092,32.9,34.9,0.0,0.0,0.2285,1.0,1.0,1.0,0.0,0.0,0.0,0.0
,2026-09-03,IRCTC.NS,76.13,77.51,1.0,66.0,1.0,1.0,0.1317,49.2,49.4,0.0,0.0,0.6637,1.0,0.0,1.0,1.0,1.0,1.0,1.0
,2026-09-03,TATASTEEL.NS,75.9,70.5,1.0,50.5,0.0,0.0,0.118,34.7,36.8,0.0,0.0,-0.4723,0.0,0.0,0.0,1.0,1.0,1.0,1.0
,2026-09-03,PAYTM.NS,75.06,73.89,1.0,61.5,1.0,1.0,0.1197,51.3,50.9,0.0,0.0,3.1582,1.0,1.0,1.0,1.0,1.0,0.0,0.0
,2026-09-03,TORNTPOWER.NS,74.57,69.3,0.0,41.0,0.0,0.0,0.1133,40.2,40.1,0.0,0.0,1.2798,1.0,1.0,0.0,0.0,0.0,0.0,0.0
=======,,,,,,,,,,,,,,,,,,,,,
,2026-09-03,ADANIPORTS.NS,76.24,74.97,1.0,40.2,0.0,0.0,0.1092,32.9,34.9,0.0,0.0,0.2285,1.0,1.0,1.0,0.0,0.0,0.0,0.0
,2026-09-03,IRCTC.NS,76.13,77.51,1.0,66.0,1.0,1.0,0.1317,49.2,49.4,0.0,0.0,0.6637,1.0,0.0,1.0,1.0,1.0,1.0,1.0
,2026-09-03,TATASTEEL.NS,75.9,70.5,1.0,50.5,0.0,0.0,0.118,34.7,36.8,0.0,0.0,-0.4723,0.0,0.0,0.0,1.0,1.0,1.0,1.0
,2026-09-03,PAYTM.NS,75.06,73.89,1.0,61.5,1.0,1.0,0.1197,51.3,50.9,0.0,0.0,3.1582,1.0,1.0,1.0,1.0,1.0,0.0,0.0
,2026-09-03,TORNTPOWER.NS,74.57,69.3,0.0,41.0,0.0,0.0,0.1133,40.2,40.1,0.0,0.0,1.2798,1.0,1.0,0.0,0.0,0.0,0.0,0.0
>>>>>>> Stashed changes,,,,,,,,,,,,,,,,,,,,,
,2026-09-03,NAM-INDIA.NS,74.24,68.3,0.0,58.5,1.0,0.0,0.1193,42.0,40.8,0.0,0.0,-0.4206,0.0,1.0,1.0,0.0,1.0,0.0,0.0
,2026-09-03,MTAR.NS,73.68,72.06,1.0,49.2,0.0,0.0,0.1342,35.7,37.3,0.0,0.0,,,,,,,,
,2026-09-03,ADANIENSOL.NS,73.16,67.51,0.0,51.0,0.0,0.0,0.1274,51.8,49.3,0.0,0.0,1.3928,1.0,1.0,0.0,0.0,0.0,0.0,0.0
,2026-09-03,COALINDIA.NS,72.5,61.72,0.0,39.9,0.0,0.0,0.1047,38.6,38.5,0.0,0.0,0.1688,1.0,1.0,0.0,0.0,0.0,0.0,0.0
,2026-09-03,HEROMOTOCO.NS,72.42,87.78,1.0,58.2,1.0,1.0,0.1453,45.4,49.3,0.0,0.0,-0.0848,0.0,1.0,0.0,0.0,0.0,0.0,0.0
<<<<<<< Updated upstream,,,,,,,,,,,,,,,,,,,,,
,2026-09-03,ETERNAL.NS,72.34,88.53,1.0,50.3,0.0,0.0,0.1069,51.8,46.9,0.0,0.0,-0.3079,0.0,0.0,0.0,1.0,1.0,1.0,1.0
,2026-09-03,TATAMOTORS.NS,72.23,88.3,1.0,48.4,0.0,0.0,0.1342,53.7,48.8,0.0,0.0,,,,,,,,
,2026-09-03,SOLARINDS.NS,71.94,71.89,1.0,40.0,0.0,0.0,0.1138,43.9,48.5,0.0,0.0,-0.0233,0.0,1.0,0.0,1.0,1.0,0.0,0.0
,2026-09-03,VBL.NS,71.78,72.97,1.0,44.6,0.0,0.0,0.1133,39.9,42.0,0.0,0.0,0.5895,1.0,0.0,1.0,0.0,0.0,1.0,1.0
,2026-09-03,BALKRISIND.NS,71.47,84.5,1.0,52.3,0.0,0.0,0.1138,46.0,46.5,0.0,0.0,-0.9926,0.0,0.0,0.0,1.0,1.0,1.0,1.0
,2026-09-03,TATACOMM.NS,71.23,72.99,1.0,50.9,0.0,0.0,0.1237,33.5,36.5,0.0,0.0,3.4367,1.0,1.0,1.0,0.0,0.0,0.0,0.0
,2026-09-03,ABBOTINDIA.NS,70.99,66.89,0.0,53.8,0.0,0.0,0.118,41.6,42.9,0.0,0.0,0.1927,1.0,0.0,0.0,0.0,0.0,1.0,1.0
,2026-09-03,MRF.NS,70.7,63.34,0.0,50.5,0.0,0.0,0.1184,33.1,35.5,0.0,0.0,-0.4674,0.0,0.0,1.0,1.0,1.0,1.0,1.0
,2026-09-03,HUDCO.NS,70.21,79.06,1.0,60.9,1.0,1.0,0.1245,52.4,50.2,0.0,0.0,-0.1657,0.0,0.0,0.0,0.0,0.0,1.0,1.0
,2026-09-03,TATAPOWER.NS,70.15,64.76,0.0,45.5,0.0,0.0,0.1047,42.9,43.1,0.0,0.0,0.2188,1.0,0.0,0.0,0.0,0.0,1.0,1.0
,2026-09-03,RVNL.NS,69.84,74.76,1.0,61.4,1.0,1.0,0.1284,52.4,50.8,0.0,0.0,1.5528,1.0,0.0,1.0,1.0,1.0,1.0,1.0
,2026-09-03,ABB.NS,69.81,64.0,0.0,51.1,0.0,0.0,0.1138,47.8,48.3,0.0,0.0,-0.0942,0.0,0.0,1.0,1.0,1.0,1.0,1.0
=======,,,,,,,,,,,,,,,,,,,,,
,2026-09-03,ETERNAL.NS,72.34,88.53,1.0,50.3,0.0,0.0,0.1069,51.8,46.9,0.0,0.0,-0.3079,0.0,0.0,0.0,1.0,1.0,1.0,1.0
,2026-09-03,TATAMOTORS.NS,72.23,88.3,1.0,48.4,0.0,0.0,0.1342,53.7,48.8,0.0,0.0,,,,,,,,
,2026-09-03,SOLARINDS.NS,71.94,71.89,1.0,40.0,0.0,0.0,0.1138,43.9,48.5,0.0,0.0,-0.0233,0.0,1.0,0.0,1.0,1.0,0.0,0.0
,2026-09-03,VBL.NS,71.78,72.97,1.0,44.6,0.0,0.0,0.1133,39.9,42.0,0.0,0.0,0.5895,1.0,0.0,1.0,0.0,0.0,1.0,1.0
,2026-09-03,BALKRISIND.NS,71.47,84.5,1.0,52.3,0.0,0.0,0.1138,46.0,46.5,0.0,0.0,-0.9926,0.0,0.0,0.0,1.0,1.0,1.0,1.0
,2026-09-03,TATACOMM.NS,71.23,72.99,1.0,50.9,0.0,0.0,0.1237,33.5,36.5,0.0,0.0,3.4367,1.0,1.0,1.0,0.0,0.0,0.0,0.0
,2026-09-03,ABBOTINDIA.NS,70.99,66.89,0.0,53.8,0.0,0.0,0.118,41.6,42.9,0.0,0.0,0.1927,1.0,0.0,0.0,0.0,0.0,1.0,1.0
,2026-09-03,MRF.NS,70.7,63.34,0.0,50.5,0.0,0.0,0.1184,33.1,35.5,0.0,0.0,-0.4674,0.0,0.0,1.0,1.0,1.0,1.0,1.0
,2026-09-03,HUDCO.NS,70.21,79.06,1.0,60.9,1.0,1.0,0.1245,52.4,50.2,0.0,0.0,-0.1657,0.0,0.0,0.0,0.0,0.0,1.0,1.0
,2026-09-03,TATAPOWER.NS,70.15,64.76,0.0,45.5,0.0,0.0,0.1047,42.9,43.1,0.0,0.0,0.2188,1.0,0.0,0.0,0.0,0.0,1.0,1.0
,2026-09-03,RVNL.NS,69.84,74.76,1.0,61.4,1.0,1.0,0.1284,52.4,50.8,0.0,0.0,1.5528,1.0,0.0,1.0,1.0,1.0,1.0,1.0
,2026-09-03,ABB.NS,69.81,64.0,0.0,51.1,0.0,0.0,0.1138,47.8,48.3,0.0,0.0,-0.0942,0.0,0.0,1.0,1.0,1.0,1.0,1.0
>>>>>>> Stashed changes,,,,,,,,,,,,,,,,,,,,,
,2026-09-03,SIEMENS.NS,69.48,61.48,0.0,54.2,0.0,0.0,0.118,47.0,43.6,0.0,0.0,-0.7196,0.0,0.0,1.0,1.0,1.0,1.0,1.0
,2026-09-03,MUTHOOTFIN.NS,69.43,70.95,1.0,44.9,0.0,0.0,0.1138,44.2,45.7,0.0,0.0,-0.0957,0.0,0.0,0.0,1.0,1.0,1.0,1.0
,2026-09-03,NAVINFLUOR.NS,69.31,60.25,0.0,54.5,0.0,0.0,0.1197,42.1,41.2,0.0,0.0,-0.7934,0.0,1.0,1.0,1.0,1.0,0.0,0.0
,2026-09-03,HCLTECH.NS,69.13,54.69,0.0,54.8,0.0,0.0,0.1159,40.7,43.6,0.0,0.0,-0.7506,0.0,0.0,1.0,1.0,1.0,1.0,1.0
,2026-09-03,WIPRO.NS,69.13,54.68,0.0,62.6,1.0,0.0,0.1298,43.5,47.8,0.0,0.0,1.1439,1.0,0.0,0.0,1.0,0.0,1.0,1.0
,2026-09-03,TCS.NS,69.1,54.59,0.0,53.5,0.0,0.0,0.1161,35.1,39.4,0.0,0.0,-0.0129,0.0,0.0,1.0,1.0,1.0,1.0,1.0
,2026-09-03,DELTACORP.NS,69.06,81.25,1.0,68.4,1.0,1.0,0.1258,51.7,50.5,0.0,0.0,1.6711,1.0,0.0,1.0,1.0,1.0,1.0,1.0
<<<<<<< Updated upstream,,,,,,,,,,,,,,,,,,,,,
,2026-09-03,HAL.NS,68.96,59.66,0.0,61.7,1.0,0.0,0.1254,50.8,52.4,0.0,0.0,3.093,1.0,1.0,0.0,1.0,0.0,0.0,0.0
=======,,,,,,,,,,,,,,,,,,,,,
,2026-09-03,HAL.NS,68.96,59.66,0.0,61.7,1.0,0.0,0.1254,50.8,52.4,0.0,0.0,3.093,1.0,1.0,0.0,1.0,0.0,0.0,0.0
>>>>>>> Stashed changes,,,,,,,,,,,,,,,,,,,,,
,2026-09-03,VOLTAS.NS,68.87,80.82,1.0,63.8,1.0,1.0,0.146,54.8,50.6,0.0,0.0,0.4244,1.0,0.0,1.0,1.0,1.0,1.0,1.0
,2026-09-03,BEL.NS,68.82,58.91,0.0,49.6,0.0,0.0,0.1186,35.4,38.5,0.0,0.0,0.5262,1.0,1.0,0.0,0.0,0.0,0.0,0.0
<<<<<<< HEAD,,,,,,,,,,,,,,,,,,,,,
,2026-09-03,IEX.NS,68.8,80.67,1.0,67.8,1.0,1.0,0.1245,54.7,52.1,0.0,0.0,0.0084,1.0,0.0,1.0,1.0,1.0,1.0,1.0
,2026-09-03,SKFINDIA.NS,68.68,64.16,0.0,53.6,0.0,0.0,0.1184,39.8,42.6,0.0,0.0,0.8179,1.0,0.0,0.0,0.0,0.0,1.0,1.0
=======,,,,,,,,,,,,,,,,,,,,,
,2026-09-03,IEX.NS,68.8,80.67,1.0,67.8,1.0,1.0,0.1245,54.7,52.1,0.0,0.0,-0.2014,0.0,0.0,0.0,0.0,0.0,1.0,1.0
,2026-09-03,SKFINDIA.NS,68.68,64.16,0.0,53.6,0.0,0.0,0.1184,39.8,42.6,0.0,0.0,0.8179,1.0,0.0,0.0,0.0,0.0,1.0,1.0
>>>>>>> 0035fbf6d3e958659ff10d7289d46caf9734d327,,,,,,,,,,,,,,,,,,,,,
,2026-09-03,INFY.NS,68.6,54.42,0.0,53.1,0.0,0.0,0.1159,40.1,45.0,0.0,0.0,0.1769,1.0,0.0,0.0,0.0,0.0,1.0,1.0
,2026-09-03,OLAELEC.NS,68.53,80.07,1.0,63.3,1.0,1.0,0.1251,47.2,47.1,0.0,0.0,0.6672,1.0,1.0,1.0,1.0,1.0,0.0,0.0
<<<<<<< Updated upstream,,,,,,,,,,,,,,,,,,,,,
,2026-09-03,MAZDOCK.NS,68.42,61.13,0.0,63.6,1.0,0.0,0.1254,48.1,54.2,0.0,0.0,2.0574,1.0,0.0,0.0,1.0,0.0,1.0,1.0
=======,,,,,,,,,,,,,,,,,,,,,
,2026-09-03,MAZDOCK.NS,68.42,61.13,0.0,63.6,1.0,0.0,0.1254,48.1,54.2,0.0,0.0,2.0574,1.0,0.0,0.0,1.0,0.0,1.0,1.0
>>>>>>> Stashed changes,,,,,,,,,,,,,,,,,,,,,
,2026-09-03,NTPC.NS,68.38,56.2,0.0,43.2,0.0,0.0,0.1097,39.9,39.7,0.0,0.0,0.3324,1.0,0.0,0.0,0.0,0.0,1.0,1.0
,2026-09-03,PRESTIGE.NS,68.25,59.17,0.0,44.0,0.0,0.0,0.1138,31.4,33.8,0.0,0.0,0.9782,1.0,0.0,0.0,0.0,0.0,1.0,1.0
,2026-09-03,DIXON.NS,68.21,54.65,0.0,40.9,0.0,0.0,0.1101,29.2,35.7,0.0,0.0,-1.1492,0.0,0.0,1.0,1.0,1.0,1.0,1.0
,2026-09-03,ULTRACEMCO.NS,68.12,63.04,0.0,52.6,0.0,0.0,0.1184,41.3,39.9,0.0,0.0,0.5676,1.0,0.0,0.0,0.0,0.0,1.0,1.0
<<<<<<< Updated upstream,,,,,,,,,,,,,,,,,,,,,
,2026-09-03,GRSE.NS,68.04,61.03,0.0,66.8,1.0,0.0,0.1302,55.7,58.1,1.0,1.0,1.5539,1.0,0.0,0.0,1.0,0.0,0.0,0.0
,2026-09-03,KPIL.NS,67.88,78.63,1.0,51.6,0.0,0.0,0.118,46.5,44.2,0.0,0.0,-0.5713,0.0,0.0,0.0,1.0,1.0,1.0,1.0
,2026-09-03,TITAN.NS,67.84,75.43,1.0,47.1,0.0,0.0,0.1109,45.5,45.7,0.0,0.0,-0.6763,0.0,0.0,0.0,1.0,1.0,1.0,1.0
,2026-09-03,BSE.NS,67.74,55.28,0.0,62.7,1.0,0.0,0.1322,35.9,39.1,0.0,0.0,3.9472,1.0,0.0,0.0,1.0,0.0,1.0,1.0
=======,,,,,,,,,,,,,,,,,,,,,
,2026-09-03,GRSE.NS,68.04,61.03,0.0,66.8,1.0,0.0,0.1302,55.7,58.1,1.0,1.0,1.5539,1.0,0.0,0.0,1.0,0.0,0.0,0.0
,2026-09-03,KPIL.NS,67.88,78.63,1.0,51.6,0.0,0.0,0.118,46.5,44.2,0.0,0.0,-0.5713,0.0,0.0,0.0,1.0,1.0,1.0,1.0
,2026-09-03,TITAN.NS,67.84,75.43,1.0,47.1,0.0,0.0,0.1109,45.5,45.7,0.0,0.0,-0.6763,0.0,0.0,0.0,1.0,1.0,1.0,1.0
,2026-09-03,BSE.NS,67.74,55.28,0.0,62.7,1.0,0.0,0.1322,35.9,39.1,0.0,0.0,3.9472,1.0,0.0,0.0,1.0,0.0,1.0,1.0
>>>>>>> Stashed changes,,,,,,,,,,,,,,,,,,,,,
,2026-09-03,VEDL.NS,67.47,61.59,0.0,55.8,1.0,0.0,0.1223,30.4,35.2,0.0,0.0,0.1109,1.0,1.0,0.0,1.0,0.0,0.0,0.0
<<<<<<< HEAD,,,,,,,,,,,,,,,,,,,,,
,2026-09-03,ASIANPAINT.NS,66.98,55.08,0.0,63.4,1.0,0.0,0.1322,34.7,38.2,0.0,0.0,-0.5626,0.0,0.0,1.0,0.0,1.0,1.0,1.0
,2026-09-03,RADICO.NS,66.98,76.62,1.0,57.0,1.0,1.0,0.1184,49.6,47.5,0.0,0.0,-1.7087,0.0,0.0,0.0,0.0,0.0,1.0,1.0
,2026-09-03,BHARATFORG.NS,66.4,74.51,1.0,55.2,1.0,1.0,0.1197,35.3,38.3,0.0,0.0,-0.1514,0.0,1.0,0.0,0.0,0.0,0.0,0.0
<<<<<<< Updated upstream,,,,,,,,,,,,,,,,,,,,,
,2026-09-03,BRIGADE.NS,65.67,55.07,0.0,54.1,0.0,0.0,0.1197,33.2,37.6,0.0,0.0,-1.1161,0.0,0.0,1.0,1.0,1.0,1.0,1.0
=======,,,,,,,,,,,,,,,,,,,,,
,2026-09-03,BRIGADE.NS,65.67,55.07,0.0,54.1,0.0,0.0,0.1197,33.2,37.6,0.0,0.0,-1.1161,0.0,0.0,1.0,1.0,1.0,1.0,1.0
>>>>>>> Stashed changes,,,,,,,,,,,,,,,,,,,,,
,2026-09-03,BHEL.NS,65.62,69.08,0.0,47.9,0.0,0.0,0.1138,37.1,36.1,0.0,0.0,1.6211,1.0,0.0,0.0,0.0,0.0,1.0,1.0
,2026-09-03,AMBUJACEM.NS,65.48,56.62,0.0,49.1,0.0,0.0,0.118,29.0,36.1,0.0,0.0,0.2469,1.0,0.0,0.0,0.0,0.0,1.0,1.0
=======,,,,,,,,,,,,,,,,,,,,,
,2026-09-03,ASIANPAINT.NS,66.98,55.08,0.0,63.4,1.0,0.0,0.1322,34.7,38.2,0.0,0.0,-0.5626,0.0,0.0,1.0,0.0,1.0,1.0,1.0
,2026-09-03,RADICO.NS,66.98,76.62,1.0,57.0,1.0,1.0,0.1184,49.6,47.5,0.0,0.0,-1.4258,0.0,0.0,0.0,0.0,0.0,1.0,1.0
,2026-09-03,BHARATFORG.NS,66.4,74.51,1.0,55.2,1.0,1.0,0.1197,35.3,38.3,0.0,0.0,-0.1514,0.0,1.0,0.0,0.0,0.0,0.0,0.0
<<<<<<< Updated upstream,,,,,,,,,,,,,,,,,,,,,
,2026-09-03,BRIGADE.NS,65.67,55.07,0.0,54.1,0.0,0.0,0.1197,33.2,37.6,0.0,0.0,-1.1161,0.0,0.0,1.0,1.0,1.0,1.0,1.0
,2026-09-03,BHEL.NS,65.62,69.08,0.0,47.9,0.0,0.0,0.1138,37.1,36.1,0.0,0.0,1.6211,1.0,0.0,0.0,0.0,0.0,1.0,1.0
,2026-09-03,AMBUJACEM.NS,65.48,56.62,0.0,49.1,0.0,0.0,0.118,29.0,36.1,0.0,0.0,0.0,0.0,0.0,1.0,1.0,1.0,1.0,1.0
>>>>>>> 0035fbf6d3e958659ff10d7289d46caf9734d327,,,,,,,,,,,,,,,,,,,,,
,2026-09-03,DEVYANI.NS,65.47,65.61,0.0,57.4,1.0,0.0,0.1219,51.6,53.1,0.0,0.0,1.4705,1.0,0.0,0.0,1.0,0.0,1.0,1.0
=======,,,,,,,,,,,,,,,,,,,,,
,2026-09-03,BRIGADE.NS,65.67,55.07,0.0,54.1,0.0,0.0,0.1197,33.2,37.6,0.0,0.0,-1.1161,0.0,0.0,1.0,1.0,1.0,1.0,1.0
,2026-09-03,BHEL.NS,65.62,69.08,0.0,47.9,0.0,0.0,0.1138,37.1,36.1,0.0,0.0,1.6211,1.0,0.0,0.0,0.0,0.0,1.0,1.0
,2026-09-03,AMBUJACEM.NS,65.48,56.62,0.0,49.1,0.0,0.0,0.118,29.0,36.1,0.0,0.0,0.0,0.0,0.0,1.0,1.0,1.0,1.0,1.0
>>>>>>> 0035fbf6d3e958659ff10d7289d46caf9734d327,,,,,,,,,,,,,,,,,,,,,
,2026-09-03,DEVYANI.NS,65.47,65.61,0.0,57.4,1.0,0.0,0.1219,51.6,53.1,0.0,0.0,1.4705,1.0,0.0,0.0,1.0,0.0,1.0,1.0
>>>>>>> Stashed changes,,,,,,,,,,,,,,,,,,,,,
,2026-09-03,JPPOWER.NS,65.4,73.12,1.0,63.1,1.0,1.0,0.1279,50.8,49.4,0.0,0.0,0.3718,1.0,1.0,1.0,1.0,1.0,0.0,0.0
,2026-09-03,SBIN.NS,65.26,53.45,0.0,62.6,1.0,0.0,0.1284,36.0,43.3,0.0,0.0,0.0782,1.0,0.0,0.0,1.0,0.0,1.0,1.0
,2026-09-03,TMCV.NS,65.21,60.35,0.0,64.2,1.0,0.0,0.1312,36.9,41.8,0.0,0.0,-0.1303,0.0,0.0,1.0,0.0,1.0,1.0,1.0
,2026-09-03,KOTAKBANK.NS,64.87,54.67,0.0,50.0,0.0,0.0,0.1076,34.4,41.1,0.0,0.0,0.9142,1.0,0.0,0.0,0.0,0.0,1.0,1.0
<<<<<<< Updated upstream,,,,,,,,,,,,,,,,,,,,,
,2026-09-03,DATAPATTNS.NS,64.86,56.28,0.0,50.4,0.0,0.0,0.118,39.6,42.7,0.0,0.0,0.4687,1.0,1.0,0.0,0.0,0.0,0.0,0.0
,2026-09-03,MARUTI.NS,64.74,62.16,0.0,62.3,1.0,0.0,0.1258,58.4,58.7,1.0,1.0,-0.5756,0.0,0.0,1.0,0.0,1.0,0.0,0.0
,2026-09-03,CAMS.NS,64.66,69.38,0.0,61.4,1.0,0.0,0.1241,47.8,45.5,0.0,0.0,0.8162,1.0,0.0,0.0,1.0,0.0,1.0,1.0
,2026-09-03,COCHINSHIP.NS,64.36,74.39,0.0,63.0,1.0,0.0,0.1258,53.7,50.4,0.0,0.0,2.1592,1.0,1.0,0.0,1.0,0.0,0.0,0.0
,2026-09-03,MPHASIS.NS,64.35,62.57,0.0,54.1,0.0,0.0,0.1152,47.1,46.7,0.0,0.0,-1.2343,0.0,0.0,1.0,1.0,1.0,1.0,1.0
=======,,,,,,,,,,,,,,,,,,,,,
,2026-09-03,DATAPATTNS.NS,64.86,56.28,0.0,50.4,0.0,0.0,0.118,39.6,42.7,0.0,0.0,0.4687,1.0,1.0,0.0,0.0,0.0,0.0,0.0
,2026-09-03,MARUTI.NS,64.74,62.16,0.0,62.3,1.0,0.0,0.1258,58.4,58.7,1.0,1.0,-0.5756,0.0,0.0,1.0,0.0,1.0,0.0,0.0
,2026-09-03,CAMS.NS,64.66,69.38,0.0,61.4,1.0,0.0,0.1241,47.8,45.5,0.0,0.0,0.8162,1.0,0.0,0.0,1.0,0.0,1.0,1.0
,2026-09-03,COCHINSHIP.NS,64.36,74.39,0.0,63.0,1.0,0.0,0.1258,53.7,50.4,0.0,0.0,2.1592,1.0,1.0,0.0,1.0,0.0,0.0,0.0
,2026-09-03,MPHASIS.NS,64.35,62.57,0.0,54.1,0.0,0.0,0.1152,47.1,46.7,0.0,0.0,-1.2343,0.0,0.0,1.0,1.0,1.0,1.0,1.0
>>>>>>> Stashed changes,,,,,,,,,,,,,,,,,,,,,
,2026-09-03,MANAPPURAM.NS,64.31,69.87,0.0,48.3,0.0,0.0,0.1138,37.8,41.8,0.0,0.0,-0.4692,0.0,0.0,1.0,1.0,1.0,1.0,1.0
,2026-09-03,OIL.NS,64.26,60.01,0.0,38.8,0.0,0.0,0.1023,40.4,39.4,0.0,0.0,-0.0818,0.0,1.0,1.0,1.0,1.0,0.0,0.0
,2026-09-03,EIHOTEL.NS,64.02,67.94,0.0,63.0,1.0,0.0,0.1267,48.6,48.2,0.0,0.0,0.0344,1.0,1.0,0.0,1.0,0.0,0.0,0.0
,2026-09-03,BAJFINANCE.NS,63.69,56.23,0.0,55.2,1.0,0.0,0.118,38.3,38.4,0.0,0.0,0.8198,1.0,1.0,0.0,1.0,0.0,0.0,0.0
,2026-09-03,INDHOTEL.NS,63.66,67.14,0.0,42.8,0.0,0.0,0.1138,42.2,42.3,0.0,0.0,-1.6872,0.0,0.0,1.0,1.0,1.0,1.0,1.0
,2026-09-03,LICI.NS,63.47,53.39,0.0,54.4,0.0,0.0,0.1197,26.7,30.7,0.0,0.0,0.1799,1.0,0.0,0.0,0.0,0.0,1.0,1.0
<<<<<<< Updated upstream,,,,,,,,,,,,,,,,,,,,,
,2026-09-03,IGL.NS,63.18,62.49,0.0,57.4,1.0,0.0,0.1223,44.3,45.0,0.0,0.0,5.9296,1.0,1.0,0.0,1.0,0.0,0.0,0.0
,2026-09-03,FIVESTAR.NS,63.05,67.89,0.0,55.8,1.0,0.0,0.1233,43.8,45.1,0.0,0.0,-3.6569,0.0,0.0,1.0,0.0,1.0,1.0,1.0
=======,,,,,,,,,,,,,,,,,,,,,
,2026-09-03,IGL.NS,63.18,62.49,0.0,57.4,1.0,0.0,0.1223,44.3,45.0,0.0,0.0,5.9296,1.0,1.0,0.0,1.0,0.0,0.0,0.0
,2026-09-03,FIVESTAR.NS,63.05,67.89,0.0,55.8,1.0,0.0,0.1233,43.8,45.1,0.0,0.0,-3.6569,0.0,0.0,1.0,0.0,1.0,1.0,1.0
>>>>>>> Stashed changes,,,,,,,,,,,,,,,,,,,,,
<<<<<<< HEAD,,,,,,,,,,,,,,,,,,,,,
,2026-09-03,HINDCOPPER.NS,62.98,52.47,0.0,61.1,1.0,0.0,0.1233,41.4,40.1,0.0,0.0,0.54,1.0,1.0,0.0,1.0,0.0,0.0,0.0
=======,,,,,,,,,,,,,,,,,,,,,
,2026-09-03,HINDCOPPER.NS,62.98,52.47,0.0,61.1,1.0,0.0,0.1233,41.4,40.1,0.0,0.0,0.6075,1.0,1.0,0.0,1.0,0.0,0.0,0.0
>>>>>>> 0035fbf6d3e958659ff10d7289d46caf9734d327,,,,,,,,,,,,,,,,,,,,,
<<<<<<< Updated upstream,,,,,,,,,,,,,,,,,,,,,
,2026-09-03,MGL.NS,62.76,73.61,0.0,64.0,1.0,0.0,0.1279,50.3,49.5,0.0,0.0,1.8661,1.0,1.0,0.0,1.0,0.0,0.0,0.0
,2026-09-03,M&M.NS,62.49,56.54,0.0,65.5,1.0,0.0,0.1361,58.6,58.9,1.0,1.0,0.4762,1.0,1.0,0.0,1.0,0.0,1.0,1.0
,2026-09-03,WESTLIFE.NS,62.38,66.4,0.0,65.8,1.0,0.0,0.1323,55.9,53.0,1.0,0.0,-1.2672,0.0,1.0,1.0,0.0,1.0,1.0,0.0
,2026-09-03,JUBLFOOD.NS,62.33,66.29,0.0,54.2,0.0,0.0,0.1138,56.4,50.4,1.0,0.0,0.4349,1.0,0.0,0.0,0.0,0.0,0.0,1.0
,2026-09-03,LAURUSLABS.NS,62.33,61.54,0.0,52.6,0.0,0.0,0.1184,45.2,48.0,0.0,0.0,-0.4282,0.0,1.0,1.0,1.0,1.0,0.0,0.0
,2026-09-03,ADANIGREEN.NS,62.12,85.94,0.0,43.4,0.0,0.0,0.1092,46.0,44.5,0.0,0.0,1.0831,1.0,1.0,0.0,0.0,0.0,0.0,0.0
,2026-09-03,VINATIORGA.NS,62.06,63.59,0.0,54.8,0.0,0.0,0.1245,41.2,46.1,0.0,0.0,0.0533,1.0,1.0,0.0,0.0,0.0,0.0,0.0
,2026-09-03,SYNGENE.NS,61.81,61.55,0.0,56.6,1.0,0.0,0.1193,41.0,42.6,0.0,0.0,-0.8733,0.0,0.0,1.0,0.0,1.0,1.0,1.0
,2026-09-03,AXISBANK.NS,61.6,52.0,0.0,51.4,0.0,0.0,0.1148,24.0,29.8,0.0,0.0,0.9629,1.0,0.0,0.0,0.0,0.0,1.0,1.0
,2026-09-03,POWERGRID.NS,61.24,56.7,0.0,38.1,0.0,0.0,0.1097,34.3,37.2,0.0,0.0,0.0941,1.0,1.0,0.0,0.0,0.0,0.0,0.0
,2026-09-03,TIMKEN.NS,61.21,52.01,0.0,56.3,1.0,0.0,0.1272,32.0,34.0,0.0,0.0,-0.1536,0.0,0.0,1.0,0.0,1.0,1.0,1.0
,2026-09-03,BAJAJ-AUTO.NS,60.45,63.03,0.0,56.7,1.0,0.0,0.1187,44.7,43.4,0.0,0.0,0.2685,1.0,0.0,0.0,1.0,0.0,1.0,1.0
,2026-09-03,HDFCBANK.NS,60.37,50.76,0.0,61.7,1.0,0.0,0.1298,40.0,50.4,0.0,0.0,1.217,1.0,0.0,0.0,1.0,0.0,1.0,1.0
,2026-09-03,HOMEFIRST.NS,60.35,53.63,0.0,36.6,0.0,0.0,0.1133,21.4,27.9,0.0,0.0,0.7242,1.0,1.0,0.0,0.0,0.0,0.0,0.0
,2026-09-03,NH.NS,60.35,61.9,0.0,53.9,0.0,0.0,0.1193,45.9,43.2,0.0,0.0,-0.9776,0.0,1.0,1.0,1.0,1.0,0.0,0.0
,2026-09-03,APOLLOHOSP.NS,60.34,70.87,0.0,58.2,1.0,0.0,0.1184,45.8,46.3,0.0,0.0,-0.1093,0.0,1.0,1.0,0.0,1.0,0.0,0.0
,2026-09-03,UTIAMC.NS,60.21,59.49,0.0,61.4,1.0,0.0,0.1241,48.5,50.5,0.0,0.0,0.2556,1.0,1.0,0.0,1.0,0.0,0.0,0.0
,2026-09-03,BALAMINES.NS,60.18,59.42,0.0,52.9,0.0,0.0,0.1042,46.0,45.1,0.0,0.0,3.4453,1.0,1.0,0.0,0.0,0.0,0.0,0.0
,2026-09-03,KIMS.NS,60.17,59.38,0.0,61.3,1.0,0.0,0.1254,43.6,46.2,0.0,0.0,-0.5795,0.0,0.0,1.0,0.0,1.0,1.0,1.0
,2026-09-03,JSWSTEEL.NS,60.1,59.23,0.0,53.3,0.0,0.0,0.1193,42.1,42.4,0.0,0.0,1.7584,1.0,0.0,0.0,0.0,0.0,1.0,1.0
,2026-09-03,POLICYBZR.NS,59.91,60.9,0.0,46.4,0.0,0.0,0.1027,50.9,47.0,0.0,0.0,-1.7861,0.0,0.0,1.0,1.0,1.0,1.0,1.0
=======,,,,,,,,,,,,,,,,,,,,,
,2026-09-03,MGL.NS,62.76,73.61,0.0,64.0,1.0,0.0,0.1279,50.3,49.5,0.0,0.0,1.8661,1.0,1.0,0.0,1.0,0.0,0.0,0.0
,2026-09-03,M&M.NS,62.49,56.54,0.0,65.5,1.0,0.0,0.1361,58.6,58.9,1.0,1.0,0.4762,1.0,1.0,0.0,1.0,0.0,1.0,1.0
,2026-09-03,WESTLIFE.NS,62.38,66.4,0.0,65.8,1.0,0.0,0.1323,55.9,53.0,1.0,0.0,-1.2672,0.0,1.0,1.0,0.0,1.0,1.0,0.0
,2026-09-03,JUBLFOOD.NS,62.33,66.29,0.0,54.2,0.0,0.0,0.1138,56.4,50.4,1.0,0.0,0.4349,1.0,0.0,0.0,0.0,0.0,0.0,1.0
,2026-09-03,LAURUSLABS.NS,62.33,61.54,0.0,52.6,0.0,0.0,0.1184,45.2,48.0,0.0,0.0,-0.4282,0.0,1.0,1.0,1.0,1.0,0.0,0.0
,2026-09-03,ADANIGREEN.NS,62.12,85.94,0.0,43.4,0.0,0.0,0.1092,46.0,44.5,0.0,0.0,1.0831,1.0,1.0,0.0,0.0,0.0,0.0,0.0
,2026-09-03,VINATIORGA.NS,62.06,63.59,0.0,54.8,0.0,0.0,0.1245,41.2,46.1,0.0,0.0,0.0533,1.0,1.0,0.0,0.0,0.0,0.0,0.0
,2026-09-03,SYNGENE.NS,61.81,61.55,0.0,56.6,1.0,0.0,0.1193,41.0,42.6,0.0,0.0,-0.8733,0.0,0.0,1.0,0.0,1.0,1.0,1.0
,2026-09-03,AXISBANK.NS,61.6,52.0,0.0,51.4,0.0,0.0,0.1148,24.0,29.8,0.0,0.0,0.9629,1.0,0.0,0.0,0.0,0.0,1.0,1.0
,2026-09-03,POWERGRID.NS,61.24,56.7,0.0,38.1,0.0,0.0,0.1097,34.3,37.2,0.0,0.0,0.0941,1.0,1.0,0.0,0.0,0.0,0.0,0.0
,2026-09-03,TIMKEN.NS,61.21,52.01,0.0,56.3,1.0,0.0,0.1272,32.0,34.0,0.0,0.0,-0.1536,0.0,0.0,1.0,0.0,1.0,1.0,1.0
,2026-09-03,BAJAJ-AUTO.NS,60.45,63.03,0.0,56.7,1.0,0.0,0.1187,44.7,43.4,0.0,0.0,0.2685,1.0,0.0,0.0,1.0,0.0,1.0,1.0
,2026-09-03,HDFCBANK.NS,60.37,50.76,0.0,61.7,1.0,0.0,0.1298,40.0,50.4,0.0,0.0,1.217,1.0,0.0,0.0,1.0,0.0,1.0,1.0
,2026-09-03,HOMEFIRST.NS,60.35,53.63,0.0,36.6,0.0,0.0,0.1133,21.4,27.9,0.0,0.0,0.7242,1.0,1.0,0.0,0.0,0.0,0.0,0.0
,2026-09-03,NH.NS,60.35,61.9,0.0,53.9,0.0,0.0,0.1193,45.9,43.2,0.0,0.0,-0.9776,0.0,1.0,1.0,1.0,1.0,0.0,0.0
,2026-09-03,APOLLOHOSP.NS,60.34,70.87,0.0,58.2,1.0,0.0,0.1184,45.8,46.3,0.0,0.0,-0.1093,0.0,1.0,1.0,0.0,1.0,0.0,0.0
,2026-09-03,UTIAMC.NS,60.21,59.49,0.0,61.4,1.0,0.0,0.1241,48.5,50.5,0.0,0.0,0.2556,1.0,1.0,0.0,1.0,0.0,0.0,0.0
,2026-09-03,BALAMINES.NS,60.18,59.42,0.0,52.9,0.0,0.0,0.1042,46.0,45.1,0.0,0.0,3.4453,1.0,1.0,0.0,0.0,0.0,0.0,0.0
,2026-09-03,KIMS.NS,60.17,59.38,0.0,61.3,1.0,0.0,0.1254,43.6,46.2,0.0,0.0,-0.5795,0.0,0.0,1.0,0.0,1.0,1.0,1.0
,2026-09-03,JSWSTEEL.NS,60.1,59.23,0.0,53.3,0.0,0.0,0.1193,42.1,42.4,0.0,0.0,1.7584,1.0,0.0,0.0,0.0,0.0,1.0,1.0
,2026-09-03,POLICYBZR.NS,59.91,60.9,0.0,46.4,0.0,0.0,0.1027,50.9,47.0,0.0,0.0,-1.7861,0.0,0.0,1.0,1.0,1.0,1.0,1.0
>>>>>>> Stashed changes,,,,,,,,,,,,,,,,,,,,,
,2026-09-03,ADANIPOWER.NS,59.85,56.02,0.0,41.8,0.0,0.0,0.1092,37.2,38.5,0.0,0.0,-0.2352,0.0,1.0,1.0,1.0,1.0,0.0,0.0
,2026-09-03,HDFCLIFE.NS,59.78,57.02,0.0,66.1,1.0,0.0,0.1302,40.6,43.2,0.0,0.0,2.6054,1.0,1.0,0.0,1.0,0.0,0.0,0.0
,2026-09-03,CCLPROD.NS,59.56,56.54,0.0,51.5,0.0,0.0,0.1342,37.4,37.9,0.0,0.0,,,,,,,,
,2026-09-03,L&T.NS,59.52,54.98,0.0,52.2,0.0,0.0,0.1342,26.1,31.4,0.0,0.0,,,,,,,,
,2026-09-03,MASTEK.NS,59.34,52.12,0.0,51.5,0.0,0.0,0.1215,32.8,35.2,0.0,0.0,-1.5843,0.0,0.0,1.0,1.0,1.0,1.0,1.0
<<<<<<< Updated upstream,,,,,,,,,,,,,,,,,,,,,
,2026-09-03,CUMMINSIND.NS,59.18,51.94,0.0,56.4,1.0,0.0,0.1215,35.6,35.5,0.0,0.0,-0.2958,0.0,1.0,1.0,0.0,1.0,0.0,0.0
,2026-09-03,LTM.NS,59.02,54.19,0.0,58.7,1.0,0.0,0.1152,41.4,40.9,0.0,0.0,0.1338,1.0,0.0,0.0,1.0,0.0,1.0,1.0
,2026-09-03,LODHA.NS,58.75,58.34,0.0,48.8,0.0,0.0,0.1138,42.5,43.3,0.0,0.0,-1.5802,0.0,0.0,1.0,1.0,1.0,1.0,1.0
,2026-09-03,GODREJCP.NS,58.68,51.68,0.0,47.3,0.0,0.0,0.118,26.0,30.8,0.0,0.0,-0.5568,0.0,0.0,1.0,1.0,1.0,1.0,1.0
,2026-09-03,AUROPHARMA.NS,58.6,50.47,0.0,55.5,1.0,0.0,0.1261,30.0,31.9,0.0,0.0,1.0994,1.0,1.0,0.0,1.0,0.0,0.0,0.0
,2026-09-03,SOBHA.NS,58.29,57.31,0.0,59.3,1.0,0.0,0.1284,44.1,42.4,0.0,0.0,-0.9769,0.0,0.0,1.0,0.0,1.0,1.0,1.0
,2026-09-03,SHREECEM.NS,58.01,60.51,0.0,50.7,0.0,0.0,0.1133,47.4,47.2,0.0,0.0,0.5019,1.0,0.0,0.0,0.0,0.0,1.0,1.0
,2026-09-03,NAUKRI.NS,57.98,56.48,0.0,56.0,1.0,0.0,0.1041,39.3,46.1,0.0,0.0,0.203,1.0,0.0,0.0,1.0,0.0,1.0,1.0
,2026-09-03,AJANTPHARM.NS,57.88,56.4,0.0,62.3,1.0,0.0,0.1197,38.1,39.9,0.0,0.0,-1.6103,0.0,1.0,1.0,0.0,1.0,0.0,0.0
,2026-09-03,BOSCHLTD.NS,57.54,55.64,0.0,63.4,1.0,0.0,0.1251,45.8,43.7,0.0,0.0,-0.4149,0.0,1.0,1.0,0.0,1.0,0.0,0.0
,2026-09-03,FORTIS.NS,57.52,55.59,0.0,46.1,0.0,0.0,0.118,35.5,38.5,0.0,0.0,-1.2916,0.0,0.0,1.0,1.0,1.0,1.0,1.0
=======,,,,,,,,,,,,,,,,,,,,,
,2026-09-03,CUMMINSIND.NS,59.18,51.94,0.0,56.4,1.0,0.0,0.1215,35.6,35.5,0.0,0.0,-0.2958,0.0,1.0,1.0,0.0,1.0,0.0,0.0
,2026-09-03,LTM.NS,59.02,54.19,0.0,58.7,1.0,0.0,0.1152,41.4,40.9,0.0,0.0,0.1338,1.0,0.0,0.0,1.0,0.0,1.0,1.0
,2026-09-03,LODHA.NS,58.75,58.34,0.0,48.8,0.0,0.0,0.1138,42.5,43.3,0.0,0.0,-1.5802,0.0,0.0,1.0,1.0,1.0,1.0,1.0
,2026-09-03,GODREJCP.NS,58.68,51.68,0.0,47.3,0.0,0.0,0.118,26.0,30.8,0.0,0.0,-0.5568,0.0,0.0,1.0,1.0,1.0,1.0,1.0
,2026-09-03,AUROPHARMA.NS,58.6,50.47,0.0,55.5,1.0,0.0,0.1261,30.0,31.9,0.0,0.0,1.0994,1.0,1.0,0.0,1.0,0.0,0.0,0.0
,2026-09-03,SOBHA.NS,58.29,57.31,0.0,59.3,1.0,0.0,0.1284,44.1,42.4,0.0,0.0,-0.9769,0.0,0.0,1.0,0.0,1.0,1.0,1.0
,2026-09-03,SHREECEM.NS,58.01,60.51,0.0,50.7,0.0,0.0,0.1133,47.4,47.2,0.0,0.0,0.5019,1.0,0.0,0.0,0.0,0.0,1.0,1.0
,2026-09-03,NAUKRI.NS,57.98,56.48,0.0,56.0,1.0,0.0,0.1041,39.3,46.1,0.0,0.0,0.203,1.0,0.0,0.0,1.0,0.0,1.0,1.0
,2026-09-03,AJANTPHARM.NS,57.88,56.4,0.0,62.3,1.0,0.0,0.1197,38.1,39.9,0.0,0.0,-1.6103,0.0,1.0,1.0,0.0,1.0,0.0,0.0
,2026-09-03,BOSCHLTD.NS,57.54,55.64,0.0,63.4,1.0,0.0,0.1251,45.8,43.7,0.0,0.0,-0.4149,0.0,1.0,1.0,0.0,1.0,0.0,0.0
,2026-09-03,FORTIS.NS,57.52,55.59,0.0,46.1,0.0,0.0,0.118,35.5,38.5,0.0,0.0,-1.2916,0.0,0.0,1.0,1.0,1.0,1.0,1.0
>>>>>>> Stashed changes,,,,,,,,,,,,,,,,,,,,,
,2026-09-03,DRREDDY.NS,57.36,55.25,0.0,63.2,1.0,0.0,0.1279,37.1,40.0,0.0,0.0,0.6234,1.0,0.0,0.0,1.0,0.0,1.0,1.0
,2026-09-03,BLS.NS,57.34,55.19,0.0,62.6,1.0,0.0,0.1395,44.8,42.6,0.0,0.0,-0.8994,0.0,0.0,1.0,0.0,1.0,1.0,1.0
,2026-09-03,UPL.NS,57.07,54.6,0.0,41.2,0.0,0.0,0.1133,35.1,34.8,0.0,0.0,0.6834,1.0,0.0,0.0,0.0,0.0,1.0,1.0
<<<<<<< HEAD,,,,,,,,,,,,,,,,,,,,,
,2026-09-03,BAJAJFINSV.NS,56.89,54.2,0.0,50.2,0.0,0.0,0.1138,39.2,39.9,0.0,0.0,-0.8333,0.0,0.0,1.0,1.0,1.0,1.0,1.0
=======,,,,,,,,,,,,,,,,,,,,,
,2026-09-03,BAJAJFINSV.NS,56.89,54.2,0.0,50.2,0.0,0.0,0.1138,39.2,39.9,0.0,0.0,-1.1094,0.0,0.0,1.0,1.0,1.0,1.0,1.0
>>>>>>> 0035fbf6d3e958659ff10d7289d46caf9734d327,,,,,,,,,,,,,,,,,,,,,
,2026-09-03,MMTC.NS,56.68,60.1,0.0,61.6,1.0,0.0,0.1241,44.9,45.7,0.0,0.0,4.0757,1.0,1.0,0.0,1.0,0.0,0.0,0.0
<<<<<<< Updated upstream,,,,,,,,,,,,,,,,,,,,,
,2026-09-03,MANKIND.NS,56.64,54.33,0.0,40.9,0.0,0.0,0.1138,26.3,29.5,0.0,0.0,-1.5957,0.0,0.0,1.0,1.0,1.0,1.0,1.0
,2026-09-03,MOTHERSON.NS,56.52,62.39,0.0,65.4,1.0,0.0,0.1241,47.6,46.5,0.0,0.0,-0.463,0.0,1.0,1.0,0.0,1.0,0.0,0.0
,2026-09-03,IDEA.NS,56.43,64.39,0.0,48.0,0.0,0.0,0.1091,50.5,48.2,0.0,0.0,3.6602,1.0,1.0,0.0,0.0,0.0,0.0,0.0
,2026-09-03,HINDALCO.NS,56.41,71.75,0.0,64.0,1.0,0.0,0.1241,48.5,49.0,0.0,0.0,-0.0891,0.0,1.0,1.0,0.0,1.0,0.0,0.0
,2026-09-03,TMPV.NS,56.4,53.12,0.0,50.0,0.0,0.0,0.1133,40.0,39.9,0.0,0.0,0.3846,1.0,0.0,0.0,0.0,0.0,1.0,1.0
,2026-09-03,HAVELLS.NS,56.1,56.15,0.0,63.9,1.0,0.0,0.1298,40.6,40.9,0.0,0.0,-3.9583,0.0,0.0,1.0,0.0,1.0,1.0,1.0
,2026-09-03,ATGL.NS,54.65,52.12,0.0,55.4,1.0,0.0,0.1133,43.8,41.9,0.0,0.0,0.3338,1.0,0.0,0.0,1.0,0.0,1.0,1.0
,2026-09-03,IRFC.NS,54.51,52.72,0.0,56.9,1.0,0.0,0.1245,46.6,43.9,0.0,0.0,1.2704,1.0,0.0,0.0,1.0,0.0,1.0,1.0
,2026-09-03,COLPAL.NS,54.06,51.36,0.0,51.9,0.0,0.0,0.1184,26.4,33.4,0.0,0.0,-0.2703,0.0,0.0,1.0,1.0,1.0,1.0,1.0
,2026-09-03,ANGELONE.NS,53.46,54.23,0.0,66.7,1.0,0.0,0.1258,45.9,43.4,0.0,0.0,5.4895,1.0,1.0,0.0,1.0,0.0,0.0,0.0
,2026-09-03,PNCINFRA.NS,53.27,55.17,0.0,60.0,1.0,0.0,0.4004,55.0,47.4,0.0,0.0,0.2077,1.0,0.0,0.0,1.0,0.0,1.0,1.0
,2026-09-03,BIKAJI.NS,53.01,51.13,0.0,60.8,1.0,0.0,0.1302,34.6,36.9,0.0,0.0,-0.264,0.0,0.0,1.0,0.0,1.0,1.0,1.0
,2026-09-03,LTIM.NS,52.99,51.91,0.0,56.3,1.0,0.0,0.1342,39.2,38.9,0.0,0.0,,,,,,,,
,2026-09-03,DLF.NS,52.99,51.91,0.0,53.5,0.0,0.0,0.1184,41.9,41.3,0.0,0.0,0.7775,1.0,0.0,0.0,0.0,0.0,1.0,1.0
,2026-09-03,TATACONSUM.NS,52.95,54.45,0.0,67.6,1.0,0.0,0.1322,44.5,42.5,0.0,0.0,-0.1864,0.0,0.0,1.0,0.0,1.0,1.0,1.0
,2026-09-03,BAJAJHLDNG.NS,52.54,55.75,0.0,69.4,1.0,0.0,0.1322,54.2,49.1,0.0,0.0,-0.403,0.0,0.0,1.0,0.0,1.0,1.0,1.0
,2026-09-03,SHYAMMETL.NS,52.51,53.48,0.0,56.5,1.0,0.0,0.1065,42.4,44.2,0.0,0.0,-0.1115,0.0,1.0,1.0,0.0,1.0,0.0,0.0
,2026-09-03,SCHAEFFLER.NS,52.26,55.13,0.0,65.3,1.0,0.0,0.1258,47.5,46.2,0.0,0.0,0.9011,1.0,0.0,0.0,1.0,0.0,1.0,1.0
=======,,,,,,,,,,,,,,,,,,,,,
,2026-09-03,MANKIND.NS,56.64,54.33,0.0,40.9,0.0,0.0,0.1138,26.3,29.5,0.0,0.0,-1.5957,0.0,0.0,1.0,1.0,1.0,1.0,1.0
,2026-09-03,MOTHERSON.NS,56.52,62.39,0.0,65.4,1.0,0.0,0.1241,47.6,46.5,0.0,0.0,-0.463,0.0,1.0,1.0,0.0,1.0,0.0,0.0
,2026-09-03,IDEA.NS,56.43,64.39,0.0,48.0,0.0,0.0,0.1091,50.5,48.2,0.0,0.0,3.6602,1.0,1.0,0.0,0.0,0.0,0.0,0.0
,2026-09-03,HINDALCO.NS,56.41,71.75,0.0,64.0,1.0,0.0,0.1241,48.5,49.0,0.0,0.0,-0.0891,0.0,1.0,1.0,0.0,1.0,0.0,0.0
,2026-09-03,TMPV.NS,56.4,53.12,0.0,50.0,0.0,0.0,0.1133,40.0,39.9,0.0,0.0,0.3846,1.0,0.0,0.0,0.0,0.0,1.0,1.0
,2026-09-03,HAVELLS.NS,56.1,56.15,0.0,63.9,1.0,0.0,0.1298,40.6,40.9,0.0,0.0,-3.9583,0.0,0.0,1.0,0.0,1.0,1.0,1.0
,2026-09-03,ATGL.NS,54.65,52.12,0.0,55.4,1.0,0.0,0.1133,43.8,41.9,0.0,0.0,0.3338,1.0,0.0,0.0,1.0,0.0,1.0,1.0
,2026-09-03,IRFC.NS,54.51,52.72,0.0,56.9,1.0,0.0,0.1245,46.6,43.9,0.0,0.0,1.2704,1.0,0.0,0.0,1.0,0.0,1.0,1.0
,2026-09-03,COLPAL.NS,54.06,51.36,0.0,51.9,0.0,0.0,0.1184,26.4,33.4,0.0,0.0,-0.2703,0.0,0.0,1.0,1.0,1.0,1.0,1.0
,2026-09-03,ANGELONE.NS,53.46,54.23,0.0,66.7,1.0,0.0,0.1258,45.9,43.4,0.0,0.0,5.4895,1.0,1.0,0.0,1.0,0.0,0.0,0.0
,2026-09-03,PNCINFRA.NS,53.27,55.17,0.0,60.0,1.0,0.0,0.4004,55.0,47.4,0.0,0.0,0.2077,1.0,0.0,0.0,1.0,0.0,1.0,1.0
,2026-09-03,BIKAJI.NS,53.01,51.13,0.0,60.8,1.0,0.0,0.1302,34.6,36.9,0.0,0.0,-0.264,0.0,0.0,1.0,0.0,1.0,1.0,1.0
,2026-09-03,LTIM.NS,52.99,51.91,0.0,56.3,1.0,0.0,0.1342,39.2,38.9,0.0,0.0,,,,,,,,
,2026-09-03,DLF.NS,52.99,51.91,0.0,53.5,0.0,0.0,0.1184,41.9,41.3,0.0,0.0,0.7775,1.0,0.0,0.0,0.0,0.0,1.0,1.0
,2026-09-03,TATACONSUM.NS,52.95,54.45,0.0,67.6,1.0,0.0,0.1322,44.5,42.5,0.0,0.0,-0.1864,0.0,0.0,1.0,0.0,1.0,1.0,1.0
,2026-09-03,BAJAJHLDNG.NS,52.54,55.75,0.0,69.4,1.0,0.0,0.1322,54.2,49.1,0.0,0.0,-0.403,0.0,0.0,1.0,0.0,1.0,1.0,1.0
,2026-09-03,SHYAMMETL.NS,52.51,53.48,0.0,56.5,1.0,0.0,0.1065,42.4,44.2,0.0,0.0,-0.1115,0.0,1.0,1.0,0.0,1.0,0.0,0.0
,2026-09-03,SCHAEFFLER.NS,52.26,55.13,0.0,65.3,1.0,0.0,0.1258,47.5,46.2,0.0,0.0,0.9011,1.0,0.0,0.0,1.0,0.0,1.0,1.0
>>>>>>> Stashed changes,,,,,,,,,,,,,,,,,,,,,
,2026-09-03,PHOENIXLTD.NS,52.12,52.61,0.0,42.4,0.0,0.0,0.1138,30.1,34.5,0.0,0.0,-0.2551,0.0,0.0,1.0,1.0,1.0,1.0,1.0
,2026-09-03,GODREJPROP.NS,51.89,51.77,0.0,63.7,1.0,0.0,0.1245,43.1,42.9,0.0,0.0,-0.9743,0.0,0.0,1.0,0.0,1.0,1.0,1.0
,2026-09-03,OBEROIRLTY.NS,51.82,51.27,0.0,53.7,0.0,0.0,0.1193,40.8,42.4,0.0,0.0,-0.7729,0.0,0.0,1.0,1.0,1.0,1.0,1.0
,2026-09-03,GAIL.NS,51.79,54.73,0.0,52.3,0.0,0.0,0.1138,40.2,41.5,0.0,0.0,-1.5687,0.0,1.0,1.0,1.0,1.0,0.0,0.0
<<<<<<< Updated upstream,,,,,,,,,,,,,,,,,,,,,
,2026-09-03,ABCAPITAL.NS,51.6,51.47,0.0,53.1,0.0,0.0,0.1172,42.8,43.1,0.0,0.0,0.796,1.0,0.0,0.0,0.0,0.0,1.0,1.0
,2026-09-03,NATIONALUM.NS,51.45,51.12,0.0,64.5,1.0,0.0,0.1298,48.3,46.5,0.0,0.0,0.2005,1.0,0.0,0.0,1.0,0.0,1.0,1.0
,2026-09-03,PAGEIND.NS,51.33,50.87,0.0,44.0,0.0,0.0,0.1138,39.7,43.4,0.0,0.0,0.6971,1.0,1.0,0.0,0.0,0.0,0.0,0.0
,2026-09-03,PIDILITIND.NS,51.18,50.52,0.0,63.3,1.0,0.0,0.1184,42.0,43.8,0.0,0.0,-0.3479,0.0,0.0,1.0,0.0,1.0,1.0,1.0
,2026-09-03,CESC.NS,50.69,49.43,0.0,55.1,1.0,0.0,0.1133,42.6,43.8,0.0,0.0,0.1487,1.0,1.0,0.0,1.0,0.0,0.0,0.0
=======,,,,,,,,,,,,,,,,,,,,,
,2026-09-03,ABCAPITAL.NS,51.6,51.47,0.0,53.1,0.0,0.0,0.1172,42.8,43.1,0.0,0.0,0.796,1.0,0.0,0.0,0.0,0.0,1.0,1.0
,2026-09-03,NATIONALUM.NS,51.45,51.12,0.0,64.5,1.0,0.0,0.1298,48.3,46.5,0.0,0.0,0.2005,1.0,0.0,0.0,1.0,0.0,1.0,1.0
,2026-09-03,PAGEIND.NS,51.33,50.87,0.0,44.0,0.0,0.0,0.1138,39.7,43.4,0.0,0.0,0.6971,1.0,1.0,0.0,0.0,0.0,0.0,0.0
,2026-09-03,PIDILITIND.NS,51.18,50.52,0.0,63.3,1.0,0.0,0.1184,42.0,43.8,0.0,0.0,-0.3479,0.0,0.0,1.0,0.0,1.0,1.0,1.0
,2026-09-03,CESC.NS,50.69,49.43,0.0,55.1,1.0,0.0,0.1133,42.6,43.8,0.0,0.0,0.1487,1.0,1.0,0.0,1.0,0.0,0.0,0.0
>>>>>>> Stashed changes,,,,,,,,,,,,,,,,,,,,,
,2026-09-03,SUNPHARMA.NS,50.1,52.76,0.0,54.0,0.0,0.0,0.119,52.6,47.9,0.0,0.0,-0.6054,0.0,0.0,1.0,1.0,1.0,1.0,1.0
,2026-09-03,NHPC.NS,49.51,56.44,0.0,62.2,1.0,0.0,0.1258,34.8,40.2,0.0,0.0,-0.2093,0.0,0.0,1.0,0.0,1.0,1.0,1.0
,2026-09-03,HINDZINC.NS,48.71,48.11,0.0,59.3,1.0,0.0,0.1237,46.9,46.5,0.0,0.0,1.3692,1.0,1.0,0.0,1.0,0.0,0.0,0.0
,2026-09-03,NBCC.NS,48.37,53.9,0.0,56.8,1.0,0.0,0.1219,45.9,43.9,0.0,0.0,0.474,1.0,0.0,0.0,1.0,0.0,1.0,1.0
,2026-09-03,TATAELXSI.NS,45.75,51.66,0.0,59.8,1.0,0.0,0.1193,35.3,37.8,0.0,0.0,-1.1173,0.0,0.0,1.0,0.0,1.0,1.0,1.0
<<<<<<< Updated upstream,,,,,,,,,,,,,,,,,,,,,
,2026-09-03,DEEPAKNTR.NS,45.56,51.25,0.0,58.7,1.0,0.0,0.1317,38.4,40.0,0.0,0.0,-0.2434,0.0,0.0,1.0,0.0,1.0,1.0,1.0
=======,,,,,,,,,,,,,,,,,,,,,
,2026-09-03,DEEPAKNTR.NS,45.56,51.25,0.0,58.7,1.0,0.0,0.1317,38.4,40.0,0.0,0.0,-0.2434,0.0,0.0,1.0,0.0,1.0,1.0,1.0
>>>>>>> Stashed changes,,,,,,,,,,,,,,,,,,,,,
<<<<<<< HEAD,,,,,,,,,,,,,,,,,,,,,
,2026-09-03,UBL.NS,45.53,51.18,0.0,58.1,1.0,0.0,0.1317,43.2,41.4,0.0,0.0,-0.327,0.0,0.0,1.0,0.0,1.0,1.0,1.0
,2026-09-03,AMBER.NS,45.37,50.81,0.0,55.3,1.0,0.0,0.1223,39.3,41.5,0.0,0.0,0.8637,1.0,0.0,0.0,1.0,0.0,1.0,1.0
=======,,,,,,,,,,,,,,,,,,,,,
,2026-09-03,UBL.NS,45.53,51.18,0.0,58.1,1.0,0.0,0.1317,43.2,41.4,0.0,0.0,-0.3738,0.0,0.0,1.0,0.0,1.0,1.0,1.0
,2026-09-03,AMBER.NS,45.37,50.81,0.0,55.3,1.0,0.0,0.1223,39.3,41.5,0.0,0.0,0.8637,1.0,0.0,0.0,1.0,0.0,1.0,1.0
>>>>>>> 0035fbf6d3e958659ff10d7289d46caf9734d327,,,,,,,,,,,,,,,,,,,,,
,2026-09-03,SHRIRAMFIN.NS,45.33,50.73,0.0,63.7,1.0,0.0,0.1284,47.3,45.0,0.0,0.0,0.0766,1.0,0.0,0.0,1.0,0.0,1.0,1.0
,2026-09-03,APLAPOLLO.NS,45.19,50.41,0.0,53.8,0.0,0.0,0.1126,42.9,44.8,0.0,0.0,4.0104,1.0,1.0,0.0,0.0,0.0,0.0,0.0
<<<<<<< Updated upstream,,,,,,,,,,,,,,,,,,,,,
,2026-09-03,SUNTV.NS,44.44,43.73,0.0,65.2,1.0,0.0,0.1245,41.9,42.2,0.0,0.0,1.5454,1.0,0.0,0.0,1.0,0.0,1.0,1.0
,2026-09-03,ICICIBANK.NS,42.19,49.01,0.0,49.8,0.0,0.0,0.1203,47.8,45.5,0.0,0.0,0.1189,1.0,0.0,0.0,0.0,0.0,1.0,1.0
,2026-09-03,ITC.NS,41.79,44.61,0.0,50.7,0.0,0.0,0.1144,44.4,44.9,0.0,0.0,0.8365,1.0,1.0,0.0,0.0,0.0,0.0,0.0
,2026-09-03,ALKYLAMINE.NS,41.5,50.67,0.0,58.6,1.0,0.0,0.1298,50.8,48.2,0.0,0.0,1.4177,1.0,0.0,0.0,1.0,0.0,1.0,1.0
,2026-09-03,KAYNES.NS,40.84,49.76,0.0,62.2,1.0,0.0,0.1285,42.8,42.2,0.0,0.0,2.9555,1.0,1.0,0.0,1.0,0.0,0.0,0.0
,2026-09-03,CIPLA.NS,40.76,49.59,0.0,52.6,0.0,0.0,0.1193,34.2,39.2,0.0,0.0,-1.0181,0.0,0.0,1.0,1.0,1.0,1.0,1.0
,2026-09-03,SJVN.NS,40.61,57.6,0.0,60.6,1.0,0.0,0.1363,59.8,48.8,1.0,0.0,-0.2001,0.0,1.0,1.0,0.0,1.0,1.0,0.0
,2026-09-03,PNB.NS,39.68,34.59,0.0,46.4,0.0,0.0,0.1133,39.7,42.6,0.0,0.0,1.0488,1.0,0.0,0.0,0.0,0.0,1.0,1.0
,2026-09-03,ADANIENT.NS,39.08,40.85,0.0,48.9,0.0,0.0,0.1168,36.7,39.7,0.0,0.0,1.9545,1.0,1.0,0.0,0.0,0.0,0.0,0.0
,2026-09-03,CHOLAFIN.NS,38.43,49.96,0.0,53.9,0.0,0.0,0.1175,54.1,48.1,0.0,0.0,-0.4218,0.0,0.0,1.0,1.0,1.0,1.0,1.0
,2026-09-03,BPCL.NS,38.11,33.66,0.0,49.7,0.0,0.0,0.1143,45.1,43.2,0.0,0.0,-0.3437,0.0,0.0,1.0,1.0,1.0,1.0,1.0
,2026-09-03,IOC.NS,37.64,37.16,0.0,55.2,1.0,0.0,0.1143,48.2,45.9,0.0,0.0,-0.1379,0.0,0.0,1.0,0.0,1.0,1.0,1.0
,2026-09-03,NMDC.NS,37.48,41.73,0.0,48.6,0.0,0.0,0.1226,50.5,45.6,0.0,0.0,0.4395,1.0,1.0,0.0,0.0,0.0,0.0,0.0
,2026-09-03,BERGEPAINT.NS,36.86,48.57,0.0,64.6,1.0,0.0,0.134,55.8,51.2,1.0,0.0,-0.6207,0.0,0.0,1.0,0.0,1.0,0.0,1.0
,2026-09-03,SAIL.NS,36.46,41.63,0.0,47.6,0.0,0.0,0.0749,49.8,50.8,0.0,0.0,-0.8629,0.0,0.0,1.0,1.0,1.0,1.0,1.0
,2026-09-03,SAPPHIRE.NS,36.33,42.66,0.0,64.3,1.0,0.0,0.1279,65.1,56.6,1.0,1.0,0.3322,1.0,0.0,0.0,1.0,0.0,0.0,0.0
=======,,,,,,,,,,,,,,,,,,,,,
,2026-09-03,SUNTV.NS,44.44,43.73,0.0,65.2,1.0,0.0,0.1245,41.9,42.2,0.0,0.0,1.5454,1.0,0.0,0.0,1.0,0.0,1.0,1.0
,2026-09-03,ICICIBANK.NS,42.19,49.01,0.0,49.8,0.0,0.0,0.1203,47.8,45.5,0.0,0.0,0.1189,1.0,0.0,0.0,0.0,0.0,1.0,1.0
,2026-09-03,ITC.NS,41.79,44.61,0.0,50.7,0.0,0.0,0.1144,44.4,44.9,0.0,0.0,0.8365,1.0,1.0,0.0,0.0,0.0,0.0,0.0
,2026-09-03,ALKYLAMINE.NS,41.5,50.67,0.0,58.6,1.0,0.0,0.1298,50.8,48.2,0.0,0.0,1.4177,1.0,0.0,0.0,1.0,0.0,1.0,1.0
,2026-09-03,KAYNES.NS,40.84,49.76,0.0,62.2,1.0,0.0,0.1285,42.8,42.2,0.0,0.0,2.9555,1.0,1.0,0.0,1.0,0.0,0.0,0.0
,2026-09-03,CIPLA.NS,40.76,49.59,0.0,52.6,0.0,0.0,0.1193,34.2,39.2,0.0,0.0,-1.0181,0.0,0.0,1.0,1.0,1.0,1.0,1.0
,2026-09-03,SJVN.NS,40.61,57.6,0.0,60.6,1.0,0.0,0.1363,59.8,48.8,1.0,0.0,-0.2001,0.0,1.0,1.0,0.0,1.0,1.0,0.0
,2026-09-03,PNB.NS,39.68,34.59,0.0,46.4,0.0,0.0,0.1133,39.7,42.6,0.0,0.0,1.0488,1.0,0.0,0.0,0.0,0.0,1.0,1.0
,2026-09-03,ADANIENT.NS,39.08,40.85,0.0,48.9,0.0,0.0,0.1168,36.7,39.7,0.0,0.0,1.9545,1.0,1.0,0.0,0.0,0.0,0.0,0.0
,2026-09-03,CHOLAFIN.NS,38.43,49.96,0.0,53.9,0.0,0.0,0.1175,54.1,48.1,0.0,0.0,-0.4218,0.0,0.0,1.0,1.0,1.0,1.0,1.0
,2026-09-03,BPCL.NS,38.11,33.66,0.0,49.7,0.0,0.0,0.1143,45.1,43.2,0.0,0.0,-0.3437,0.0,0.0,1.0,1.0,1.0,1.0,1.0
,2026-09-03,IOC.NS,37.64,37.16,0.0,55.2,1.0,0.0,0.1143,48.2,45.9,0.0,0.0,-0.1379,0.0,0.0,1.0,0.0,1.0,1.0,1.0
,2026-09-03,NMDC.NS,37.48,41.73,0.0,48.6,0.0,0.0,0.1226,50.5,45.6,0.0,0.0,0.4395,1.0,1.0,0.0,0.0,0.0,0.0,0.0
,2026-09-03,BERGEPAINT.NS,36.86,48.57,0.0,64.6,1.0,0.0,0.134,55.8,51.2,1.0,0.0,-0.6207,0.0,0.0,1.0,0.0,1.0,0.0,1.0
,2026-09-03,SAIL.NS,36.46,41.63,0.0,47.6,0.0,0.0,0.0749,49.8,50.8,0.0,0.0,-0.8629,0.0,0.0,1.0,1.0,1.0,1.0,1.0
,2026-09-03,SAPPHIRE.NS,36.33,42.66,0.0,64.3,1.0,0.0,0.1279,65.1,56.6,1.0,1.0,0.3322,1.0,0.0,0.0,1.0,0.0,0.0,0.0
>>>>>>> Stashed changes,,,,,,,,,,,,,,,,,,,,,
,2026-09-03,YESBANK.NS,35.11,43.75,0.0,55.1,1.0,0.0,0.1133,46.6,44.7,0.0,0.0,0.1775,1.0,0.0,0.0,1.0,0.0,1.0,1.0
,2026-09-03,DABUR.NS,34.63,27.78,0.0,61.6,1.0,0.0,0.1321,54.8,49.6,0.0,0.0,-0.0657,0.0,0.0,1.0,0.0,1.0,1.0,1.0
,2026-09-03,ONGC.NS,34.1,34.6,0.0,49.6,0.0,0.0,0.1098,53.6,47.1,0.0,0.0,-0.3404,0.0,1.0,1.0,1.0,1.0,0.0,0.0
,2026-09-03,INDUSINDBK.NS,33.5,36.6,0.0,69.5,1.0,0.0,0.1344,44.9,45.4,0.0,0.0,0.2687,1.0,0.0,0.0,1.0,0.0,1.0,1.0
,2026-09-03,IOB.NS,33.21,46.02,0.0,44.5,0.0,0.0,0.1138,39.6,39.4,0.0,0.0,0.5116,1.0,1.0,0.0,0.0,0.0,0.0,0.0
,2026-09-03,RELIANCE.NS,33.0,34.11,0.0,50.1,0.0,0.0,0.1098,53.5,47.0,0.0,0.0,2.1497,1.0,0.0,0.0,0.0,0.0,1.0,1.0
,2026-09-03,BRITANNIA.NS,32.47,34.42,0.0,64.4,1.0,0.0,0.13,49.4,46.3,0.0,0.0,0.2242,1.0,0.0,0.0,1.0,0.0,1.0,1.0
<<<<<<< Updated upstream,,,,,,,,,,,,,,,,,,,,,
,2026-09-03,GOLDBEES.NS,32.21,25.4,0.0,61.9,1.0,0.0,0.1241,44.3,42.0,0.0,0.0,0.7447,1.0,0.0,0.0,1.0,0.0,1.0,1.0
,2026-09-03,HINDUNILVR.NS,32.06,32.05,0.0,63.0,1.0,0.0,0.1296,49.2,45.2,0.0,0.0,0.9225,1.0,0.0,0.0,1.0,0.0,1.0,1.0
,2026-09-03,NESTLEIND.NS,28.7,24.39,0.0,67.3,1.0,0.0,0.13,53.1,47.2,0.0,0.0,-0.0777,0.0,0.0,1.0,0.0,1.0,1.0,1.0
,2026-09-03,NIFTYBEES.NS,28.5,35.56,0.0,58.0,1.0,0.0,0.1258,36.2,38.6,0.0,0.0,0.2347,1.0,0.0,0.0,1.0,0.0,1.0,1.0
,2026-09-03,INDIGO.NS,27.42,28.55,0.0,64.4,1.0,0.0,0.13,63.0,55.8,1.0,1.0,0.4518,1.0,0.0,0.0,1.0,0.0,0.0,0.0
=======,,,,,,,,,,,,,,,,,,,,,
,2026-09-03,GOLDBEES.NS,32.21,25.4,0.0,61.9,1.0,0.0,0.1241,44.3,42.0,0.0,0.0,0.7447,1.0,0.0,0.0,1.0,0.0,1.0,1.0
,2026-09-03,HINDUNILVR.NS,32.06,32.05,0.0,63.0,1.0,0.0,0.1296,49.2,45.2,0.0,0.0,0.9225,1.0,0.0,0.0,1.0,0.0,1.0,1.0
,2026-09-03,NESTLEIND.NS,28.7,24.39,0.0,67.3,1.0,0.0,0.13,53.1,47.2,0.0,0.0,-0.0777,0.0,0.0,1.0,0.0,1.0,1.0,1.0
,2026-09-03,NIFTYBEES.NS,28.5,35.56,0.0,58.0,1.0,0.0,0.1258,36.2,38.6,0.0,0.0,0.2347,1.0,0.0,0.0,1.0,0.0,1.0,1.0
,2026-09-03,INDIGO.NS,27.42,28.55,0.0,64.4,1.0,0.0,0.13,63.0,55.8,1.0,1.0,0.4518,1.0,0.0,0.0,1.0,0.0,0.0,0.0
>>>>>>> Stashed changes,,,,,,,,,,,,,,,,,,,,,
,2026-09-03,IIFL.NS,26.94,32.09,0.0,61.2,1.0,0.0,0.1197,48.0,44.7,0.0,0.0,1.7796,1.0,0.0,0.0,1.0,0.0,1.0,1.0
,2026-09-03,BHARTIARTL.NS,26.53,31.17,0.0,58.5,1.0,0.0,0.1186,37.5,38.2,0.0,0.0,-0.4815,0.0,0.0,1.0,0.0,1.0,1.0,1.0
<<<<<<< HEAD,,,,,,,,,,,,,,,,,,,,,
,2026-09-03,LUPIN.NS,23.38,40.84,0.0,49.9,0.0,0.0,0.1226,46.8,43.3,0.0,0.0,-0.9381,0.0,0.0,1.0,1.0,1.0,1.0,1.0
<<<<<<< Updated upstream,,,,,,,,,,,,,,,,,,,,,
,2026-09-03,SILVERBEES.NS,23.28,27.4,0.0,61.3,1.0,0.0,0.1324,42.7,41.2,0.0,0.0,1.3189,1.0,1.0,0.0,1.0,0.0,0.0,0.0
=======,,,,,,,,,,,,,,,,,,,,,
,2026-09-03,SILVERBEES.NS,23.28,27.4,0.0,61.3,1.0,0.0,0.1324,42.7,41.2,0.0,0.0,1.3189,1.0,1.0,0.0,1.0,0.0,0.0,0.0
>>>>>>> Stashed changes,,,,,,,,,,,,,,,,,,,,,
<<<<<<< HEAD,,,,,,,,,,,,,,,,,,,,,
,2026-09-03,ZYDUSLIFE.NS,22.47,28.39,0.0,47.3,0.0,0.0,0.126,49.3,45.7,0.0,0.0,-1.0674,0.0,1.0,1.0,1.0,1.0,0.0,0.0
,2026-09-03,JYOTHYLAB.NS,22.12,21.38,0.0,57.0,1.0,0.0,0.1218,40.2,38.8,0.0,0.0,0.6434,1.0,0.0,0.0,1.0,0.0,1.0,1.0
,2026-09-03,TORNTPHARM.NS,21.78,18.53,0.0,44.1,0.0,0.0,0.1266,40.7,41.2,0.0,0.0,-1.2741,0.0,1.0,1.0,1.0,1.0,0.0,0.0
<<<<<<< Updated upstream,,,,,,,,,,,,,,,,,,,,,
,2026-09-03,TIINDIA.NS,21.42,19.82,0.0,61.5,1.0,0.0,0.1404,35.7,36.9,0.0,0.0,-1.3819,0.0,0.0,1.0,0.0,1.0,1.0,1.0
=======,,,,,,,,,,,,,,,,,,,,,
,2026-09-03,TIINDIA.NS,21.42,19.82,0.0,61.5,1.0,0.0,0.1404,35.7,36.9,0.0,0.0,-1.3819,0.0,0.0,1.0,0.0,1.0,1.0,1.0
>>>>>>> Stashed changes,,,,,,,,,,,,,,,,,,,,,
,2026-09-03,PERSISTENT.NS,21.15,22.81,0.0,53.8,0.0,0.0,0.1257,42.9,43.2,0.0,0.0,0.274,1.0,0.0,0.0,0.0,0.0,1.0,1.0
,2026-09-03,BANSALWIRE.NS,19.52,32.26,0.0,42.6,0.0,0.0,0.1222,46.6,43.5,0.0,0.0,-0.4232,0.0,0.0,1.0,1.0,1.0,1.0,1.0
,2026-09-03,IRCON.NS,12.06,18.48,0.0,57.0,1.0,0.0,0.1429,45.1,43.5,0.0,0.0,0.3286,1.0,0.0,0.0,1.0,0.0,1.0,1.0
=======,,,,,,,,,,,,,,,,,,,,,
,2026-09-03,ZYDUSLIFE.NS,22.47,28.39,0.0,47.3,0.0,0.0,0.126,49.3,45.7,0.0,0.0,-1.0674,0.0,1.0,1.0,1.0,1.0,0.0,0.0
,2026-09-03,JYOTHYLAB.NS,22.12,21.38,0.0,57.0,1.0,0.0,0.1218,40.2,38.8,0.0,0.0,0.6434,1.0,0.0,0.0,1.0,0.0,1.0,1.0
,2026-09-03,TORNTPHARM.NS,21.78,18.53,0.0,44.1,0.0,0.0,0.1266,40.7,41.2,0.0,0.0,-1.2741,0.0,1.0,1.0,1.0,1.0,0.0,0.0
<<<<<<< Updated upstream,,,,,,,,,,,,,,,,,,,,,
,2026-09-03,TIINDIA.NS,21.42,19.82,0.0,61.5,1.0,0.0,0.1404,35.7,36.9,0.0,0.0,-1.3819,0.0,0.0,1.0,0.0,1.0,1.0,1.0
=======,,,,,,,,,,,,,,,,,,,,,
,2026-09-03,TIINDIA.NS,21.42,19.82,0.0,61.5,1.0,0.0,0.1404,35.7,36.9,0.0,0.0,-1.3819,0.0,0.0,1.0,0.0,1.0,1.0,1.0
>>>>>>> Stashed changes,,,,,,,,,,,,,,,,,,,,,
,2026-09-03,PERSISTENT.NS,21.15,22.81,0.0,53.8,0.0,0.0,0.1257,42.9,43.2,0.0,0.0,0.274,1.0,0.0,0.0,0.0,0.0,1.0,1.0
,2026-09-03,BANSALWIRE.NS,19.52,32.26,0.0,42.6,0.0,0.0,0.1222,46.6,43.5,0.0,0.0,-0.4232,0.0,0.0,1.0,1.0,1.0,1.0,1.0
,2026-09-03,IRCON.NS,12.06,18.48,0.0,57.0,1.0,0.0,0.1429,45.1,43.5,0.0,0.0,0.3286,1.0,0.0,0.0,1.0,0.0,1.0,1.0
=======,,,,,,,,,,,,,,,,,,,,,
,2026-09-03,LUPIN.NS,23.38,40.84,0.0,49.9,0.0,0.0,0.1226,46.8,43.3,0.0,0.0,-1.0319,0.0,0.0,1.0,1.0,1.0,1.0,1.0
<<<<<<< Updated upstream,,,,,,,,,,,,,,,,,,,,,
,2026-09-03,SILVERBEES.NS,23.28,27.4,0.0,61.3,1.0,0.0,0.1324,42.7,41.2,0.0,0.0,1.3189,1.0,1.0,0.0,1.0,0.0,0.0,0.0
=======,,,,,,,,,,,,,,,,,,,,,
,2026-09-03,SILVERBEES.NS,23.28,27.4,0.0,61.3,1.0,0.0,0.1324,42.7,41.2,0.0,0.0,1.3189,1.0,1.0,0.0,1.0,0.0,0.0,0.0
>>>>>>> Stashed changes,,,,,,,,,,,,,,,,,,,,,
<<<<<<< HEAD,,,,,,,,,,,,,,,,,,,,,
,2026-09-03,ZYDUSLIFE.NS,22.47,28.39,0.0,47.3,0.0,0.0,0.126,49.3,45.7,0.0,0.0,-2.0122,0.0,1.0,1.0,1.0,1.0,0.0,0.0
,2026-09-03,JYOTHYLAB.NS,22.12,21.38,0.0,57.0,1.0,0.0,0.1218,40.2,38.8,0.0,0.0,0.5187,1.0,0.0,0.0,1.0,0.0,1.0,1.0
,2026-09-03,TORNTPHARM.NS,21.78,18.53,0.0,44.1,0.0,0.0,0.1266,40.7,41.2,0.0,0.0,-0.9887,0.0,1.0,1.0,1.0,1.0,0.0,0.0
<<<<<<< Updated upstream,,,,,,,,,,,,,,,,,,,,,
,2026-09-03,TIINDIA.NS,21.42,19.82,0.0,61.5,1.0,0.0,0.1404,35.7,36.9,0.0,0.0,-1.3673,0.0,0.0,1.0,0.0,1.0,1.0,1.0
=======,,,,,,,,,,,,,,,,,,,,,
,2026-09-03,TIINDIA.NS,21.42,19.82,0.0,61.5,1.0,0.0,0.1404,35.7,36.9,0.0,0.0,-1.3673,0.0,0.0,1.0,0.0,1.0,1.0,1.0
>>>>>>> Stashed changes,,,,,,,,,,,,,,,,,,,,,
,2026-09-03,PERSISTENT.NS,21.15,22.81,0.0,53.8,0.0,0.0,0.1257,42.9,43.2,0.0,0.0,-0.2475,0.0,0.0,1.0,1.0,1.0,1.0,1.0
,2026-09-03,BANSALWIRE.NS,19.52,32.26,0.0,42.6,0.0,0.0,0.1222,46.6,43.5,0.0,0.0,-1.2539,0.0,0.0,1.0,1.0,1.0,1.0,1.0
,2026-09-03,IRCON.NS,12.06,18.48,0.0,57.0,1.0,0.0,0.1429,45.1,43.5,0.0,0.0,0.4718,1.0,0.0,0.0,1.0,0.0,1.0,1.0
=======,,,,,,,,,,,,,,,,,,,,,
,2026-09-03,ZYDUSLIFE.NS,22.47,28.39,0.0,47.3,0.0,0.0,0.126,49.3,45.7,0.0,0.0,-2.0122,0.0,1.0,1.0,1.0,1.0,0.0,0.0
,2026-09-03,JYOTHYLAB.NS,22.12,21.38,0.0,57.0,1.0,0.0,0.1218,40.2,38.8,0.0,0.0,0.5187,1.0,0.0,0.0,1.0,0.0,1.0,1.0
,2026-09-03,TORNTPHARM.NS,21.78,18.53,0.0,44.1,0.0,0.0,0.1266,40.7,41.2,0.0,0.0,-0.9887,0.0,1.0,1.0,1.0,1.0,0.0,0.0
<<<<<<< Updated upstream,,,,,,,,,,,,,,,,,,,,,
,2026-09-03,TIINDIA.NS,21.42,19.82,0.0,61.5,1.0,0.0,0.1404,35.7,36.9,0.0,0.0,-1.3673,0.0,0.0,1.0,0.0,1.0,1.0,1.0
=======,,,,,,,,,,,,,,,,,,,,,
,2026-09-03,TIINDIA.NS,21.42,19.82,0.0,61.5,1.0,0.0,0.1404,35.7,36.9,0.0,0.0,-1.3673,0.0,0.0,1.0,0.0,1.0,1.0,1.0
>>>>>>> Stashed changes,,,,,,,,,,,,,,,,,,,,,
,2026-09-03,PERSISTENT.NS,21.15,22.81,0.0,53.8,0.0,0.0,0.1257,42.9,43.2,0.0,0.0,-0.2475,0.0,0.0,1.0,1.0,1.0,1.0,1.0
,2026-09-03,BANSALWIRE.NS,19.52,32.26,0.0,42.6,0.0,0.0,0.1222,46.6,43.5,0.0,0.0,-1.2539,0.0,0.0,1.0,1.0,1.0,1.0,1.0
,2026-09-03,IRCON.NS,12.06,18.48,0.0,57.0,1.0,0.0,0.1429,45.1,43.5,0.0,0.0,0.4718,1.0,0.0,0.0,1.0,0.0,1.0,1.0
>>>>>>> 0035fbf6d3e958659ff10d7289d46caf9734d327,,,,,,,,,,,,,,,,,,,,,
>>>>>>> 4cd2213f63316e7fc40d59c7193a56d88ba86153,,,,,,,,,,,,,,,,,,,,,
=======,,,,,,,,,,,,,,,,,,,,,
,2026-09-02,TRENT.NS,71.2,85.99,1.0,37.1,0.0,0.0,0.0682,44.6,48.0,0.0,0.0,0.5855,1.0,0.0,1.0,0.0,0.0,1.0,1.0
,2026-09-03,PAGEIND.NS,79.32,82.33,1.0,57.3,1.0,1.0,0.0929,45.7,48.9,0.0,0.0,0.6971,1.0,1.0,1.0,1.0,1.0,0.0,0.0
,2026-09-03,SUZLON.NS,77.24,81.64,1.0,63.9,1.0,1.0,0.099,53.0,52.8,0.0,0.0,-0.9342,0.0,0.0,0.0,0.0,0.0,1.0,1.0
,2026-09-03,TATAPOWER.NS,77.08,86.9,1.0,52.1,0.0,0.0,0.091,56.1,55.2,1.0,1.0,0.2188,1.0,0.0,1.0,0.0,0.0,0.0,0.0
,2026-09-03,ADANIENSOL.NS,74.09,67.98,0.0,56.4,1.0,0.0,0.1084,50.6,54.7,0.0,0.0,1.3928,1.0,1.0,0.0,1.0,0.0,0.0,0.0
,2026-09-03,NAM-INDIA.NS,73.77,68.16,0.0,58.9,1.0,0.0,0.0868,57.5,55.2,1.0,1.0,-0.4206,0.0,1.0,1.0,0.0,1.0,1.0,1.0
<<<<<<< Updated upstream,,,,,,,,,,,,,,,,,,,,,
,2026-09-03,MPHASIS.NS,73.47,67.71,0.0,59.0,1.0,0.0,0.0911,61.6,59.9,1.0,1.0,-1.2343,0.0,0.0,1.0,0.0,1.0,0.0,0.0
=======,,,,,,,,,,,,,,,,,,,,,
,2026-09-03,MPHASIS.NS,73.47,67.71,0.0,59.0,1.0,0.0,0.0911,61.6,59.9,1.0,1.0,-1.2343,0.0,0.0,1.0,0.0,1.0,0.0,0.0
>>>>>>> Stashed changes,,,,,,,,,,,,,,,,,,,,,
,2026-09-03,NMDC.NS,73.3,65.03,0.0,60.3,1.0,0.0,0.0911,44.3,47.2,0.0,0.0,0.4395,1.0,1.0,0.0,1.0,0.0,0.0,0.0
,2026-09-03,MRF.NS,72.5,88.89,1.0,50.5,0.0,0.0,0.0868,56.1,55.8,1.0,1.0,-0.4674,0.0,0.0,0.0,1.0,1.0,0.0,0.0
,2026-09-03,EICHER.NS,72.23,88.3,1.0,48.9,0.0,0.0,0.1128,51.3,52.2,0.0,0.0,,,,,,,,
,2026-09-03,OLECTRIC.NS,72.23,88.3,1.0,48.9,0.0,0.0,0.1128,51.3,52.2,0.0,0.0,,,,,,,,
,2026-09-03,TECHM.NS,71.84,67.99,0.0,58.0,1.0,0.0,0.0868,58.3,56.9,1.0,1.0,0.3504,1.0,0.0,0.0,1.0,0.0,0.0,0.0
<<<<<<< Updated upstream,,,,,,,,,,,,,,,,,,,,,
,2026-09-03,ABB.NS,70.9,65.75,0.0,61.5,1.0,0.0,0.0911,53.9,56.7,0.0,1.0,-0.0942,0.0,0.0,1.0,0.0,1.0,1.0,0.0
=======,,,,,,,,,,,,,,,,,,,,,
,2026-09-03,ABB.NS,70.9,65.75,0.0,61.5,1.0,0.0,0.0911,53.9,56.7,0.0,1.0,-0.0942,0.0,0.0,1.0,0.0,1.0,1.0,0.0
>>>>>>> Stashed changes,,,,,,,,,,,,,,,,,,,,,
,2026-09-03,TCS.NS,70.78,56.86,0.0,60.2,1.0,0.0,0.0911,62.8,55.4,1.0,1.0,-0.0129,0.0,0.0,1.0,0.0,1.0,0.0,0.0
,2026-09-03,SIEMENS.NS,70.67,62.47,0.0,59.6,1.0,0.0,0.0868,62.3,58.6,1.0,1.0,-0.7196,0.0,0.0,1.0,0.0,1.0,0.0,0.0
,2026-09-03,COALINDIA.NS,70.65,60.08,0.0,55.7,1.0,0.0,0.091,54.0,53.5,0.0,0.0,0.1688,1.0,1.0,0.0,1.0,0.0,0.0,0.0
,2026-09-03,INFY.NS,70.51,56.03,0.0,59.6,1.0,0.0,0.0857,66.0,59.3,1.0,1.0,0.1769,1.0,0.0,0.0,1.0,0.0,0.0,0.0
,2026-09-03,DIXON.NS,70.2,56.27,0.0,55.4,1.0,0.0,0.0911,58.0,53.7,1.0,0.0,-1.1492,0.0,0.0,1.0,0.0,1.0,0.0,1.0
,2026-09-03,WIPRO.NS,70.15,55.48,0.0,61.9,1.0,0.0,0.099,64.8,57.6,1.0,1.0,1.1439,1.0,0.0,0.0,1.0,0.0,0.0,0.0
,2026-09-03,HCLTECH.NS,69.91,55.8,0.0,60.3,1.0,0.0,0.0857,68.3,59.9,1.0,1.0,-0.7506,0.0,0.0,1.0,0.0,1.0,0.0,0.0
,2026-09-03,LTIM.NS,69.74,57.64,0.0,47.5,0.0,0.0,0.0968,28.5,35.7,0.0,0.0,,,,,,,,
<<<<<<< Updated upstream,,,,,,,,,,,,,,,,,,,,,
,2026-09-03,BALKRISIND.NS,69.68,82.62,1.0,63.5,1.0,1.0,0.0911,61.2,59.5,1.0,1.0,-0.9926,0.0,0.0,0.0,0.0,0.0,0.0,0.0
,2026-09-03,NAVINFLUOR.NS,69.27,62.26,0.0,59.1,1.0,0.0,0.0911,56.8,54.4,1.0,0.0,-0.7934,0.0,1.0,1.0,0.0,1.0,1.0,0.0
,2026-09-03,MARUTI.NS,69.24,68.33,0.0,60.9,1.0,0.0,0.0911,71.9,63.6,1.0,1.0,-0.5756,0.0,0.0,1.0,0.0,1.0,0.0,0.0
,2026-09-03,PRESTIGE.NS,69.18,57.48,0.0,59.1,1.0,0.0,0.0974,52.8,51.5,0.0,0.0,0.9782,1.0,0.0,0.0,1.0,0.0,1.0,1.0
,2026-09-03,TORNTPOWER.NS,69.13,59.67,0.0,55.0,0.0,0.0,0.0868,60.9,55.1,1.0,1.0,1.2798,1.0,1.0,0.0,0.0,0.0,1.0,1.0
=======,,,,,,,,,,,,,,,,,,,,,
,2026-09-03,BALKRISIND.NS,69.68,82.62,1.0,63.5,1.0,1.0,0.0911,61.2,59.5,1.0,1.0,-0.9926,0.0,0.0,0.0,0.0,0.0,0.0,0.0
,2026-09-03,NAVINFLUOR.NS,69.27,62.26,0.0,59.1,1.0,0.0,0.0911,56.8,54.4,1.0,0.0,-0.7934,0.0,1.0,1.0,0.0,1.0,1.0,0.0
,2026-09-03,MARUTI.NS,69.24,68.33,0.0,60.9,1.0,0.0,0.0911,71.9,63.6,1.0,1.0,-0.5756,0.0,0.0,1.0,0.0,1.0,0.0,0.0
,2026-09-03,PRESTIGE.NS,69.18,57.48,0.0,59.1,1.0,0.0,0.0974,52.8,51.5,0.0,0.0,0.9782,1.0,0.0,0.0,1.0,0.0,1.0,1.0
,2026-09-03,TORNTPOWER.NS,69.13,59.67,0.0,55.0,0.0,0.0,0.0868,60.9,55.1,1.0,1.0,1.2798,1.0,1.0,0.0,0.0,0.0,1.0,1.0
>>>>>>> Stashed changes,,,,,,,,,,,,,,,,,,,,,
,2026-09-03,DELTACORP.NS,69.06,81.25,1.0,64.3,1.0,1.0,0.0911,67.5,63.2,1.0,1.0,1.6711,1.0,0.0,1.0,1.0,1.0,0.0,0.0
,2026-09-03,SAIL.NS,69.04,67.19,0.0,59.8,1.0,0.0,0.0972,60.3,55.6,1.0,1.0,-0.8629,0.0,0.0,1.0,0.0,1.0,0.0,0.0
,2026-09-03,VOLTAS.NS,68.87,80.82,1.0,58.3,1.0,1.0,0.1101,68.9,65.4,1.0,1.0,0.4244,1.0,0.0,1.0,1.0,1.0,0.0,0.0
,2026-09-03,COFORGE.NS,68.83,80.74,1.0,63.7,1.0,1.0,0.094,67.3,61.7,1.0,1.0,0.2231,1.0,0.0,1.0,1.0,1.0,0.0,0.0
,2026-09-03,ADANIPOWER.NS,68.66,80.35,1.0,59.9,1.0,1.0,0.0847,56.0,56.4,1.0,1.0,-0.2352,0.0,1.0,0.0,0.0,0.0,1.0,1.0
,2026-09-03,HDFCLIFE.NS,68.46,60.84,0.0,62.4,1.0,0.0,0.0921,50.8,53.4,0.0,0.0,2.6054,1.0,1.0,0.0,1.0,0.0,0.0,0.0
<<<<<<< Updated upstream,,,,,,,,,,,,,,,,,,,,,
,2026-09-03,DLF.NS,68.32,57.25,0.0,57.2,1.0,0.0,0.0926,56.0,52.4,1.0,0.0,0.7775,1.0,0.0,0.0,1.0,0.0,0.0,1.0
,2026-09-03,AMBER.NS,67.86,62.65,0.0,59.4,1.0,0.0,0.0921,56.7,55.7,1.0,1.0,0.8637,1.0,0.0,0.0,1.0,0.0,0.0,0.0
,2026-09-03,ALKEM.NS,67.85,61.9,0.0,57.3,1.0,0.0,0.0911,54.0,54.1,0.0,0.0,-0.0096,0.0,0.0,1.0,0.0,1.0,1.0,1.0
,2026-09-03,OBEROIRLTY.NS,67.02,57.14,0.0,51.2,0.0,0.0,0.0868,46.9,45.9,0.0,0.0,-0.7729,0.0,0.0,1.0,1.0,1.0,1.0,1.0
,2026-09-03,CUMMINSIND.NS,66.78,61.63,0.0,57.3,1.0,0.0,0.0911,60.8,58.2,1.0,1.0,-0.2958,0.0,1.0,1.0,0.0,1.0,1.0,1.0
=======,,,,,,,,,,,,,,,,,,,,,
,2026-09-03,DLF.NS,68.32,57.25,0.0,57.2,1.0,0.0,0.0926,56.0,52.4,1.0,0.0,0.7775,1.0,0.0,0.0,1.0,0.0,0.0,1.0
,2026-09-03,AMBER.NS,67.86,62.65,0.0,59.4,1.0,0.0,0.0921,56.7,55.7,1.0,1.0,0.8637,1.0,0.0,0.0,1.0,0.0,0.0,0.0
,2026-09-03,ALKEM.NS,67.85,61.9,0.0,57.3,1.0,0.0,0.0911,54.0,54.1,0.0,0.0,-0.0096,0.0,0.0,1.0,0.0,1.0,1.0,1.0
,2026-09-03,OBEROIRLTY.NS,67.02,57.14,0.0,51.2,0.0,0.0,0.0868,46.9,45.9,0.0,0.0,-0.7729,0.0,0.0,1.0,1.0,1.0,1.0,1.0
,2026-09-03,CUMMINSIND.NS,66.78,61.63,0.0,57.3,1.0,0.0,0.0911,60.8,58.2,1.0,1.0,-0.2958,0.0,1.0,1.0,0.0,1.0,1.0,1.0
>>>>>>> Stashed changes,,,,,,,,,,,,,,,,,,,,,
,2026-09-03,HEROMOTOCO.NS,66.55,62.43,0.0,59.9,1.0,0.0,0.1105,65.4,60.1,1.0,1.0,-0.0848,0.0,1.0,1.0,0.0,1.0,1.0,1.0
,2026-09-03,M&M.NS,66.47,64.03,0.0,59.4,1.0,0.0,0.099,67.3,60.9,1.0,1.0,0.4762,1.0,1.0,0.0,1.0,0.0,1.0,1.0
,2026-09-03,ADANIGREEN.NS,66.22,57.01,0.0,50.2,0.0,0.0,0.0847,51.3,48.7,0.0,0.0,1.0831,1.0,1.0,0.0,0.0,0.0,0.0,0.0
,2026-09-03,ULTRACEMCO.NS,66.17,71.41,1.0,55.2,1.0,1.0,0.0911,57.2,55.6,1.0,1.0,0.5676,1.0,0.0,1.0,1.0,1.0,0.0,0.0
,2026-09-03,GODREJCP.NS,66.13,53.0,0.0,55.8,1.0,0.0,0.0972,55.9,52.1,1.0,0.0,-0.5568,0.0,0.0,1.0,0.0,1.0,0.0,1.0
<<<<<<< HEAD,,,,,,,,,,,,,,,,,,,,,
,2026-09-03,GODREJPROP.NS,65.93,56.91,0.0,60.1,1.0,0.0,0.0911,56.1,52.7,1.0,0.0,-0.9743,0.0,0.0,1.0,0.0,1.0,0.0,1.0
<<<<<<< Updated upstream,,,,,,,,,,,,,,,,,,,,,
,2026-09-03,JIOFIN.NS,65.19,62.04,0.0,56.6,1.0,0.0,0.0911,50.6,51.2,0.0,0.0,1.1497,1.0,0.0,0.0,1.0,0.0,1.0,1.0
=======,,,,,,,,,,,,,,,,,,,,,
,2026-09-03,GODREJPROP.NS,65.93,56.91,0.0,60.1,1.0,0.0,0.0911,56.1,52.7,1.0,0.0,-0.9743,0.0,0.0,1.0,0.0,1.0,0.0,1.0
,2026-09-03,JIOFIN.NS,65.19,62.04,0.0,56.6,1.0,0.0,0.0911,50.6,51.2,0.0,0.0,0.8633,1.0,0.0,0.0,1.0,0.0,1.0,1.0
=======,,,,,,,,,,,,,,,,,,,,,
,2026-09-03,JIOFIN.NS,65.19,62.04,0.0,56.6,1.0,0.0,0.0911,50.6,51.2,0.0,0.0,1.1497,1.0,0.0,0.0,1.0,0.0,1.0,1.0
=======,,,,,,,,,,,,,,,,,,,,,
,2026-09-03,GODREJPROP.NS,65.93,56.91,0.0,60.1,1.0,0.0,0.0911,56.1,52.7,1.0,0.0,-0.9743,0.0,0.0,1.0,0.0,1.0,0.0,1.0
,2026-09-03,JIOFIN.NS,65.19,62.04,0.0,56.6,1.0,0.0,0.0911,50.6,51.2,0.0,0.0,0.8633,1.0,0.0,0.0,1.0,0.0,1.0,1.0
>>>>>>> Stashed changes,,,,,,,,,,,,,,,,,,,,,
>>>>>>> 0035fbf6d3e958659ff10d7289d46caf9734d327,,,,,,,,,,,,,,,,,,,,,
,2026-09-03,JPPOWER.NS,65.07,72.38,1.0,58.5,1.0,1.0,0.0878,70.6,65.1,1.0,1.0,0.3718,1.0,1.0,1.0,1.0,1.0,1.0,1.0
,2026-09-03,VEDL.NS,64.84,55.14,0.0,58.7,1.0,0.0,0.0921,48.2,46.3,0.0,0.0,0.1109,1.0,1.0,0.0,1.0,0.0,0.0,0.0
,2026-09-03,BEL.NS,64.61,53.92,0.0,59.1,1.0,0.0,0.0921,50.2,47.9,0.0,0.0,0.5262,1.0,1.0,0.0,1.0,0.0,0.0,0.0
,2026-09-03,LT.NS,64.39,66.96,0.0,54.9,0.0,0.0,0.0911,61.8,60.7,1.0,1.0,0.3371,1.0,0.0,0.0,0.0,0.0,0.0,0.0
,2026-09-03,GAIL.NS,63.86,57.39,0.0,57.9,1.0,0.0,0.0911,36.8,42.0,0.0,0.0,-1.5687,0.0,1.0,1.0,0.0,1.0,0.0,0.0
,2026-09-03,MUTHOOTFIN.NS,63.33,52.82,0.0,58.6,1.0,0.0,0.0972,50.4,48.2,0.0,0.0,-0.0957,0.0,0.0,1.0,0.0,1.0,1.0,1.0
,2026-09-03,INDHOTEL.NS,63.28,63.24,0.0,54.5,0.0,0.0,0.0911,49.1,53.1,0.0,0.0,-1.6872,0.0,0.0,1.0,1.0,1.0,1.0,1.0
,2026-09-03,UPL.NS,63.1,54.51,0.0,55.1,1.0,0.0,0.0911,40.1,42.6,0.0,0.0,0.6834,1.0,0.0,0.0,1.0,0.0,1.0,1.0
<<<<<<< Updated upstream,,,,,,,,,,,,,,,,,,,,,
,2026-09-03,PAYTM.NS,63.07,64.59,0.0,64.6,1.0,0.0,0.0972,61.3,60.9,1.0,1.0,3.1582,1.0,1.0,0.0,1.0,0.0,1.0,1.0
,2026-09-03,DATAPATTNS.NS,62.78,55.62,0.0,57.9,1.0,0.0,0.0911,54.2,52.1,0.0,0.0,0.4687,1.0,1.0,0.0,1.0,0.0,0.0,0.0
=======,,,,,,,,,,,,,,,,,,,,,
,2026-09-03,PAYTM.NS,63.07,64.59,0.0,64.6,1.0,0.0,0.0972,61.3,60.9,1.0,1.0,3.1582,1.0,1.0,0.0,1.0,0.0,1.0,1.0
,2026-09-03,DATAPATTNS.NS,62.78,55.62,0.0,57.9,1.0,0.0,0.0911,54.2,52.1,0.0,0.0,0.4687,1.0,1.0,0.0,1.0,0.0,0.0,0.0
>>>>>>> Stashed changes,,,,,,,,,,,,,,,,,,,,,
,2026-09-03,BIOCON.NS,62.69,67.08,0.0,61.3,1.0,0.0,0.0911,66.9,62.4,1.0,1.0,-0.6716,0.0,0.0,1.0,0.0,1.0,0.0,0.0
,2026-09-03,SOLARINDS.NS,62.59,54.58,0.0,53.5,0.0,0.0,0.0868,54.9,50.4,0.0,0.0,-0.0233,0.0,1.0,1.0,1.0,1.0,0.0,0.0
<<<<<<< HEAD,,,,,,,,,,,,,,,,,,,,,
,2026-09-03,PERSISTENT.NS,62.14,65.3,0.0,61.0,1.0,0.0,0.0857,66.3,60.2,1.0,1.0,0.274,1.0,0.0,0.0,1.0,0.0,0.0,0.0
=======,,,,,,,,,,,,,,,,,,,,,
,2026-09-03,PERSISTENT.NS,62.14,65.3,0.0,61.0,1.0,0.0,0.0857,66.3,60.2,1.0,1.0,-0.2475,0.0,0.0,1.0,0.0,1.0,0.0,0.0
>>>>>>> 0035fbf6d3e958659ff10d7289d46caf9734d327,,,,,,,,,,,,,,,,,,,,,
<<<<<<< Updated upstream,,,,,,,,,,,,,,,,,,,,,
,2026-09-03,HDFCAMC.NS,61.62,50.75,0.0,58.8,1.0,0.0,0.0911,43.3,43.4,0.0,0.0,-0.9041,0.0,0.0,1.0,0.0,1.0,1.0,1.0
=======,,,,,,,,,,,,,,,,,,,,,
,2026-09-03,HDFCAMC.NS,61.62,50.75,0.0,58.8,1.0,0.0,0.0911,43.3,43.4,0.0,0.0,-0.9041,0.0,0.0,1.0,0.0,1.0,1.0,1.0
>>>>>>> Stashed changes,,,,,,,,,,,,,,,,,,,,,
,2026-09-03,SHREECEM.NS,61.57,64.99,0.0,60.1,1.0,0.0,0.0911,62.7,61.6,1.0,1.0,0.5019,1.0,0.0,0.0,1.0,0.0,0.0,0.0
,2026-09-03,BAJAJ-AUTO.NS,61.26,60.99,0.0,64.1,1.0,0.0,0.0857,62.5,59.5,1.0,1.0,0.2685,1.0,0.0,0.0,1.0,0.0,0.0,0.0
,2026-09-03,TATASTEEL.NS,60.78,58.72,0.0,61.5,1.0,0.0,0.0868,57.3,57.5,1.0,1.0,-0.4723,0.0,0.0,1.0,0.0,1.0,0.0,0.0
,2026-09-03,BAJFINANCE.NS,60.68,50.2,0.0,59.4,1.0,0.0,0.0868,57.7,53.5,1.0,0.0,0.8198,1.0,1.0,0.0,1.0,0.0,1.0,0.0
,2026-09-03,ICICIBANK.NS,60.56,48.69,0.0,56.4,1.0,0.0,0.0911,42.1,47.2,0.0,0.0,0.1189,1.0,0.0,0.0,1.0,0.0,1.0,1.0
,2026-09-03,JSWSTEEL.NS,60.37,59.03,0.0,61.1,1.0,0.0,0.0868,60.0,57.0,1.0,1.0,1.7584,1.0,0.0,0.0,1.0,0.0,0.0,0.0
<<<<<<< Updated upstream,,,,,,,,,,,,,,,,,,,,,
,2026-09-03,POLICYBZR.NS,59.91,60.9,0.0,63.0,1.0,0.0,0.094,64.9,59.8,1.0,1.0,-1.7861,0.0,0.0,1.0,0.0,1.0,0.0,0.0
,2026-09-03,ITC.NS,59.83,50.97,0.0,61.2,1.0,0.0,0.0847,56.4,52.1,1.0,0.0,0.8365,1.0,1.0,0.0,1.0,0.0,1.0,0.0
,2026-09-03,LTM.NS,59.79,58.35,0.0,59.1,1.0,0.0,0.0847,63.6,59.1,1.0,1.0,0.1338,1.0,0.0,0.0,1.0,0.0,0.0,0.0
,2026-09-03,LAURUSLABS.NS,59.76,60.98,0.0,65.4,1.0,0.0,0.0943,64.2,62.9,1.0,1.0,-0.4282,0.0,1.0,1.0,0.0,1.0,1.0,1.0
,2026-09-03,IDEA.NS,59.74,55.72,0.0,56.7,1.0,0.0,0.0972,54.6,53.2,0.0,0.0,3.6602,1.0,1.0,0.0,1.0,0.0,0.0,0.0
,2026-09-03,NHPC.NS,59.67,60.39,0.0,58.3,1.0,0.0,0.0911,49.7,51.0,0.0,0.0,-0.2093,0.0,0.0,1.0,0.0,1.0,1.0,1.0
,2026-09-03,AUROPHARMA.NS,59.38,68.56,0.0,63.1,1.0,0.0,0.0879,68.1,60.7,1.0,1.0,1.0994,1.0,1.0,0.0,1.0,0.0,1.0,1.0
,2026-09-03,BHARTIARTL.NS,59.15,70.73,0.0,61.8,1.0,0.0,0.0847,63.1,61.1,1.0,1.0,-0.4815,0.0,0.0,1.0,0.0,1.0,0.0,0.0
,2026-09-03,HAVELLS.NS,59.09,55.68,0.0,60.4,1.0,0.0,0.099,59.6,53.6,1.0,0.0,-3.9583,0.0,0.0,1.0,0.0,1.0,0.0,1.0
=======,,,,,,,,,,,,,,,,,,,,,
,2026-09-03,POLICYBZR.NS,59.91,60.9,0.0,63.0,1.0,0.0,0.094,64.9,59.8,1.0,1.0,-1.7861,0.0,0.0,1.0,0.0,1.0,0.0,0.0
,2026-09-03,ITC.NS,59.83,50.97,0.0,61.2,1.0,0.0,0.0847,56.4,52.1,1.0,0.0,0.8365,1.0,1.0,0.0,1.0,0.0,1.0,0.0
,2026-09-03,LTM.NS,59.79,58.35,0.0,59.1,1.0,0.0,0.0847,63.6,59.1,1.0,1.0,0.1338,1.0,0.0,0.0,1.0,0.0,0.0,0.0
,2026-09-03,LAURUSLABS.NS,59.76,60.98,0.0,65.4,1.0,0.0,0.0943,64.2,62.9,1.0,1.0,-0.4282,0.0,1.0,1.0,0.0,1.0,1.0,1.0
,2026-09-03,IDEA.NS,59.74,55.72,0.0,56.7,1.0,0.0,0.0972,54.6,53.2,0.0,0.0,3.6602,1.0,1.0,0.0,1.0,0.0,0.0,0.0
,2026-09-03,NHPC.NS,59.67,60.39,0.0,58.3,1.0,0.0,0.0911,49.7,51.0,0.0,0.0,-0.2093,0.0,0.0,1.0,0.0,1.0,1.0,1.0
,2026-09-03,AUROPHARMA.NS,59.38,68.56,0.0,63.1,1.0,0.0,0.0879,68.1,60.7,1.0,1.0,1.0994,1.0,1.0,0.0,1.0,0.0,1.0,1.0
,2026-09-03,BHARTIARTL.NS,59.15,70.73,0.0,61.8,1.0,0.0,0.0847,63.1,61.1,1.0,1.0,-0.4815,0.0,0.0,1.0,0.0,1.0,0.0,0.0
,2026-09-03,HAVELLS.NS,59.09,55.68,0.0,60.4,1.0,0.0,0.099,59.6,53.6,1.0,0.0,-3.9583,0.0,0.0,1.0,0.0,1.0,0.0,1.0
>>>>>>> Stashed changes,,,,,,,,,,,,,,,,,,,,,
,2026-09-03,TITAN.NS,58.91,60.77,0.0,56.3,1.0,0.0,0.0911,48.5,51.0,0.0,0.0,-0.6763,0.0,0.0,1.0,0.0,1.0,1.0,1.0
,2026-09-03,MMTC.NS,58.87,59.09,0.0,56.8,1.0,0.0,0.0911,53.9,50.7,0.0,0.0,4.0757,1.0,1.0,0.0,1.0,0.0,0.0,0.0
,2026-09-03,ASIANPAINT.NS,58.76,50.43,0.0,57.6,1.0,0.0,0.0971,59.1,54.9,1.0,0.0,-0.5626,0.0,0.0,1.0,0.0,1.0,0.0,1.0
,2026-09-03,TATAMOTORS.NS,58.75,66.1,0.0,52.7,0.0,0.0,0.0968,47.2,49.5,0.0,0.0,,,,,,,,
,2026-09-03,LICI.NS,58.74,53.25,0.0,58.2,1.0,0.0,0.0911,51.2,48.8,0.0,0.0,0.1799,1.0,0.0,0.0,1.0,0.0,1.0,1.0
<<<<<<< Updated upstream,,,,,,,,,,,,,,,,,,,,,
,2026-09-03,EICHERMOT.NS,58.52,55.54,0.0,59.8,1.0,0.0,0.1314,59.2,57.7,1.0,1.0,-0.6892,0.0,1.0,1.0,0.0,1.0,1.0,1.0
,2026-09-03,CAMS.NS,58.34,55.14,0.0,63.8,1.0,0.0,0.0921,59.8,56.4,1.0,1.0,0.8162,1.0,0.0,0.0,1.0,0.0,0.0,0.0
,2026-09-03,NAUKRI.NS,57.95,53.06,0.0,57.2,1.0,0.0,0.0847,61.1,57.3,1.0,1.0,0.203,1.0,0.0,0.0,1.0,0.0,0.0,0.0
,2026-09-03,ACC.NS,57.75,56.12,0.0,60.8,1.0,0.0,0.0868,64.3,59.8,1.0,1.0,1.1163,1.0,0.0,0.0,1.0,0.0,0.0,0.0
,2026-09-03,TATAELXSI.NS,57.04,62.31,0.0,59.9,1.0,0.0,0.0847,59.8,59.3,1.0,1.0,-1.1173,0.0,0.0,1.0,0.0,1.0,0.0,0.0
,2026-09-03,HINDALCO.NS,56.64,54.04,0.0,61.3,1.0,0.0,0.0868,60.2,57.5,1.0,1.0,-0.0891,0.0,1.0,1.0,0.0,1.0,1.0,1.0
,2026-09-03,HDFCBANK.NS,56.48,45.51,0.0,64.8,1.0,0.0,0.0878,57.8,55.8,1.0,1.0,1.217,1.0,0.0,0.0,1.0,0.0,0.0,0.0
,2026-09-03,BHEL.NS,55.7,60.38,0.0,60.8,1.0,0.0,0.0911,62.1,54.4,1.0,0.0,1.6211,1.0,0.0,0.0,1.0,0.0,0.0,1.0
,2026-09-03,COCHINSHIP.NS,55.69,54.72,0.0,61.1,1.0,0.0,0.0911,60.5,56.3,1.0,1.0,2.1592,1.0,1.0,0.0,1.0,0.0,1.0,1.0
,2026-09-03,MANKIND.NS,55.35,51.27,0.0,59.3,1.0,0.0,0.0947,44.4,43.8,0.0,0.0,-1.5957,0.0,0.0,1.0,0.0,1.0,1.0,1.0
=======,,,,,,,,,,,,,,,,,,,,,
,2026-09-03,EICHERMOT.NS,58.52,55.54,0.0,59.8,1.0,0.0,0.1314,59.2,57.7,1.0,1.0,-0.6892,0.0,1.0,1.0,0.0,1.0,1.0,1.0
,2026-09-03,CAMS.NS,58.34,55.14,0.0,63.8,1.0,0.0,0.0921,59.8,56.4,1.0,1.0,0.8162,1.0,0.0,0.0,1.0,0.0,0.0,0.0
,2026-09-03,NAUKRI.NS,57.95,53.06,0.0,57.2,1.0,0.0,0.0847,61.1,57.3,1.0,1.0,0.203,1.0,0.0,0.0,1.0,0.0,0.0,0.0
,2026-09-03,ACC.NS,57.75,56.12,0.0,60.8,1.0,0.0,0.0868,64.3,59.8,1.0,1.0,1.1163,1.0,0.0,0.0,1.0,0.0,0.0,0.0
,2026-09-03,TATAELXSI.NS,57.04,62.31,0.0,59.9,1.0,0.0,0.0847,59.8,59.3,1.0,1.0,-1.1173,0.0,0.0,1.0,0.0,1.0,0.0,0.0
,2026-09-03,HINDALCO.NS,56.64,54.04,0.0,61.3,1.0,0.0,0.0868,60.2,57.5,1.0,1.0,-0.0891,0.0,1.0,1.0,0.0,1.0,1.0,1.0
,2026-09-03,HDFCBANK.NS,56.48,45.51,0.0,64.8,1.0,0.0,0.0878,57.8,55.8,1.0,1.0,1.217,1.0,0.0,0.0,1.0,0.0,0.0,0.0
,2026-09-03,BHEL.NS,55.7,60.38,0.0,60.8,1.0,0.0,0.0911,62.1,54.4,1.0,0.0,1.6211,1.0,0.0,0.0,1.0,0.0,0.0,1.0
,2026-09-03,COCHINSHIP.NS,55.69,54.72,0.0,61.1,1.0,0.0,0.0911,60.5,56.3,1.0,1.0,2.1592,1.0,1.0,0.0,1.0,0.0,1.0,1.0
,2026-09-03,MANKIND.NS,55.35,51.27,0.0,59.3,1.0,0.0,0.0947,44.4,43.8,0.0,0.0,-1.5957,0.0,0.0,1.0,0.0,1.0,1.0,1.0
>>>>>>> Stashed changes,,,,,,,,,,,,,,,,,,,,,
,2026-09-03,GRANULES.NS,54.78,52.29,0.0,54.6,0.0,0.0,0.0868,51.8,48.6,0.0,0.0,-0.6149,0.0,1.0,1.0,1.0,1.0,0.0,0.0
<<<<<<< HEAD,,,,,,,,,,,,,,,,,,,,,
,2026-09-03,ZYDUSLIFE.NS,53.79,50.08,0.0,54.2,0.0,0.0,0.0911,52.9,49.0,0.0,0.0,-1.0674,0.0,1.0,1.0,1.0,1.0,0.0,0.0
=======,,,,,,,,,,,,,,,,,,,,,
,2026-09-03,ZYDUSLIFE.NS,53.79,50.08,0.0,54.2,0.0,0.0,0.0911,52.9,49.0,0.0,0.0,-2.0122,0.0,1.0,1.0,1.0,1.0,0.0,0.0
>>>>>>> 0035fbf6d3e958659ff10d7289d46caf9734d327,,,,,,,,,,,,,,,,,,,,,
,2026-09-03,RELIANCE.NS,53.15,43.64,0.0,58.3,1.0,0.0,0.0847,40.9,44.0,0.0,0.0,2.1497,1.0,0.0,0.0,1.0,0.0,1.0,1.0
<<<<<<< Updated upstream,,,,,,,,,,,,,,,,,,,,,
,2026-09-03,KAYNES.NS,52.36,56.21,0.0,58.7,1.0,0.0,0.0911,57.6,53.9,1.0,0.0,2.9555,1.0,1.0,0.0,1.0,0.0,1.0,0.0
,2026-09-03,BHARATFORG.NS,52.18,50.01,0.0,59.0,1.0,0.0,0.0911,47.3,45.4,0.0,0.0,-0.1514,0.0,1.0,1.0,0.0,1.0,0.0,0.0
,2026-09-03,PIDILITIND.NS,51.41,40.9,0.0,64.0,1.0,0.0,0.0926,51.0,49.7,0.0,0.0,-0.3479,0.0,0.0,1.0,0.0,1.0,1.0,1.0
,2026-09-03,L&T.NS,51.19,59.13,0.0,54.3,0.0,0.0,0.0968,47.9,53.9,0.0,0.0,,,,,,,,
,2026-09-03,ADANIPORTS.NS,51.08,53.71,0.0,57.2,1.0,0.0,0.0847,56.6,54.8,1.0,0.0,0.2285,1.0,1.0,0.0,1.0,0.0,1.0,0.0
,2026-09-03,DRREDDY.NS,50.51,60.05,0.0,64.9,1.0,0.0,0.0911,65.6,62.8,1.0,1.0,0.6234,1.0,0.0,0.0,1.0,0.0,0.0,0.0
,2026-09-03,ANGELONE.NS,50.39,50.67,0.0,64.2,1.0,0.0,0.0911,67.9,62.5,1.0,1.0,5.4895,1.0,1.0,0.0,1.0,0.0,1.0,1.0
,2026-09-03,POWERGRID.NS,50.12,60.0,0.0,53.5,0.0,0.0,0.0868,68.1,64.8,1.0,1.0,0.0941,1.0,1.0,0.0,0.0,0.0,1.0,1.0
,2026-09-03,CIPLA.NS,49.86,58.62,0.0,61.9,1.0,0.0,0.0911,66.3,63.3,1.0,1.0,-1.0181,0.0,0.0,1.0,0.0,1.0,0.0,0.0
,2026-09-03,NTPC.NS,49.48,59.52,0.0,58.6,1.0,0.0,0.0868,66.9,63.3,1.0,1.0,0.3324,1.0,0.0,0.0,1.0,0.0,0.0,0.0
,2026-09-03,RVNL.NS,48.82,60.25,0.0,61.8,1.0,0.0,0.0921,73.7,68.9,1.0,1.0,1.5528,1.0,0.0,0.0,1.0,0.0,0.0,0.0
,2026-09-03,APOLLOHOSP.NS,48.81,53.31,0.0,65.5,1.0,0.0,0.0911,60.8,57.1,1.0,1.0,-0.1093,0.0,1.0,1.0,0.0,1.0,1.0,1.0
,2026-09-03,IRFC.NS,48.79,60.28,0.0,59.4,1.0,0.0,0.0911,76.6,68.9,1.0,1.0,1.2704,1.0,0.0,0.0,1.0,0.0,0.0,0.0
,2026-09-03,NESTLEIND.NS,48.75,47.7,0.0,68.0,1.0,0.0,0.0911,69.0,62.7,1.0,1.0,-0.0777,0.0,0.0,1.0,0.0,1.0,0.0,0.0
,2026-09-03,GOLDBEES.NS,47.47,60.91,0.0,66.1,1.0,0.0,0.0921,65.1,60.6,1.0,1.0,0.7447,1.0,0.0,0.0,1.0,0.0,0.0,0.0
,2026-09-03,SUNPHARMA.NS,47.25,52.98,0.0,61.6,1.0,0.0,0.0911,65.2,61.7,1.0,1.0,-0.6054,0.0,0.0,1.0,0.0,1.0,0.0,0.0
,2026-09-03,SBIN.NS,46.4,51.54,0.0,66.3,1.0,0.0,0.0921,53.9,55.9,0.0,1.0,0.0782,1.0,0.0,0.0,1.0,0.0,1.0,0.0
,2026-09-03,HAL.NS,46.33,53.94,0.0,60.4,1.0,0.0,0.0911,59.3,58.9,1.0,1.0,3.093,1.0,1.0,0.0,1.0,0.0,1.0,1.0
,2026-09-03,NYKAA.NS,46.05,52.34,0.0,61.8,1.0,0.0,0.0911,62.2,57.1,1.0,1.0,0.4488,1.0,1.0,0.0,1.0,0.0,1.0,1.0
=======,,,,,,,,,,,,,,,,,,,,,
,2026-09-03,KAYNES.NS,52.36,56.21,0.0,58.7,1.0,0.0,0.0911,57.6,53.9,1.0,0.0,2.9555,1.0,1.0,0.0,1.0,0.0,1.0,0.0
,2026-09-03,BHARATFORG.NS,52.18,50.01,0.0,59.0,1.0,0.0,0.0911,47.3,45.4,0.0,0.0,-0.1514,0.0,1.0,1.0,0.0,1.0,0.0,0.0
,2026-09-03,PIDILITIND.NS,51.41,40.9,0.0,64.0,1.0,0.0,0.0926,51.0,49.7,0.0,0.0,-0.3479,0.0,0.0,1.0,0.0,1.0,1.0,1.0
,2026-09-03,L&T.NS,51.19,59.13,0.0,54.3,0.0,0.0,0.0968,47.9,53.9,0.0,0.0,,,,,,,,
,2026-09-03,ADANIPORTS.NS,51.08,53.71,0.0,57.2,1.0,0.0,0.0847,56.6,54.8,1.0,0.0,0.2285,1.0,1.0,0.0,1.0,0.0,1.0,0.0
,2026-09-03,DRREDDY.NS,50.51,60.05,0.0,64.9,1.0,0.0,0.0911,65.6,62.8,1.0,1.0,0.6234,1.0,0.0,0.0,1.0,0.0,0.0,0.0
,2026-09-03,ANGELONE.NS,50.39,50.67,0.0,64.2,1.0,0.0,0.0911,67.9,62.5,1.0,1.0,5.4895,1.0,1.0,0.0,1.0,0.0,1.0,1.0
,2026-09-03,POWERGRID.NS,50.12,60.0,0.0,53.5,0.0,0.0,0.0868,68.1,64.8,1.0,1.0,0.0941,1.0,1.0,0.0,0.0,0.0,1.0,1.0
,2026-09-03,CIPLA.NS,49.86,58.62,0.0,61.9,1.0,0.0,0.0911,66.3,63.3,1.0,1.0,-1.0181,0.0,0.0,1.0,0.0,1.0,0.0,0.0
,2026-09-03,NTPC.NS,49.48,59.52,0.0,58.6,1.0,0.0,0.0868,66.9,63.3,1.0,1.0,0.3324,1.0,0.0,0.0,1.0,0.0,0.0,0.0
,2026-09-03,RVNL.NS,48.82,60.25,0.0,61.8,1.0,0.0,0.0921,73.7,68.9,1.0,1.0,1.5528,1.0,0.0,0.0,1.0,0.0,0.0,0.0
,2026-09-03,APOLLOHOSP.NS,48.81,53.31,0.0,65.5,1.0,0.0,0.0911,60.8,57.1,1.0,1.0,-0.1093,0.0,1.0,1.0,0.0,1.0,1.0,1.0
,2026-09-03,IRFC.NS,48.79,60.28,0.0,59.4,1.0,0.0,0.0911,76.6,68.9,1.0,1.0,1.2704,1.0,0.0,0.0,1.0,0.0,0.0,0.0
,2026-09-03,NESTLEIND.NS,48.75,47.7,0.0,68.0,1.0,0.0,0.0911,69.0,62.7,1.0,1.0,-0.0777,0.0,0.0,1.0,0.0,1.0,0.0,0.0
,2026-09-03,GOLDBEES.NS,47.47,60.91,0.0,66.1,1.0,0.0,0.0921,65.1,60.6,1.0,1.0,0.7447,1.0,0.0,0.0,1.0,0.0,0.0,0.0
,2026-09-03,SUNPHARMA.NS,47.25,52.98,0.0,61.6,1.0,0.0,0.0911,65.2,61.7,1.0,1.0,-0.6054,0.0,0.0,1.0,0.0,1.0,0.0,0.0
,2026-09-03,SBIN.NS,46.4,51.54,0.0,66.3,1.0,0.0,0.0921,53.9,55.9,0.0,1.0,0.0782,1.0,0.0,0.0,1.0,0.0,1.0,0.0
,2026-09-03,HAL.NS,46.33,53.94,0.0,60.4,1.0,0.0,0.0911,59.3,58.9,1.0,1.0,3.093,1.0,1.0,0.0,1.0,0.0,1.0,1.0
,2026-09-03,NYKAA.NS,46.05,52.34,0.0,61.8,1.0,0.0,0.0911,62.2,57.1,1.0,1.0,0.4488,1.0,1.0,0.0,1.0,0.0,1.0,1.0
>>>>>>> Stashed changes,,,,,,,,,,,,,,,,,,,,,
,2026-09-03,NBCC.NS,45.46,51.42,0.0,61.5,1.0,0.0,0.0921,63.0,58.8,1.0,1.0,0.474,1.0,0.0,0.0,1.0,0.0,0.0,0.0
,2026-09-03,APLAPOLLO.NS,45.34,49.03,0.0,57.1,1.0,0.0,0.0929,65.9,57.6,1.0,1.0,4.0104,1.0,1.0,0.0,1.0,0.0,1.0,1.0
,2026-09-03,BLS.NS,45.34,42.82,0.0,52.4,0.0,0.0,0.0987,47.9,48.2,0.0,0.0,-0.8994,0.0,0.0,1.0,1.0,1.0,1.0,1.0
,2026-09-03,BRITANNIA.NS,45.34,44.72,0.0,64.0,1.0,0.0,0.0911,69.3,62.5,1.0,1.0,0.2242,1.0,0.0,0.0,1.0,0.0,0.0,0.0
<<<<<<< Updated upstream,,,,,,,,,,,,,,,,,,,,,
,2026-09-03,CHOLAFIN.NS,45.14,49.89,0.0,66.2,1.0,0.0,0.09,69.8,62.9,1.0,1.0,-0.4218,0.0,0.0,1.0,0.0,1.0,0.0,0.0
,2026-09-03,MAZDOCK.NS,44.87,53.86,0.0,62.8,1.0,0.0,0.0868,73.2,64.9,1.0,1.0,2.0574,1.0,0.0,0.0,1.0,0.0,0.0,0.0
,2026-09-03,KOTAKBANK.NS,43.82,48.92,0.0,55.2,1.0,0.0,0.0911,59.3,58.3,1.0,1.0,0.9142,1.0,0.0,0.0,1.0,0.0,0.0,0.0
,2026-09-03,GRSE.NS,43.47,52.31,0.0,67.0,1.0,0.0,0.0921,74.3,65.5,1.0,1.0,1.5539,1.0,0.0,0.0,1.0,0.0,0.0,0.0
,2026-09-03,BERGEPAINT.NS,42.99,48.81,0.0,60.5,1.0,0.0,0.094,69.0,62.5,1.0,1.0,-0.6207,0.0,0.0,1.0,0.0,1.0,0.0,0.0
,2026-09-03,HINDUNILVR.NS,42.82,40.17,0.0,62.9,1.0,0.0,0.0868,56.6,54.7,1.0,0.0,0.9225,1.0,0.0,0.0,1.0,0.0,0.0,1.0
,2026-09-03,BSE.NS,41.82,48.99,0.0,65.6,1.0,0.0,0.0943,74.0,65.1,1.0,1.0,3.9472,1.0,0.0,0.0,1.0,0.0,0.0,0.0
=======,,,,,,,,,,,,,,,,,,,,,
,2026-09-03,CHOLAFIN.NS,45.14,49.89,0.0,66.2,1.0,0.0,0.09,69.8,62.9,1.0,1.0,-0.4218,0.0,0.0,1.0,0.0,1.0,0.0,0.0
,2026-09-03,MAZDOCK.NS,44.87,53.86,0.0,62.8,1.0,0.0,0.0868,73.2,64.9,1.0,1.0,2.0574,1.0,0.0,0.0,1.0,0.0,0.0,0.0
,2026-09-03,KOTAKBANK.NS,43.82,48.92,0.0,55.2,1.0,0.0,0.0911,59.3,58.3,1.0,1.0,0.9142,1.0,0.0,0.0,1.0,0.0,0.0,0.0
,2026-09-03,GRSE.NS,43.47,52.31,0.0,67.0,1.0,0.0,0.0921,74.3,65.5,1.0,1.0,1.5539,1.0,0.0,0.0,1.0,0.0,0.0,0.0
,2026-09-03,BERGEPAINT.NS,42.99,48.81,0.0,60.5,1.0,0.0,0.094,69.0,62.5,1.0,1.0,-0.6207,0.0,0.0,1.0,0.0,1.0,0.0,0.0
,2026-09-03,HINDUNILVR.NS,42.82,40.17,0.0,62.9,1.0,0.0,0.0868,56.6,54.7,1.0,0.0,0.9225,1.0,0.0,0.0,1.0,0.0,0.0,1.0
,2026-09-03,BSE.NS,41.82,48.99,0.0,65.6,1.0,0.0,0.0943,74.0,65.1,1.0,1.0,3.9472,1.0,0.0,0.0,1.0,0.0,0.0,0.0
>>>>>>> Stashed changes,,,,,,,,,,,,,,,,,,,,,
,2026-09-03,IOC.NS,41.72,42.19,0.0,62.5,1.0,0.0,0.0911,47.4,51.6,0.0,0.0,-0.1379,0.0,0.0,1.0,0.0,1.0,1.0,1.0
,2026-09-03,BPCL.NS,41.59,42.54,0.0,58.9,1.0,0.0,0.0911,53.4,52.4,0.0,0.0,-0.3437,0.0,0.0,1.0,0.0,1.0,1.0,1.0
,2026-09-03,VBL.NS,40.02,44.61,0.0,58.7,1.0,0.0,0.0868,59.5,56.4,1.0,1.0,0.5895,1.0,0.0,0.0,1.0,0.0,0.0,0.0
,2026-09-03,ONGC.NS,39.77,46.4,0.0,55.8,1.0,0.0,0.0847,60.1,56.3,1.0,1.0,-0.3404,0.0,1.0,1.0,0.0,1.0,1.0,1.0
<<<<<<< Updated upstream,,,,,,,,,,,,,,,,,,,,,
,2026-09-03,AXISBANK.NS,39.49,45.11,0.0,60.2,1.0,0.0,0.0925,43.5,50.0,0.0,0.0,0.9629,1.0,0.0,0.0,1.0,0.0,1.0,1.0
,2026-09-03,ADANIENT.NS,39.26,39.95,0.0,55.7,1.0,0.0,0.0868,55.2,55.0,1.0,0.0,1.9545,1.0,1.0,0.0,1.0,0.0,1.0,0.0
,2026-09-03,DABUR.NS,38.71,44.86,0.0,57.9,1.0,0.0,0.0878,74.3,65.2,1.0,1.0,-0.0657,0.0,0.0,1.0,0.0,1.0,0.0,0.0
,2026-09-03,SUNTV.NS,38.35,46.14,0.0,60.8,1.0,0.0,0.0911,59.8,57.1,1.0,1.0,1.5454,1.0,0.0,0.0,1.0,0.0,0.0,0.0
,2026-09-03,COLPAL.NS,37.8,43.14,0.0,63.8,1.0,0.0,0.0879,68.9,62.9,1.0,1.0,-0.2703,0.0,0.0,1.0,0.0,1.0,0.0,0.0
,2026-09-03,TATACONSUM.NS,36.92,44.91,0.0,65.7,1.0,0.0,0.0921,72.2,64.1,1.0,1.0,-0.1864,0.0,0.0,1.0,0.0,1.0,0.0,0.0
,2026-09-03,MARICO.NS,36.54,43.81,0.0,60.4,1.0,0.0,0.0847,65.3,60.1,1.0,1.0,-0.8098,0.0,0.0,1.0,0.0,1.0,0.0,0.0
,2026-09-03,TMCV.NS,35.83,32.27,0.0,66.5,1.0,0.0,0.1031,66.4,61.6,1.0,1.0,-0.1303,0.0,0.0,1.0,0.0,1.0,0.0,0.0
,2026-09-03,INDIGO.NS,35.42,43.14,0.0,60.6,1.0,0.0,0.0988,61.9,55.2,1.0,1.0,0.4518,1.0,0.0,0.0,1.0,0.0,0.0,0.0
,2026-09-03,IRCTC.NS,31.59,42.41,0.0,58.0,1.0,0.0,0.0878,57.3,55.8,1.0,1.0,0.6637,1.0,0.0,0.0,1.0,0.0,0.0,0.0
=======,,,,,,,,,,,,,,,,,,,,,
,2026-09-03,AXISBANK.NS,39.49,45.11,0.0,60.2,1.0,0.0,0.0925,43.5,50.0,0.0,0.0,0.9629,1.0,0.0,0.0,1.0,0.0,1.0,1.0
,2026-09-03,ADANIENT.NS,39.26,39.95,0.0,55.7,1.0,0.0,0.0868,55.2,55.0,1.0,0.0,1.9545,1.0,1.0,0.0,1.0,0.0,1.0,0.0
,2026-09-03,DABUR.NS,38.71,44.86,0.0,57.9,1.0,0.0,0.0878,74.3,65.2,1.0,1.0,-0.0657,0.0,0.0,1.0,0.0,1.0,0.0,0.0
,2026-09-03,SUNTV.NS,38.35,46.14,0.0,60.8,1.0,0.0,0.0911,59.8,57.1,1.0,1.0,1.5454,1.0,0.0,0.0,1.0,0.0,0.0,0.0
,2026-09-03,COLPAL.NS,37.8,43.14,0.0,63.8,1.0,0.0,0.0879,68.9,62.9,1.0,1.0,-0.2703,0.0,0.0,1.0,0.0,1.0,0.0,0.0
,2026-09-03,TATACONSUM.NS,36.92,44.91,0.0,65.7,1.0,0.0,0.0921,72.2,64.1,1.0,1.0,-0.1864,0.0,0.0,1.0,0.0,1.0,0.0,0.0
,2026-09-03,MARICO.NS,36.54,43.81,0.0,60.4,1.0,0.0,0.0847,65.3,60.1,1.0,1.0,-0.8098,0.0,0.0,1.0,0.0,1.0,0.0,0.0
,2026-09-03,TMCV.NS,35.83,32.27,0.0,66.5,1.0,0.0,0.1031,66.4,61.6,1.0,1.0,-0.1303,0.0,0.0,1.0,0.0,1.0,0.0,0.0
,2026-09-03,INDIGO.NS,35.42,43.14,0.0,60.6,1.0,0.0,0.0988,61.9,55.2,1.0,1.0,0.4518,1.0,0.0,0.0,1.0,0.0,0.0,0.0
,2026-09-03,IRCTC.NS,31.59,42.41,0.0,58.0,1.0,0.0,0.0878,57.3,55.8,1.0,1.0,0.6637,1.0,0.0,0.0,1.0,0.0,0.0,0.0
>>>>>>> Stashed changes,,,,,,,,,,,,,,,,,,,,,
,2026-09-03,BANKBARODA.NS,30.76,35.43,0.0,52.7,0.0,0.0,0.0868,45.2,50.6,0.0,0.0,0.183,1.0,0.0,0.0,0.0,0.0,1.0,1.0
,2026-09-03,HUDCO.NS,27.7,33.77,0.0,52.9,0.0,0.0,0.0926,55.1,54.6,1.0,0.0,-0.1657,0.0,0.0,1.0,1.0,1.0,0.0,1.0
,2026-09-03,INDUSINDBK.NS,27.07,35.07,0.0,69.3,1.0,0.0,0.0921,59.0,58.7,1.0,1.0,0.2687,1.0,0.0,0.0,1.0,0.0,0.0,0.0
,2026-09-03,PNB.NS,26.95,32.12,0.0,54.0,0.0,0.0,0.0868,47.3,50.3,0.0,0.0,1.0488,1.0,0.0,0.0,0.0,0.0,1.0,1.0
,2026-09-03,YESBANK.NS,26.74,37.08,0.0,63.9,1.0,0.0,0.0911,56.5,54.4,1.0,0.0,0.1775,1.0,0.0,0.0,1.0,0.0,0.0,1.0
,2026-09-03,IOB.NS,24.57,42.36,0.0,59.9,1.0,0.0,0.0911,64.2,59.2,1.0,1.0,0.5116,1.0,1.0,0.0,1.0,0.0,1.0,1.0
<<<<<<< HEAD,,,,,,,,,,,,,,,,,,,,,
,2026-09-03,TORNTPHARM.NS,20.84,18.53,0.0,61.0,1.0,0.0,0.09,50.7,51.5,0.0,0.0,-1.2741,0.0,1.0,1.0,0.0,1.0,0.0,0.0
,2026-09-03,BANSALWIRE.NS,20.43,32.02,0.0,56.2,1.0,0.0,0.0911,49.6,51.6,0.0,0.0,-0.4232,0.0,0.0,1.0,0.0,1.0,1.0,1.0
,2026-09-03,JYOTHYLAB.NS,18.53,13.39,0.0,56.4,1.0,0.0,0.0878,48.0,50.7,0.0,0.0,0.6434,1.0,0.0,0.0,1.0,0.0,1.0,1.0
<<<<<<< Updated upstream,,,,,,,,,,,,,,,,,,,,,
,2026-09-03,BLUESTARCO.NS,79.96,86.03,1.0,48.7,0.0,0.0,0.1174,42.4,47.8,0.0,0.0,-0.1144,0.0,0.0,0.0,1.0,1.0,1.0,1.0
=======,,,,,,,,,,,,,,,,,,,,,
,2026-09-03,BLUESTARCO.NS,79.96,86.03,1.0,48.7,0.0,0.0,0.1174,42.4,47.8,0.0,0.0,-0.1144,0.0,0.0,0.0,1.0,1.0,1.0,1.0
>>>>>>> Stashed changes,,,,,,,,,,,,,,,,,,,,,
=======,,,,,,,,,,,,,,,,,,,,,
,2026-09-03,TORNTPHARM.NS,20.84,18.53,0.0,61.0,1.0,0.0,0.09,50.7,51.5,0.0,0.0,-0.9887,0.0,1.0,1.0,0.0,1.0,0.0,0.0
,2026-09-03,BANSALWIRE.NS,20.43,32.02,0.0,56.2,1.0,0.0,0.0911,49.6,51.6,0.0,0.0,-1.2539,0.0,0.0,1.0,0.0,1.0,1.0,1.0
,2026-09-03,JYOTHYLAB.NS,18.53,13.39,0.0,56.4,1.0,0.0,0.0878,48.0,50.7,0.0,0.0,0.5187,1.0,0.0,0.0,1.0,0.0,1.0,1.0
<<<<<<< Updated upstream,,,,,,,,,,,,,,,,,,,,,
,2026-09-03,BLUESTARCO.NS,79.96,86.03,1.0,48.7,0.0,0.0,0.1174,42.4,47.8,0.0,0.0,-0.1144,0.0,0.0,0.0,1.0,1.0,1.0,1.0
>>>>>>> 0035fbf6d3e958659ff10d7289d46caf9734d327,,,,,,,,,,,,,,,,,,,,,
,2026-09-03,ETERNAL.NS,59.69,80.35,0.0,56.7,1.0,0.0,0.104,62.9,59.7,1.0,1.0,-0.3079,0.0,0.0,1.0,0.0,1.0,0.0,0.0
,2026-09-03,SJVN.NS,56.95,65.93,0.0,55.4,1.0,0.0,0.1174,56.6,54.9,1.0,0.0,-0.2001,0.0,1.0,1.0,0.0,1.0,1.0,0.0
,2026-09-03,TMPV.NS,56.67,53.72,0.0,52.6,0.0,0.0,0.1174,57.8,55.0,1.0,0.0,0.3846,1.0,0.0,0.0,0.0,0.0,0.0,1.0
,2026-09-03,SHYAMMETL.NS,52.6,53.48,0.0,61.4,1.0,0.0,0.098,64.8,56.7,1.0,1.0,-0.1115,0.0,1.0,1.0,0.0,1.0,1.0,1.0
,2026-09-03,SILVERBEES.NS,24.01,28.84,0.0,61.1,1.0,0.0,0.1178,58.8,56.3,1.0,1.0,1.3189,1.0,1.0,0.0,1.0,0.0,1.0,1.0
<<<<<<< HEAD,,,,,,,,,,,,,,,,,,,,,
<<<<<<< HEAD,,,,,,,,,,,,,,,,,,,,,
,2026-09-03,BAJAJFINSV.NS,56.75,53.9,0.0,60.7,1.0,0.0,0.1257,63.9,58.0,1.0,1.0,-0.8333,0.0,0.0,1.0,0.0,1.0,0.0,0.0
,2026-09-03,AARTIIND.NS,45.66,51.46,0.0,58.9,1.0,0.0,0.1349,65.1,57.6,1.0,1.0,-2.0024,0.0,0.0,1.0,0.0,1.0,0.0,0.0
=======,,,,,,,,,,,,,,,,,,,,,
,2026-09-03,BLUESTARCO.NS,79.96,86.03,1.0,48.7,0.0,0.0,0.1174,42.4,47.8,0.0,0.0,-0.1144,0.0,0.0,0.0,1.0,1.0,1.0,1.0
>>>>>>> 0035fbf6d3e958659ff10d7289d46caf9734d327,,,,,,,,,,,,,,,,,,,,,
,2026-09-03,ETERNAL.NS,59.69,80.35,0.0,56.7,1.0,0.0,0.104,62.9,59.7,1.0,1.0,-0.3079,0.0,0.0,1.0,0.0,1.0,0.0,0.0
,2026-09-03,SJVN.NS,56.95,65.93,0.0,55.4,1.0,0.0,0.1174,56.6,54.9,1.0,0.0,-0.2001,0.0,1.0,1.0,0.0,1.0,1.0,0.0
,2026-09-03,TMPV.NS,56.67,53.72,0.0,52.6,0.0,0.0,0.1174,57.8,55.0,1.0,0.0,0.3846,1.0,0.0,0.0,0.0,0.0,0.0,1.0
,2026-09-03,SHYAMMETL.NS,52.6,53.48,0.0,61.4,1.0,0.0,0.098,64.8,56.7,1.0,1.0,-0.1115,0.0,1.0,1.0,0.0,1.0,1.0,1.0
,2026-09-03,SILVERBEES.NS,24.01,28.84,0.0,61.1,1.0,0.0,0.1178,58.8,56.3,1.0,1.0,1.3189,1.0,1.0,0.0,1.0,0.0,1.0,1.0
<<<<<<< HEAD,,,,,,,,,,,,,,,,,,,,,
<<<<<<< HEAD,,,,,,,,,,,,,,,,,,,,,
,2026-09-03,BAJAJFINSV.NS,56.75,53.9,0.0,60.7,1.0,0.0,0.1257,63.9,58.0,1.0,1.0,-0.8333,0.0,0.0,1.0,0.0,1.0,0.0,0.0
,2026-09-03,AARTIIND.NS,45.66,51.46,0.0,58.9,1.0,0.0,0.1349,65.1,57.6,1.0,1.0,-2.0024,0.0,0.0,1.0,0.0,1.0,0.0,0.0
>>>>>>> Stashed changes,,,,,,,,,,,,,,,,,,,,,
,2026-09-03,LUPIN.NS,23.38,40.84,0.0,56.1,1.0,0.0,0.1152,61.2,56.8,1.0,1.0,-0.9381,0.0,0.0,1.0,0.0,1.0,0.0,0.0
,2026-09-03,HINDCOPPER.NS,65.94,74.31,1.0,56.3,1.0,1.0,0.1198,64.3,60.8,1.0,1.0,0.54,1.0,1.0,1.0,1.0,1.0,1.0,1.0
,2026-09-03,RADICO.NS,83.85,94.67,1.0,47.2,0.0,0.0,0.0873,49.8,44.3,0.0,0.0,-1.7087,0.0,0.0,0.0,1.0,1.0,1.0,1.0
,2026-09-03,AMBUJACEM.NS,65.48,56.62,0.0,48.1,0.0,0.0,0.1126,39.8,37.9,0.0,0.0,0.2469,1.0,0.0,0.0,0.0,0.0,1.0,1.0
<<<<<<< Updated upstream,,,,,,,,,,,,,,,,,,,,,
,2026-09-03,UBL.NS,45.87,51.94,0.0,59.1,1.0,0.0,0.1213,50.8,45.2,0.0,0.0,-0.327,0.0,0.0,1.0,0.0,1.0,1.0,1.0
,2026-09-03,JINDALSTEL.NS,60.01,58.75,0.0,50.7,0.0,0.0,0.1126,44.4,40.3,0.0,0.0,1.9913,1.0,1.0,0.0,0.0,0.0,0.0,0.0
,2026-09-03,IEX.NS,59.88,80.68,0.0,64.4,1.0,0.0,0.1126,56.3,51.1,1.0,0.0,0.0084,1.0,0.0,0.0,1.0,0.0,0.0,1.0
,2026-09-03,TIINDIA.NS,21.42,19.82,0.0,58.9,1.0,0.0,0.0848,41.2,39.1,0.0,0.0,-1.3819,0.0,0.0,1.0,0.0,1.0,1.0,1.0
,2026-09-03,TATATECH.NS,51.64,51.49,0.0,60.5,1.0,0.0,0.0807,45.5,44.7,0.0,0.0,-0.7763,0.0,0.0,1.0,0.0,1.0,1.0,1.0
=======,,,,,,,,,,,,,,,,,,,,,
,2026-09-03,BAJAJFINSV.NS,56.75,53.9,0.0,60.7,1.0,0.0,0.1257,63.9,58.0,1.0,1.0,-1.1094,0.0,0.0,1.0,0.0,1.0,0.0,0.0
,2026-09-03,AARTIIND.NS,45.66,51.46,0.0,58.9,1.0,0.0,0.1349,65.1,57.6,1.0,1.0,-1.9625,0.0,0.0,1.0,0.0,1.0,0.0,0.0
=======,,,,,,,,,,,,,,,,,,,,,
,2026-09-03,UBL.NS,45.87,51.94,0.0,59.1,1.0,0.0,0.1213,50.8,45.2,0.0,0.0,-0.327,0.0,0.0,1.0,0.0,1.0,1.0,1.0
,2026-09-03,JINDALSTEL.NS,60.01,58.75,0.0,50.7,0.0,0.0,0.1126,44.4,40.3,0.0,0.0,1.9913,1.0,1.0,0.0,0.0,0.0,0.0,0.0
,2026-09-03,IEX.NS,59.88,80.68,0.0,64.4,1.0,0.0,0.1126,56.3,51.1,1.0,0.0,0.0084,1.0,0.0,0.0,1.0,0.0,0.0,1.0
,2026-09-03,TIINDIA.NS,21.42,19.82,0.0,58.9,1.0,0.0,0.0848,41.2,39.1,0.0,0.0,-1.3819,0.0,0.0,1.0,0.0,1.0,1.0,1.0
,2026-09-03,TATATECH.NS,51.64,51.49,0.0,60.5,1.0,0.0,0.0807,45.5,44.7,0.0,0.0,-0.7763,0.0,0.0,1.0,0.0,1.0,1.0,1.0
=======,,,,,,,,,,,,,,,,,,,,,
,2026-09-03,BAJAJFINSV.NS,56.75,53.9,0.0,60.7,1.0,0.0,0.1257,63.9,58.0,1.0,1.0,-1.1094,0.0,0.0,1.0,0.0,1.0,0.0,0.0
,2026-09-03,AARTIIND.NS,45.66,51.46,0.0,58.9,1.0,0.0,0.1349,65.1,57.6,1.0,1.0,-1.9625,0.0,0.0,1.0,0.0,1.0,0.0,0.0
>>>>>>> Stashed changes,,,,,,,,,,,,,,,,,,,,,
,2026-09-03,LUPIN.NS,23.38,40.84,0.0,56.1,1.0,0.0,0.1152,61.2,56.8,1.0,1.0,-1.0319,0.0,0.0,1.0,0.0,1.0,0.0,0.0
,2026-09-03,HINDCOPPER.NS,65.94,74.31,1.0,56.3,1.0,1.0,0.1198,64.3,60.8,1.0,1.0,0.6075,1.0,1.0,1.0,1.0,1.0,1.0,1.0
,2026-09-03,RADICO.NS,83.85,94.67,1.0,47.2,0.0,0.0,0.0873,49.8,44.3,0.0,0.0,-1.4258,0.0,0.0,0.0,1.0,1.0,1.0,1.0
,2026-09-03,AMBUJACEM.NS,65.48,56.62,0.0,48.1,0.0,0.0,0.1126,39.8,37.9,0.0,0.0,0.0,0.0,0.0,1.0,1.0,1.0,1.0,1.0
<<<<<<< Updated upstream,,,,,,,,,,,,,,,,,,,,,
,2026-09-03,UBL.NS,45.87,51.94,0.0,59.1,1.0,0.0,0.1213,50.8,45.2,0.0,0.0,-0.3738,0.0,0.0,1.0,0.0,1.0,1.0,1.0
,2026-09-03,JINDALSTEL.NS,60.01,58.75,0.0,50.7,0.0,0.0,0.1126,44.4,40.3,0.0,0.0,1.7467,1.0,1.0,0.0,0.0,0.0,0.0,0.0
,2026-09-03,IEX.NS,59.88,80.68,0.0,64.4,1.0,0.0,0.1126,56.3,51.1,1.0,0.0,-0.2014,0.0,0.0,1.0,0.0,1.0,0.0,1.0
,2026-09-03,TIINDIA.NS,21.42,19.82,0.0,58.9,1.0,0.0,0.0848,41.2,39.1,0.0,0.0,-1.3673,0.0,0.0,1.0,0.0,1.0,1.0,1.0
,2026-09-03,TATATECH.NS,51.64,51.49,0.0,60.5,1.0,0.0,0.0807,45.5,44.7,0.0,0.0,-0.6335,0.0,0.0,1.0,0.0,1.0,1.0,1.0
>>>>>>> 0035fbf6d3e958659ff10d7289d46caf9734d327,,,,,,,,,,,,,,,,,,,,,
>>>>>>> e2d5c152f69c6a6a41f22675b348757a446fb102,,,,,,,,,,,,,,,,,,,,,
,2026-09-04,JIOFIN.NS,77.21,86.44,1.0,59.5,1.0,1.0,0.3657,35.2,35.4,0.0,0.0,-2.6514,0.0,0.0,0.0,0.0,0.0,1.0,1.0
,2026-09-04,BLUESTARCO.NS,77.02,86.03,1.0,53.6,0.0,0.0,0.3443,27.4,30.7,0.0,0.0,-1.5566,0.0,1.0,0.0,1.0,1.0,0.0,0.0
,2026-09-04,TECHM.NS,76.78,83.98,1.0,61.6,1.0,1.0,0.3339,45.2,39.1,0.0,0.0,-2.0602,0.0,0.0,0.0,0.0,0.0,1.0,1.0
,2026-09-04,SUZLON.NS,74.26,85.44,1.0,62.4,1.0,1.0,0.3602,31.9,32.6,0.0,0.0,0.441,1.0,1.0,1.0,1.0,1.0,0.0,0.0
,2026-09-04,TATASTEEL.NS,73.83,74.28,1.0,57.0,1.0,1.0,0.3536,33.2,31.2,0.0,0.0,-1.6844,0.0,0.0,0.0,0.0,0.0,1.0,1.0
,2026-09-04,ADANIPORTS.NS,73.45,75.63,1.0,42.2,0.0,0.0,0.3334,25.3,27.3,0.0,0.0,0.1581,1.0,1.0,1.0,0.0,0.0,0.0,0.0
,2026-09-04,IRCTC.NS,73.19,77.51,1.0,68.4,1.0,1.0,0.3637,41.8,40.7,0.0,0.0,-0.7562,0.0,0.0,0.0,0.0,0.0,1.0,1.0
,2026-09-04,HEROMOTOCO.NS,72.82,87.95,1.0,50.5,0.0,0.0,0.497,50.1,45.3,0.0,0.0,-0.566,0.0,0.0,0.0,1.0,1.0,1.0,1.0
,2026-09-04,ABB.NS,72.41,75.12,1.0,61.0,1.0,1.0,0.3356,41.6,38.6,0.0,0.0,-0.3104,0.0,0.0,0.0,0.0,0.0,1.0,1.0
,2026-09-04,MUTHOOTFIN.NS,72.31,79.67,1.0,60.2,1.0,1.0,0.3476,39.5,39.5,0.0,0.0,-1.16,0.0,0.0,0.0,0.0,0.0,1.0,1.0
,2026-09-04,SOLARINDS.NS,72.3,78.04,1.0,55.8,1.0,1.0,0.3445,49.9,46.7,0.0,0.0,2.3549,1.0,1.0,1.0,1.0,1.0,0.0,0.0
,2026-09-04,TORNTPOWER.NS,71.96,71.37,1.0,49.1,0.0,0.0,0.3593,36.4,33.1,0.0,0.0,-2.2246,0.0,0.0,0.0,1.0,1.0,1.0,1.0
,2026-09-04,MANAPPURAM.NS,71.94,85.3,1.0,56.4,1.0,1.0,0.3538,32.4,34.1,0.0,0.0,-4.1507,0.0,0.0,0.0,0.0,0.0,1.0,1.0
,2026-09-04,PAYTM.NS,71.91,73.22,1.0,68.1,1.0,1.0,0.452,50.6,49.9,0.0,0.0,0.6327,1.0,1.0,1.0,1.0,1.0,0.0,0.0
,2026-09-04,VBL.NS,71.29,76.54,1.0,52.6,0.0,0.0,0.3589,32.8,33.4,0.0,0.0,-0.4048,0.0,0.0,0.0,1.0,1.0,1.0,1.0
,2026-09-04,MTAR.NS,70.73,72.06,1.0,58.5,1.0,1.0,0.3599,23.1,28.4,0.0,0.0,,,,,,,,
,2026-09-04,TITAN.NS,70.25,79.61,1.0,65.1,1.0,1.0,0.3125,44.8,45.9,0.0,0.0,-0.498,0.0,0.0,0.0,0.0,0.0,1.0,1.0
,2026-09-04,OIL.NS,70.18,75.1,1.0,40.9,0.0,0.0,0.3177,35.2,32.9,0.0,0.0,-0.2662,0.0,1.0,0.0,1.0,1.0,0.0,0.0
,2026-09-04,ABBOTINDIA.NS,70.01,70.34,1.0,52.2,0.0,0.0,0.3362,31.2,32.6,0.0,0.0,-1.9566,0.0,0.0,0.0,1.0,1.0,1.0,1.0
,2026-09-04,RVNL.NS,69.92,76.43,1.0,68.0,1.0,1.0,0.3566,50.0,45.0,0.0,0.0,-2.3483,0.0,0.0,0.0,0.0,0.0,1.0,1.0
,2026-09-04,ADANIENSOL.NS,69.51,66.28,0.0,64.2,1.0,0.0,0.9057,52.5,49.7,0.0,0.0,-1.3621,0.0,1.0,1.0,0.0,1.0,0.0,0.0
,2026-09-04,ETERNAL.NS,69.4,88.53,1.0,58.9,1.0,1.0,0.4086,48.5,41.0,0.0,0.0,-0.3563,0.0,0.0,0.0,0.0,0.0,1.0,1.0
,2026-09-04,TATAMOTORS.NS,69.29,88.3,1.0,56.4,1.0,1.0,0.4447,43.0,38.6,0.0,0.0,,,,,,,,
,2026-09-04,BHARATFORG.NS,69.21,79.24,1.0,65.1,1.0,1.0,0.3428,32.5,34.0,0.0,0.0,-0.0511,0.0,1.0,0.0,0.0,0.0,0.0,0.0
,2026-09-04,BALKRISIND.NS,68.22,84.42,1.0,54.0,0.0,0.0,0.3121,34.9,34.8,0.0,0.0,-1.1643,0.0,0.0,0.0,1.0,1.0,1.0,1.0
,2026-09-04,COALINDIA.NS,67.73,58.68,0.0,49.5,0.0,0.0,0.3604,45.2,45.2,0.0,0.0,0.8427,1.0,1.0,0.0,0.0,0.0,0.0,0.0
,2026-09-04,COCHINSHIP.NS,67.43,82.29,1.0,71.3,1.0,1.0,0.3404,52.2,48.3,0.0,0.0,0.487,1.0,1.0,1.0,1.0,1.0,0.0,0.0
,2026-09-04,DEVYANI.NS,67.39,72.47,1.0,64.1,1.0,1.0,0.4084,51.4,47.7,0.0,0.0,-0.9262,0.0,0.0,0.0,0.0,0.0,1.0,1.0
,2026-09-04,NAM-INDIA.NS,67.05,59.93,0.0,58.3,1.0,0.0,0.3446,30.8,31.9,0.0,0.0,3.0261,1.0,1.0,0.0,1.0,0.0,0.0,0.0
,2026-09-04,LAURUSLABS.NS,66.69,79.12,1.0,66.3,1.0,1.0,0.3069,47.8,45.0,0.0,0.0,5.8098,1.0,1.0,1.0,1.0,1.0,0.0,0.0
,2026-09-04,HUDCO.NS,66.47,78.62,1.0,67.1,1.0,1.0,0.3573,51.1,48.4,0.0,0.0,-0.7091,0.0,0.0,0.0,0.0,0.0,1.0,1.0
,2026-09-04,SKFINDIA.NS,66.21,63.18,0.0,61.2,1.0,0.0,0.3382,35.2,33.9,0.0,0.0,-0.4249,0.0,0.0,1.0,0.0,1.0,1.0,1.0
,2026-09-04,HAL.NS,66.18,58.74,0.0,62.6,1.0,0.0,0.347,39.7,47.8,0.0,0.0,3.6059,1.0,1.0,0.0,1.0,0.0,0.0,0.0
,2026-09-04,DELTACORP.NS,66.12,81.25,1.0,73.0,1.0,1.0,0.3483,47.3,44.4,0.0,0.0,0.1426,1.0,0.0,1.0,1.0,1.0,1.0,1.0
,2026-09-04,MAZDOCK.NS,66.08,60.31,0.0,64.0,1.0,0.0,0.3415,48.0,52.3,0.0,0.0,-0.3475,0.0,0.0,1.0,0.0,1.0,1.0,1.0
,2026-09-04,HCLTECH.NS,65.95,54.53,0.0,52.3,0.0,0.0,0.3063,35.1,38.0,0.0,0.0,-0.8195,0.0,0.0,1.0,1.0,1.0,1.0,1.0
,2026-09-04,BEL.NS,65.95,57.86,0.0,61.1,1.0,0.0,0.3282,39.1,39.2,0.0,0.0,-0.333,0.0,1.0,1.0,0.0,1.0,0.0,0.0
,2026-09-04,VOLTAS.NS,65.93,80.82,1.0,61.9,1.0,1.0,0.3524,45.8,41.6,0.0,0.0,-0.2393,0.0,0.0,0.0,0.0,0.0,1.0,1.0
,2026-09-04,WIPRO.NS,65.9,54.42,0.0,65.3,1.0,0.0,0.3456,52.2,50.0,0.0,0.0,-2.0408,0.0,0.0,1.0,0.0,1.0,1.0,1.0
,2026-09-04,GRSE.NS,65.89,60.31,0.0,66.6,1.0,0.0,0.3444,58.6,56.8,1.0,1.0,-0.2961,0.0,0.0,1.0,0.0,1.0,0.0,0.0
,2026-09-04,IEX.NS,65.86,80.67,1.0,71.9,1.0,1.0,0.3408,50.0,45.2,0.0,0.0,-1.1858,0.0,0.0,0.0,0.0,0.0,1.0,1.0
,2026-09-04,TCS.NS,65.85,54.3,0.0,59.6,1.0,0.0,0.3123,42.8,40.4,0.0,0.0,-1.4757,0.0,0.0,1.0,0.0,1.0,1.0,1.0
,2026-09-04,NAVINFLUOR.NS,65.83,59.65,0.0,58.1,1.0,0.0,0.3242,41.3,39.7,0.0,0.0,0.5375,1.0,1.0,0.0,1.0,0.0,0.0,0.0
,2026-09-04,OLAELEC.NS,65.59,80.07,1.0,69.8,1.0,1.0,0.3286,43.3,41.4,0.0,0.0,-0.6283,0.0,0.0,0.0,0.0,0.0,1.0,1.0
,2026-09-04,INFY.NS,65.53,54.21,0.0,52.8,0.0,0.0,0.3019,38.1,38.6,0.0,0.0,-3.7611,0.0,0.0,1.0,1.0,1.0,1.0,1.0
,2026-09-04,VEDL.NS,65.28,60.92,0.0,60.7,1.0,0.0,0.3416,30.8,33.1,0.0,0.0,-1.5068,0.0,1.0,1.0,0.0,1.0,0.0,0.0
,2026-09-04,DIXON.NS,65.21,54.3,0.0,52.8,0.0,0.0,0.2994,32.2,35.8,0.0,0.0,-0.4213,0.0,0.0,1.0,1.0,1.0,1.0,1.0
,2026-09-04,ULTRACEMCO.NS,65.07,60.45,0.0,58.1,1.0,0.0,0.3366,32.2,32.9,0.0,0.0,-2.0424,0.0,0.0,1.0,0.0,1.0,1.0,1.0
,2026-09-04,TMCV.NS,65.06,64.85,0.0,65.0,1.0,0.0,0.3558,48.4,45.3,0.0,0.0,0.3165,1.0,0.0,0.0,1.0,0.0,1.0,1.0
,2026-09-04,KPIL.NS,64.94,78.63,0.0,59.2,1.0,0.0,0.3192,40.1,35.2,0.0,0.0,-0.6469,0.0,1.0,1.0,0.0,1.0,0.0,0.0
,2026-09-04,PRESTIGE.NS,64.6,57.02,0.0,53.8,0.0,0.0,0.3627,28.3,30.1,0.0,0.0,-2.3314,0.0,0.0,1.0,1.0,1.0,1.0,1.0
,2026-09-04,APOLLOHOSP.NS,64.4,82.5,0.0,68.7,1.0,0.0,0.3315,40.9,40.3,0.0,0.0,2.1676,1.0,1.0,0.0,1.0,0.0,0.0,0.0
,2026-09-04,BSE.NS,64.32,55.23,0.0,64.2,1.0,0.0,0.3514,43.0,36.1,0.0,0.0,-0.4634,0.0,0.0,1.0,0.0,1.0,1.0,1.0
,2026-09-04,NTPC.NS,64.22,53.46,0.0,53.3,0.0,0.0,0.3286,31.1,33.9,0.0,0.0,-0.1504,0.0,1.0,1.0,1.0,1.0,0.0,0.0
,2026-09-04,RADICO.NS,64.03,76.62,0.0,66.5,1.0,0.0,0.3279,48.5,42.3,0.0,0.0,-1.1126,0.0,0.0,1.0,0.0,1.0,1.0,1.0
,2026-09-04,MRF.NS,63.85,55.26,0.0,60.3,1.0,0.0,0.323,29.9,28.5,0.0,0.0,-0.8119,0.0,0.0,1.0,0.0,1.0,1.0,1.0
,2026-09-04,MGL.NS,63.62,78.86,0.0,67.7,1.0,0.0,0.3438,45.8,45.7,0.0,0.0,0.6019,1.0,1.0,0.0,1.0,0.0,0.0,0.0
,2026-09-04,DATAPATTNS.NS,63.56,57.92,0.0,54.6,0.0,0.0,0.3438,32.1,34.1,0.0,0.0,7.5747,1.0,1.0,0.0,0.0,0.0,0.0,0.0
,2026-09-04,TATAPOWER.NS,63.4,56.24,0.0,48.2,0.0,0.0,0.4052,36.1,36.1,0.0,0.0,-0.625,0.0,1.0,1.0,1.0,1.0,0.0,0.0
,2026-09-04,KOTAKBANK.NS,63.37,55.08,0.0,47.2,0.0,0.0,0.3079,27.5,35.7,0.0,0.0,-0.5654,0.0,0.0,1.0,1.0,1.0,1.0,1.0
,2026-09-04,SBIN.NS,63.18,53.09,0.0,65.3,1.0,0.0,0.3399,37.1,46.3,0.0,0.0,-1.0038,0.0,0.0,1.0,0.0,1.0,1.0,1.0
,2026-09-04,SIEMENS.NS,63.11,53.67,0.0,56.4,1.0,0.0,0.3056,35.7,36.2,0.0,0.0,-1.2572,0.0,0.0,1.0,0.0,1.0,1.0,1.0
,2026-09-04,BRIGADE.NS,63.11,55.0,0.0,60.6,1.0,0.0,0.3258,37.1,40.4,0.0,0.0,-1.3073,0.0,0.0,1.0,0.0,1.0,1.0,1.0
,2026-09-04,ADANIGREEN.NS,63.0,85.94,0.0,42.9,0.0,0.0,0.3426,30.2,30.9,0.0,0.0,-1.0221,0.0,1.0,1.0,1.0,1.0,0.0,0.0
,2026-09-04,HOMEFIRST.NS,62.98,60.3,0.0,41.5,0.0,0.0,0.3088,22.8,25.4,0.0,0.0,2.2312,1.0,0.0,0.0,0.0,0.0,1.0,1.0
,2026-09-04,BAJFINANCE.NS,62.8,57.6,0.0,59.3,1.0,0.0,0.3362,40.2,40.0,0.0,0.0,-0.0471,0.0,0.0,1.0,0.0,1.0,1.0,1.0
,2026-09-04,BHEL.NS,62.79,67.31,0.0,59.0,1.0,0.0,0.322,33.7,33.5,0.0,0.0,-2.2385,0.0,1.0,1.0,0.0,1.0,0.0,0.0
,2026-09-04,ASIANPAINT.NS,62.71,52.72,0.0,63.1,1.0,0.0,0.3455,39.2,34.8,0.0,0.0,-1.0446,0.0,0.0,1.0,0.0,1.0,1.0,1.0
,2026-09-04,LICI.NS,62.68,55.48,0.0,59.1,1.0,0.0,0.3279,27.9,31.0,0.0,0.0,-0.9269,0.0,0.0,1.0,0.0,1.0,1.0,1.0
,2026-09-04,MARUTI.NS,62.65,58.62,0.0,66.5,1.0,0.0,0.3921,52.5,55.7,0.0,1.0,0.5199,1.0,0.0,0.0,1.0,0.0,1.0,0.0
,2026-09-04,AMBUJACEM.NS,62.53,56.62,0.0,52.9,0.0,0.0,0.3504,31.8,32.2,0.0,0.0,-1.5802,0.0,0.0,1.0,1.0,1.0,1.0,1.0
,2026-09-04,JPPOWER.NS,62.46,73.12,0.0,67.1,1.0,0.0,0.3451,45.7,40.9,0.0,0.0,3.0694,1.0,1.0,0.0,1.0,0.0,0.0,0.0
,2026-09-04,AXISBANK.NS,61.54,53.52,0.0,60.9,1.0,0.0,0.2985,22.6,31.3,0.0,0.0,-2.2074,0.0,0.0,1.0,0.0,1.0,1.0,1.0
,2026-09-04,HAVELLS.NS,61.51,64.43,0.0,67.0,1.0,0.0,0.3491,52.7,48.2,0.0,0.0,-1.2132,0.0,0.0,1.0,0.0,1.0,1.0,1.0
,2026-09-04,CAMS.NS,61.47,69.41,0.0,67.7,1.0,0.0,0.3691,40.4,37.8,0.0,0.0,-2.5775,0.0,0.0,1.0,0.0,1.0,1.0,1.0
,2026-09-04,NAUKRI.NS,61.06,62.38,0.0,54.4,0.0,0.0,0.314,30.8,38.4,0.0,0.0,-1.3108,0.0,0.0,1.0,1.0,1.0,1.0,1.0
,2026-09-04,HINDCOPPER.NS,60.59,51.91,0.0,61.6,1.0,0.0,0.3961,39.1,36.5,0.0,0.0,-2.4058,0.0,1.0,1.0,0.0,1.0,0.0,0.0
,2026-09-04,ICICIBANK.NS,60.35,51.53,0.0,61.7,1.0,0.0,0.3111,35.3,38.8,0.0,0.0,0.3021,1.0,0.0,0.0,1.0,0.0,1.0,1.0
,2026-09-04,M&M.NS,60.29,52.88,0.0,64.7,1.0,0.0,0.4281,55.0,56.1,0.0,1.0,-0.3155,0.0,0.0,1.0,0.0,1.0,1.0,0.0
,2026-09-04,HDFCBANK.NS,60.21,51.97,0.0,64.3,1.0,0.0,0.3414,55.8,49.0,1.0,0.0,-0.2247,0.0,0.0,1.0,0.0,1.0,0.0,1.0
,2026-09-04,FIVESTAR.NS,60.11,67.89,0.0,61.9,1.0,0.0,0.3404,36.9,34.5,0.0,0.0,0.2103,1.0,1.0,0.0,1.0,0.0,0.0,0.0
,2026-09-04,AUROPHARMA.NS,60.06,54.79,0.0,61.3,1.0,0.0,0.3134,25.1,29.3,0.0,0.0,2.3532,1.0,1.0,0.0,1.0,0.0,0.0,0.0
,2026-09-04,MPHASIS.NS,59.77,53.87,0.0,53.0,0.0,0.0,0.3087,37.8,38.5,0.0,0.0,-2.7663,0.0,0.0,1.0,1.0,1.0,1.0,1.0
,2026-09-04,WESTLIFE.NS,59.43,66.4,0.0,70.8,1.0,0.0,0.4055,56.9,47.9,1.0,0.0,1.4418,1.0,1.0,0.0,1.0,0.0,1.0,0.0
,2026-09-04,JUBLFOOD.NS,59.39,66.29,0.0,64.6,1.0,0.0,0.3242,53.6,46.1,0.0,0.0,-1.5123,0.0,0.0,1.0,0.0,1.0,1.0,1.0
,2026-09-04,IGL.NS,59.36,62.15,0.0,65.1,1.0,0.0,0.3384,36.5,36.2,0.0,0.0,-2.5437,0.0,0.0,1.0,0.0,1.0,1.0,1.0
,2026-09-04,TIMKEN.NS,59.21,50.24,0.0,52.3,0.0,0.0,0.3312,23.1,26.3,0.0,0.0,-0.8511,0.0,1.0,1.0,1.0,1.0,0.0,0.0
,2026-09-04,GODREJCP.NS,58.86,52.14,0.0,51.1,0.0,0.0,0.3396,20.8,24.9,0.0,0.0,-1.8337,0.0,0.0,1.0,1.0,1.0,1.0,1.0
,2026-09-04,EIHOTEL.NS,58.83,63.54,0.0,59.6,1.0,0.0,0.3355,39.3,38.3,0.0,0.0,0.7194,1.0,0.0,0.0,1.0,0.0,1.0,1.0
,2026-09-04,HINDALCO.NS,58.24,74.31,0.0,66.4,1.0,0.0,0.3425,36.3,40.5,0.0,0.0,-0.1978,0.0,1.0,1.0,0.0,1.0,0.0,0.0
,2026-09-04,POWERGRID.NS,58.05,54.12,0.0,50.0,0.0,0.0,0.3232,32.8,31.2,0.0,0.0,-0.094,0.0,1.0,1.0,1.0,1.0,0.0,0.0
,2026-09-04,MASTEK.NS,57.94,50.07,0.0,48.7,0.0,0.0,0.3318,25.5,29.2,0.0,0.0,-4.5801,0.0,0.0,1.0,1.0,1.0,1.0,1.0
,2026-09-04,SYNGENE.NS,57.61,59.76,0.0,61.3,1.0,0.0,0.3358,36.9,35.9,0.0,0.0,-1.5925,0.0,0.0,1.0,0.0,1.0,1.0,1.0
,2026-09-04,NH.NS,57.41,61.9,0.0,54.7,0.0,0.0,0.3195,37.4,33.6,0.0,0.0,2.0931,1.0,1.0,0.0,0.0,0.0,0.0,0.0
,2026-09-04,INDHOTEL.NS,57.36,60.28,0.0,55.5,1.0,0.0,0.309,38.1,38.0,0.0,0.0,-0.5278,0.0,1.0,1.0,0.0,1.0,0.0,0.0
,2026-09-04,JSWSTEEL.NS,57.36,60.28,0.0,60.7,1.0,0.0,0.3185,36.6,34.9,0.0,0.0,-1.7358,0.0,0.0,1.0,0.0,1.0,1.0,1.0
,2026-09-04,UTIAMC.NS,57.23,60.0,0.0,58.7,1.0,0.0,0.3398,37.7,39.1,0.0,0.0,1.0675,1.0,1.0,0.0,1.0,0.0,0.0,0.0
,2026-09-04,HDFCLIFE.NS,57.11,58.65,0.0,67.7,1.0,0.0,0.3437,42.4,42.0,0.0,0.0,-2.4158,0.0,0.0,1.0,0.0,1.0,1.0,1.0
,2026-09-04,POLICYBZR.NS,56.96,60.9,0.0,57.2,1.0,0.0,0.3246,47.8,43.9,0.0,0.0,-0.5447,0.0,0.0,1.0,0.0,1.0,1.0,1.0
,2026-09-04,VINATIORGA.NS,56.86,59.18,0.0,63.3,1.0,0.0,0.3288,34.4,39.5,0.0,0.0,-0.9003,0.0,1.0,1.0,0.0,1.0,0.0,0.0
,2026-09-04,BALAMINES.NS,56.85,59.15,0.0,51.7,0.0,0.0,0.3156,34.8,37.1,0.0,0.0,1.6474,1.0,0.0,0.0,0.0,0.0,1.0,1.0
,2026-09-04,L&T.NS,56.83,52.97,0.0,59.3,1.0,0.0,0.3631,28.4,33.0,0.0,0.0,,,,,,,,
,2026-09-04,ADANIPOWER.NS,56.45,56.35,0.0,42.8,0.0,0.0,0.2873,30.3,32.3,0.0,0.0,-1.3079,0.0,1.0,1.0,1.0,1.0,0.0,0.0
,2026-09-04,LODHA.NS,55.81,58.34,0.0,56.4,1.0,0.0,0.3222,40.8,38.0,0.0,0.0,-0.8183,0.0,0.0,1.0,0.0,1.0,1.0,1.0
,2026-09-04,IDEA.NS,55.8,64.5,0.0,57.5,1.0,0.0,0.3494,46.0,45.5,0.0,0.0,3.8615,1.0,1.0,0.0,1.0,0.0,0.0,0.0
,2026-09-04,MOTHERSON.NS,55.45,62.61,0.0,73.0,1.0,0.0,0.3304,43.5,40.2,0.0,0.0,0.809,1.0,1.0,0.0,1.0,0.0,0.0,0.0
,2026-09-04,SOBHA.NS,55.35,57.31,0.0,62.4,1.0,0.0,0.3569,43.1,37.9,0.0,0.0,-1.084,0.0,0.0,1.0,0.0,1.0,1.0,1.0
,2026-09-04,LTM.NS,55.35,53.9,0.0,60.1,1.0,0.0,0.2973,40.1,36.7,0.0,0.0,-2.3276,0.0,0.0,1.0,0.0,1.0,1.0,1.0
,2026-09-04,KIMS.NS,55.17,55.41,0.0,64.1,1.0,0.0,0.3451,39.5,35.1,0.0,0.0,0.0524,1.0,1.0,0.0,1.0,0.0,0.0,0.0
,2026-09-04,MMTC.NS,55.13,59.99,0.0,65.8,1.0,0.0,0.3387,46.7,45.4,0.0,0.0,-0.5609,0.0,0.0,1.0,0.0,1.0,1.0,1.0
,2026-09-04,AJANTPHARM.NS,54.94,56.4,0.0,67.0,1.0,0.0,0.342,38.4,36.3,0.0,0.0,3.3047,1.0,1.0,0.0,1.0,0.0,0.0,0.0
,2026-09-04,CCLPROD.NS,54.87,53.68,0.0,58.0,1.0,0.0,0.3567,26.9,29.9,0.0,0.0,,,,,,,,
,2026-09-04,COLPAL.NS,54.82,51.1,0.0,53.8,0.0,0.0,0.3385,23.3,28.1,0.0,0.0,-0.8583,0.0,0.0,1.0,1.0,1.0,1.0,1.0
,2026-09-04,BOSCHLTD.NS,54.59,55.64,0.0,68.6,1.0,0.0,0.3299,44.9,40.5,0.0,0.0,2.5737,1.0,1.0,0.0,1.0,0.0,0.0,0.0
,2026-09-04,FORTIS.NS,54.57,55.59,0.0,46.9,0.0,0.0,0.3291,32.4,31.6,0.0,0.0,0.3315,1.0,0.0,0.0,0.0,0.0,1.0,1.0
,2026-09-04,DRREDDY.NS,54.42,55.25,0.0,59.3,1.0,0.0,0.3372,33.9,33.7,0.0,0.0,-0.5908,0.0,0.0,1.0,0.0,1.0,1.0,1.0
,2026-09-04,BLS.NS,54.39,55.19,0.0,66.2,1.0,0.0,0.4251,42.3,37.7,0.0,0.0,0.1591,1.0,0.0,0.0,1.0,0.0,1.0,1.0
,2026-09-04,BIKAJI.NS,54.16,51.13,0.0,61.6,1.0,0.0,0.3945,34.0,31.4,0.0,0.0,-0.0856,0.0,0.0,1.0,0.0,1.0,1.0,1.0
,2026-09-04,UPL.NS,54.13,54.6,0.0,46.5,0.0,0.0,0.3261,26.8,28.1,0.0,0.0,-1.5718,0.0,0.0,1.0,1.0,1.0,1.0,1.0
,2026-09-04,SHREECEM.NS,54.05,56.24,0.0,49.8,0.0,0.0,0.3375,37.8,35.7,0.0,0.0,-2.0541,0.0,0.0,1.0,1.0,1.0,1.0,1.0
,2026-09-04,ATGL.NS,54.03,52.23,0.0,58.1,1.0,0.0,0.3471,43.5,35.9,0.0,0.0,-0.4817,0.0,0.0,1.0,0.0,1.0,1.0,1.0
,2026-09-04,BAJAJFINSV.NS,53.95,54.2,0.0,62.3,1.0,0.0,0.3178,36.6,35.5,0.0,0.0,-1.5939,0.0,0.0,1.0,0.0,1.0,1.0,1.0
,2026-09-04,BAJAJ-AUTO.NS,53.71,53.4,0.0,54.9,0.0,0.0,0.3095,35.5,34.8,0.0,0.0,-0.9984,0.0,0.0,1.0,1.0,1.0,1.0,1.0
,2026-09-04,TMPV.NS,53.46,53.12,0.0,55.2,1.0,0.0,0.3381,30.0,31.0,0.0,0.0,-1.4446,0.0,0.0,1.0,0.0,1.0,1.0,1.0
,2026-09-04,NHPC.NS,52.84,62.31,0.0,68.9,1.0,0.0,0.3415,36.8,39.8,0.0,0.0,-0.3279,0.0,1.0,1.0,0.0,1.0,0.0,0.0
,2026-09-04,BAJAJHLDNG.NS,52.26,56.62,0.0,71.7,1.0,0.0,0.3406,46.2,42.9,0.0,0.0,-1.8455,0.0,0.0,1.0,0.0,1.0,1.0,1.0
,2026-09-04,SCHAEFFLER.NS,52.15,56.39,0.0,67.6,1.0,0.0,0.3395,44.3,41.6,0.0,0.0,-0.0455,0.0,0.0,1.0,0.0,1.0,1.0,1.0
,2026-09-04,NBCC.NS,51.84,60.07,0.0,60.5,1.0,0.0,0.3537,36.6,36.4,0.0,0.0,-0.6928,0.0,0.0,1.0,0.0,1.0,1.0,1.0
,2026-09-04,TATACONSUM.NS,51.81,54.51,0.0,67.8,1.0,0.0,0.3454,44.9,39.5,0.0,0.0,0.495,1.0,0.0,0.0,1.0,0.0,1.0,1.0
,2026-09-04,DLF.NS,51.77,52.53,0.0,60.1,1.0,0.0,0.3149,34.0,37.7,0.0,0.0,-0.9972,0.0,0.0,1.0,0.0,1.0,1.0,1.0
,2026-09-04,LTIM.NS,51.77,52.53,0.0,57.6,1.0,0.0,0.3536,30.5,35.2,0.0,0.0,,,,,,,,
,2026-09-04,OBEROIRLTY.NS,51.32,52.47,0.0,57.5,1.0,0.0,0.3207,32.1,32.9,0.0,0.0,-1.4982,0.0,0.0,1.0,0.0,1.0,1.0,1.0
,2026-09-04,ANGELONE.NS,51.28,52.07,0.0,70.2,1.0,0.0,0.3368,46.4,44.4,0.0,0.0,-0.6004,0.0,0.0,1.0,0.0,1.0,1.0,1.0
,2026-09-04,GODREJPROP.NS,51.27,52.48,0.0,66.7,1.0,0.0,0.3349,47.7,46.3,0.0,0.0,-3.0172,0.0,0.0,1.0,0.0,1.0,1.0,1.0
,2026-09-04,IRFC.NS,51.26,50.04,0.0,58.3,1.0,0.0,0.3536,46.1,39.5,0.0,0.0,-1.6787,0.0,0.0,1.0,0.0,1.0,1.0,1.0
,2026-09-04,PHOENIXLTD.NS,50.94,52.58,0.0,49.4,0.0,0.0,0.3221,24.7,30.6,0.0,0.0,-1.9053,0.0,0.0,1.0,1.0,1.0,1.0,1.0
,2026-09-04,ABCAPITAL.NS,50.37,51.32,0.0,58.3,1.0,0.0,0.3395,40.2,36.5,0.0,0.0,-1.9634,0.0,0.0,1.0,0.0,1.0,1.0,1.0
,2026-09-04,SHYAMMETL.NS,50.29,51.14,0.0,63.2,1.0,0.0,0.3204,44.8,45.9,0.0,0.0,1.5958,1.0,1.0,0.0,1.0,0.0,0.0,0.0
,2026-09-04,PAGEIND.NS,50.11,50.73,0.0,48.9,0.0,0.0,0.3374,29.5,36.1,0.0,0.0,-1.3085,0.0,0.0,1.0,1.0,1.0,1.0,1.0
,2026-09-04,PIDILITIND.NS,49.86,50.17,0.0,68.0,1.0,0.0,0.3207,38.1,38.3,0.0,0.0,-3.3446,0.0,0.0,1.0,0.0,1.0,1.0,1.0
,2026-09-04,NATIONALUM.NS,49.78,50.01,0.0,67.1,1.0,0.0,0.4088,47.1,40.1,0.0,0.0,-2.1919,0.0,1.0,1.0,0.0,1.0,0.0,0.0
,2026-09-04,PNCINFRA.NS,49.77,49.98,0.0,56.1,1.0,0.0,1.0684,45.2,40.4,0.0,0.0,-3.304,0.0,0.0,1.0,0.0,1.0,1.0,1.0
,2026-09-04,CESC.NS,49.27,48.87,0.0,62.0,1.0,0.0,0.3435,43.3,38.4,0.0,0.0,-0.3072,0.0,1.0,1.0,0.0,1.0,0.0,0.0
,2026-09-04,GAIL.NS,49.27,49.92,0.0,56.4,1.0,0.0,0.3145,36.5,39.0,0.0,0.0,1.4994,1.0,1.0,0.0,1.0,0.0,0.0,0.0
,2026-09-04,SUNPHARMA.NS,47.85,52.63,0.0,59.5,1.0,0.0,0.2998,50.5,47.5,0.0,0.0,-0.2106,0.0,0.0,1.0,0.0,1.0,1.0,1.0
,2026-09-04,HINDZINC.NS,47.34,45.94,0.0,63.4,1.0,0.0,0.327,42.3,45.1,0.0,0.0,-1.9717,0.0,1.0,1.0,0.0,1.0,0.0,0.0
,2026-09-04,TATAELXSI.NS,46.89,51.66,0.0,56.0,1.0,0.0,0.3267,28.0,29.4,0.0,0.0,-1.7144,0.0,0.0,1.0,0.0,1.0,1.0,1.0
,2026-09-04,DEEPAKNTR.NS,46.71,51.25,0.0,56.7,1.0,0.0,0.3143,28.4,31.1,0.0,0.0,-3.7725,0.0,0.0,1.0,0.0,1.0,1.0,1.0
,2026-09-04,UBL.NS,46.68,51.18,0.0,57.6,1.0,0.0,0.3588,32.6,33.2,0.0,0.0,-2.1025,0.0,0.0,1.0,0.0,1.0,1.0,1.0
,2026-09-04,AMBER.NS,46.51,50.81,0.0,60.1,1.0,0.0,0.3182,33.0,35.5,0.0,0.0,-2.221,0.0,0.0,1.0,0.0,1.0,1.0,1.0
,2026-09-04,SHRIRAMFIN.NS,46.47,50.73,0.0,66.1,1.0,0.0,0.4182,46.4,40.1,0.0,0.0,-0.3842,0.0,0.0,1.0,0.0,1.0,1.0,1.0
,2026-09-04,APLAPOLLO.NS,46.33,50.41,0.0,53.3,0.0,0.0,0.3213,35.1,34.8,0.0,0.0,-1.5556,0.0,0.0,1.0,1.0,1.0,1.0,1.0
,2026-09-04,SJVN.NS,46.24,68.15,0.0,63.5,1.0,0.0,0.3617,42.5,40.5,0.0,0.0,0.9811,1.0,1.0,0.0,1.0,0.0,0.0,0.0
,2026-09-04,KAYNES.NS,43.76,49.76,0.0,64.9,1.0,0.0,0.4134,38.6,37.1,0.0,0.0,0.3335,1.0,0.0,0.0,1.0,0.0,1.0,1.0
,2026-09-04,CIPLA.NS,43.73,49.7,0.0,51.2,0.0,0.0,0.33,30.0,31.5,0.0,0.0,-0.0722,0.0,0.0,1.0,1.0,1.0,1.0,1.0
,2026-09-04,SUNTV.NS,43.1,39.28,0.0,64.4,1.0,0.0,0.3298,45.9,47.5,0.0,0.0,-3.6951,0.0,0.0,1.0,0.0,1.0,1.0,1.0
,2026-09-04,ADANIENT.NS,42.83,43.96,0.0,52.2,0.0,0.0,0.3308,28.9,35.6,0.0,0.0,0.4084,1.0,1.0,0.0,0.0,0.0,0.0,0.0
,2026-09-04,ALKYLAMINE.NS,40.7,50.38,0.0,60.3,1.0,0.0,0.3371,55.9,42.8,1.0,0.0,-2.484,0.0,0.0,1.0,0.0,1.0,0.0,1.0
,2026-09-04,YESBANK.NS,39.68,44.12,0.0,58.8,1.0,0.0,0.3236,50.2,47.9,0.0,0.0,-0.3556,0.0,0.0,1.0,0.0,1.0,1.0,1.0
,2026-09-04,TATACOMM.NS,39.65,45.03,0.0,54.9,0.0,0.0,0.3319,45.5,36.8,0.0,0.0,-0.1879,0.0,1.0,1.0,1.0,1.0,0.0,0.0
,2026-09-04,PNB.NS,39.33,32.27,0.0,47.4,0.0,0.0,0.316,37.2,36.2,0.0,0.0,-1.1966,0.0,0.0,1.0,1.0,1.0,1.0,1.0
,2026-09-04,CUMMINSIND.NS,39.28,47.47,0.0,59.1,1.0,0.0,0.3401,53.4,43.4,0.0,0.0,0.0993,1.0,1.0,0.0,1.0,0.0,0.0,0.0
,2026-09-04,CHOLAFIN.NS,39.26,49.85,0.0,55.8,1.0,0.0,0.3369,40.7,37.4,0.0,0.0,-0.8483,0.0,1.0,1.0,0.0,1.0,0.0,0.0
,2026-09-04,IOB.NS,38.44,46.02,0.0,50.9,0.0,0.0,0.3313,34.3,33.5,0.0,0.0,-1.3413,0.0,0.0,1.0,1.0,1.0,1.0,1.0
,2026-09-04,BERGEPAINT.NS,38.0,48.57,0.0,64.5,1.0,0.0,0.4244,47.6,38.5,0.0,0.0,-1.2054,0.0,0.0,1.0,0.0,1.0,1.0,1.0
,2026-09-04,BPCL.NS,37.57,31.0,0.0,53.3,0.0,0.0,0.3142,36.7,43.2,0.0,0.0,-0.8869,0.0,0.0,1.0,1.0,1.0,1.0,1.0
,2026-09-04,MANKIND.NS,36.75,47.06,0.0,47.5,0.0,0.0,0.3366,48.0,40.7,0.0,0.0,-0.8119,0.0,0.0,1.0,1.0,1.0,1.0,1.0
,2026-09-04,IOC.NS,36.53,34.65,0.0,53.6,0.0,0.0,0.3294,41.3,41.8,0.0,0.0,-1.7805,0.0,0.0,1.0,1.0,1.0,1.0,1.0
,2026-09-04,SAIL.NS,36.16,40.91,0.0,49.2,0.0,0.0,0.3229,51.4,48.6,0.0,0.0,-4.5224,0.0,0.0,1.0,1.0,1.0,1.0,1.0
,2026-09-04,GOLDBEES.NS,34.39,25.68,0.0,64.1,1.0,0.0,0.3395,37.4,37.1,0.0,0.0,-1.2503,0.0,0.0,1.0,0.0,1.0,1.0,1.0
,2026-09-04,INDUSINDBK.NS,34.2,33.58,0.0,68.1,1.0,0.0,0.3501,48.9,44.8,0.0,0.0,-1.0412,0.0,0.0,1.0,0.0,1.0,1.0,1.0
,2026-09-04,NMDC.NS,34.1,35.72,0.0,55.8,1.0,0.0,0.3196,46.9,41.1,0.0,0.0,-1.0035,0.0,1.0,1.0,0.0,1.0,0.0,0.0
,2026-09-04,NIFTYBEES.NS,33.74,35.56,0.0,62.5,1.0,0.0,0.3382,31.5,35.5,0.0,0.0,-0.7538,0.0,0.0,1.0,0.0,1.0,1.0,1.0
,2026-09-04,RELIANCE.NS,32.91,33.14,0.0,44.8,0.0,0.0,0.304,46.7,39.2,0.0,0.0,-0.9455,0.0,0.0,1.0,1.0,1.0,1.0,1.0
,2026-09-04,SAPPHIRE.NS,32.59,33.13,0.0,65.5,1.0,0.0,0.3772,59.5,51.7,1.0,0.0,-0.7967,0.0,0.0,1.0,0.0,1.0,0.0,1.0
,2026-09-04,ITC.NS,32.58,26.04,0.0,45.0,0.0,0.0,0.33,56.6,44.5,1.0,0.0,-0.2272,0.0,0.0,1.0,1.0,1.0,0.0,1.0
,2026-09-04,IIFL.NS,32.17,32.09,0.0,65.5,1.0,0.0,0.3304,38.0,41.6,0.0,0.0,0.4454,1.0,0.0,0.0,1.0,0.0,1.0,1.0
,2026-09-04,ONGC.NS,31.95,29.94,0.0,42.7,0.0,0.0,0.2952,45.2,38.2,0.0,0.0,-0.4049,0.0,0.0,1.0,1.0,1.0,1.0,1.0
,2026-09-04,BHARTIARTL.NS,31.76,31.17,0.0,54.2,0.0,0.0,0.3441,32.3,33.3,0.0,0.0,0.7609,1.0,0.0,0.0,0.0,0.0,1.0,1.0
,2026-09-04,INDIGO.NS,28.88,28.41,0.0,62.4,1.0,0.0,0.3369,50.6,53.7,0.0,0.0,0.4621,1.0,0.0,0.0,1.0,0.0,1.0,1.0
,2026-09-04,HINDUNILVR.NS,28.76,23.5,0.0,54.4,0.0,0.0,0.3378,56.4,48.1,1.0,0.0,0.3344,1.0,0.0,0.0,0.0,0.0,0.0,1.0
,2026-09-04,LUPIN.NS,28.61,40.84,0.0,53.2,0.0,0.0,0.3402,41.7,37.2,0.0,0.0,-0.237,0.0,0.0,1.0,1.0,1.0,1.0,1.0
,2026-09-04,SILVERBEES.NS,28.2,27.32,0.0,64.7,1.0,0.0,0.3516,39.9,39.5,0.0,0.0,-1.2658,0.0,0.0,1.0,0.0,1.0,1.0,1.0
,2026-09-04,BRITANNIA.NS,27.97,23.89,0.0,60.9,1.0,0.0,0.3452,60.8,53.7,1.0,0.0,-1.1565,0.0,0.0,1.0,0.0,1.0,0.0,1.0
,2026-09-04,JYOTHYLAB.NS,27.36,21.38,0.0,57.2,1.0,0.0,0.3304,38.6,35.1,0.0,0.0,-3.1954,0.0,0.0,1.0,0.0,1.0,1.0,1.0
,2026-09-04,TORNTPHARM.NS,26.75,18.53,0.0,50.2,0.0,0.0,0.3272,40.2,39.8,0.0,0.0,1.1736,1.0,1.0,0.0,0.0,0.0,0.0,0.0
,2026-09-04,TIINDIA.NS,26.65,19.82,0.0,61.7,1.0,0.0,0.355,42.0,38.0,0.0,0.0,-2.1979,0.0,0.0,1.0,0.0,1.0,1.0,1.0
,2026-09-04,PERSISTENT.NS,25.78,22.81,0.0,50.7,0.0,0.0,0.32,48.6,41.1,0.0,0.0,-1.8253,0.0,0.0,1.0,1.0,1.0,1.0,1.0
,2026-09-04,BANSALWIRE.NS,24.75,32.26,0.0,42.6,0.0,0.0,0.3374,44.0,37.4,0.0,0.0,0.7619,1.0,0.0,0.0,0.0,0.0,1.0,1.0
,2026-09-04,DABUR.NS,24.58,9.23,0.0,55.3,1.0,0.0,0.3628,67.3,52.1,1.0,0.0,-1.4177,0.0,0.0,1.0,0.0,1.0,0.0,1.0
,2026-09-04,NESTLEIND.NS,21.9,9.22,0.0,61.7,1.0,0.0,0.3632,60.9,53.6,1.0,0.0,-0.8862,0.0,0.0,1.0,0.0,1.0,0.0,1.0
,2026-09-04,ZYDUSLIFE.NS,20.95,18.53,0.0,49.7,0.0,0.0,0.325,49.8,39.0,0.0,0.0,3.2946,1.0,1.0,0.0,0.0,0.0,0.0,0.0
,2026-09-04,IRCON.NS,17.3,18.48,0.0,51.5,0.0,0.0,0.3517,54.0,42.8,0.0,0.0,-1.2914,0.0,0.0,1.0,1.0,1.0,1.0,1.0
,2026-09-04,COFORGE.NS,74.77,80.02,1.0,65.8,1.0,1.0,0.3515,49.1,43.3,0.0,0.0,-1.9161,0.0,0.0,0.0,0.0,0.0,1.0,1.0
,2026-09-04,ACC.NS,71.03,92.68,1.0,63.4,1.0,1.0,0.4316,51.8,42.3,0.0,0.0,-1.6358,0.0,0.0,0.0,0.0,0.0,1.0,1.0
,2026-09-04,AFFLE.NS,70.69,72.48,1.0,67.2,1.0,1.0,0.5896,43.9,37.4,0.0,0.0,-0.4392,0.0,0.0,0.0,0.0,0.0,1.0,1.0
,2026-09-04,LT.NS,66.78,83.23,1.0,67.2,1.0,1.0,0.3447,49.3,41.9,0.0,0.0,0.8804,1.0,0.0,1.0,1.0,1.0,1.0,1.0
,2026-09-04,EICHERMOT.NS,65.68,80.78,1.0,70.9,1.0,1.0,0.3736,47.4,43.8,0.0,0.0,1.5333,1.0,1.0,1.0,1.0,1.0,0.0,0.0
,2026-09-04,SONACOMS.NS,54.29,55.47,0.0,67.4,1.0,0.0,0.3413,40.9,35.8,0.0,0.0,-0.1267,0.0,1.0,1.0,0.0,1.0,0.0,0.0
,2026-09-04,ALKEM.NS,54.2,55.28,0.0,68.2,1.0,0.0,0.3421,43.7,35.5,0.0,0.0,-0.1734,0.0,0.0,1.0,0.0,1.0,1.0,1.0
,2026-09-04,BIOCON.NS,53.8,54.39,0.0,64.6,1.0,0.0,0.3389,41.7,33.6,0.0,0.0,-1.5098,0.0,0.0,1.0,0.0,1.0,1.0,1.0
,2026-09-04,TATATECH.NS,49.63,50.29,0.0,64.9,1.0,0.0,0.3233,44.0,38.7,0.0,0.0,-1.8625,0.0,0.0,1.0,0.0,1.0,1.0,1.0
,2026-09-04,BDL.NS,48.74,55.01,0.0,61.1,1.0,0.0,0.3519,41.8,35.4,0.0,0.0,-0.996,0.0,0.0,1.0,0.0,1.0,1.0,1.0
,2026-09-04,NYKAA.NS,46.85,52.34,0.0,58.4,1.0,0.0,0.3172,44.0,35.4,0.0,0.0,2.5564,1.0,1.0,0.0,1.0,0.0,0.0,0.0
,2026-09-04,INDIAMART.NS,46.41,51.36,0.0,58.8,1.0,0.0,0.3341,33.9,31.2,0.0,0.0,-2.427,0.0,0.0,1.0,0.0,1.0,1.0,1.0
,2026-09-04,BANKBARODA.NS,45.83,50.08,0.0,47.8,0.0,0.0,0.3366,33.4,31.2,0.0,0.0,-0.8368,0.0,0.0,1.0,1.0,1.0,1.0,1.0
,2026-09-04,DMART.NS,34.27,37.79,0.0,59.6,1.0,0.0,0.3423,34.2,29.8,0.0,0.0,-1.5915,0.0,0.0,1.0,0.0,1.0,1.0,1.0
,2026-09-04,HDFCAMC.NS,30.39,29.15,0.0,57.2,1.0,0.0,0.3347,42.2,38.1,0.0,0.0,-0.4475,0.0,0.0,1.0,0.0,1.0,1.0,1.0
=======,,,,,,,,,,,,,,,,,,,,,
<<<<<<< HEAD,,,,,,,,,,,,,,,,,,,,,
,2026-09-03,BAJAJFINSV.NS,56.75,53.9,0.0,60.7,1.0,0.0,0.1257,63.9,58.0,1.0,1.0,-0.8333,0.0,0.0,1.0,0.0,1.0,0.0,0.0
,2026-09-03,AARTIIND.NS,45.66,51.46,0.0,58.9,1.0,0.0,0.1349,65.1,57.6,1.0,1.0,-2.0024,0.0,0.0,1.0,0.0,1.0,0.0,0.0
=======,,,,,,,,,,,,,,,,,,,,,
,2026-09-03,UBL.NS,45.87,51.94,0.0,59.1,1.0,0.0,0.1213,50.8,45.2,0.0,0.0,-0.3738,0.0,0.0,1.0,0.0,1.0,1.0,1.0
,2026-09-03,JINDALSTEL.NS,60.01,58.75,0.0,50.7,0.0,0.0,0.1126,44.4,40.3,0.0,0.0,1.7467,1.0,1.0,0.0,0.0,0.0,0.0,0.0
,2026-09-03,IEX.NS,59.88,80.68,0.0,64.4,1.0,0.0,0.1126,56.3,51.1,1.0,0.0,-0.2014,0.0,0.0,1.0,0.0,1.0,0.0,1.0
,2026-09-03,TIINDIA.NS,21.42,19.82,0.0,58.9,1.0,0.0,0.0848,41.2,39.1,0.0,0.0,-1.3673,0.0,0.0,1.0,0.0,1.0,1.0,1.0
,2026-09-03,TATATECH.NS,51.64,51.49,0.0,60.5,1.0,0.0,0.0807,45.5,44.7,0.0,0.0,-0.6335,0.0,0.0,1.0,0.0,1.0,1.0,1.0
>>>>>>> 0035fbf6d3e958659ff10d7289d46caf9734d327,,,,,,,,,,,,,,,,,,,,,
>>>>>>> e2d5c152f69c6a6a41f22675b348757a446fb102,,,,,,,,,,,,,,,,,,,,,
,2026-09-04,JIOFIN.NS,77.21,86.44,1.0,59.5,1.0,1.0,0.3657,35.2,35.4,0.0,0.0,-2.6514,0.0,0.0,0.0,0.0,0.0,1.0,1.0
,2026-09-04,BLUESTARCO.NS,77.02,86.03,1.0,53.6,0.0,0.0,0.3443,27.4,30.7,0.0,0.0,-1.5566,0.0,1.0,0.0,1.0,1.0,0.0,0.0
,2026-09-04,TECHM.NS,76.78,83.98,1.0,61.6,1.0,1.0,0.3339,45.2,39.1,0.0,0.0,-2.0602,0.0,0.0,0.0,0.0,0.0,1.0,1.0
,2026-09-04,SUZLON.NS,74.26,85.44,1.0,62.4,1.0,1.0,0.3602,31.9,32.6,0.0,0.0,0.441,1.0,1.0,1.0,1.0,1.0,0.0,0.0
,2026-09-04,TATASTEEL.NS,73.83,74.28,1.0,57.0,1.0,1.0,0.3536,33.2,31.2,0.0,0.0,-1.6844,0.0,0.0,0.0,0.0,0.0,1.0,1.0
,2026-09-04,ADANIPORTS.NS,73.45,75.63,1.0,42.2,0.0,0.0,0.3334,25.3,27.3,0.0,0.0,0.1581,1.0,1.0,1.0,0.0,0.0,0.0,0.0
,2026-09-04,IRCTC.NS,73.19,77.51,1.0,68.4,1.0,1.0,0.3637,41.8,40.7,0.0,0.0,-0.7562,0.0,0.0,0.0,0.0,0.0,1.0,1.0
,2026-09-04,HEROMOTOCO.NS,72.82,87.95,1.0,50.5,0.0,0.0,0.497,50.1,45.3,0.0,0.0,-0.566,0.0,0.0,0.0,1.0,1.0,1.0,1.0
,2026-09-04,ABB.NS,72.41,75.12,1.0,61.0,1.0,1.0,0.3356,41.6,38.6,0.0,0.0,-0.3104,0.0,0.0,0.0,0.0,0.0,1.0,1.0
,2026-09-04,MUTHOOTFIN.NS,72.31,79.67,1.0,60.2,1.0,1.0,0.3476,39.5,39.5,0.0,0.0,-1.16,0.0,0.0,0.0,0.0,0.0,1.0,1.0
,2026-09-04,SOLARINDS.NS,72.3,78.04,1.0,55.8,1.0,1.0,0.3445,49.9,46.7,0.0,0.0,2.3549,1.0,1.0,1.0,1.0,1.0,0.0,0.0
,2026-09-04,TORNTPOWER.NS,71.96,71.37,1.0,49.1,0.0,0.0,0.3593,36.4,33.1,0.0,0.0,-2.2246,0.0,0.0,0.0,1.0,1.0,1.0,1.0
,2026-09-04,MANAPPURAM.NS,71.94,85.3,1.0,56.4,1.0,1.0,0.3538,32.4,34.1,0.0,0.0,-4.1507,0.0,0.0,0.0,0.0,0.0,1.0,1.0
,2026-09-04,PAYTM.NS,71.91,73.22,1.0,68.1,1.0,1.0,0.452,50.6,49.9,0.0,0.0,0.6327,1.0,1.0,1.0,1.0,1.0,0.0,0.0
,2026-09-04,VBL.NS,71.29,76.54,1.0,52.6,0.0,0.0,0.3589,32.8,33.4,0.0,0.0,-0.4048,0.0,0.0,0.0,1.0,1.0,1.0,1.0
,2026-09-04,MTAR.NS,70.73,72.06,1.0,58.5,1.0,1.0,0.3599,23.1,28.4,0.0,0.0,,,,,,,,
,2026-09-04,TITAN.NS,70.25,79.61,1.0,65.1,1.0,1.0,0.3125,44.8,45.9,0.0,0.0,-0.498,0.0,0.0,0.0,0.0,0.0,1.0,1.0
,2026-09-04,OIL.NS,70.18,75.1,1.0,40.9,0.0,0.0,0.3177,35.2,32.9,0.0,0.0,-0.2662,0.0,1.0,0.0,1.0,1.0,0.0,0.0
,2026-09-04,ABBOTINDIA.NS,70.01,70.34,1.0,52.2,0.0,0.0,0.3362,31.2,32.6,0.0,0.0,-1.9566,0.0,,0.0,1.0,1.0,,
,2026-09-04,RVNL.NS,69.92,76.43,1.0,68.0,1.0,1.0,0.3566,50.0,45.0,0.0,0.0,-2.3483,0.0,0.0,0.0,0.0,0.0,1.0,1.0
,2026-09-04,ADANIENSOL.NS,69.51,66.28,0.0,64.2,1.0,0.0,0.9057,52.5,49.7,0.0,0.0,-1.3621,0.0,1.0,1.0,0.0,1.0,0.0,0.0
,2026-09-04,ETERNAL.NS,69.4,88.53,1.0,58.9,1.0,1.0,0.4086,48.5,41.0,0.0,0.0,-0.3563,0.0,0.0,0.0,0.0,0.0,1.0,1.0
,2026-09-04,TATAMOTORS.NS,69.29,88.3,1.0,56.4,1.0,1.0,0.4447,43.0,38.6,0.0,0.0,,,,,,,,
,2026-09-04,BHARATFORG.NS,69.21,79.24,1.0,65.1,1.0,1.0,0.3428,32.5,34.0,0.0,0.0,-0.0511,0.0,1.0,0.0,0.0,0.0,0.0,0.0
,2026-09-04,BALKRISIND.NS,68.22,84.42,1.0,54.0,0.0,0.0,0.3121,34.9,34.8,0.0,0.0,-1.1643,0.0,,0.0,1.0,1.0,,
,2026-09-04,COALINDIA.NS,67.73,58.68,0.0,49.5,0.0,0.0,0.3604,45.2,45.2,0.0,0.0,0.8427,1.0,1.0,0.0,0.0,0.0,0.0,0.0
,2026-09-04,COCHINSHIP.NS,67.43,82.29,1.0,71.3,1.0,1.0,0.3404,52.2,48.3,0.0,0.0,0.487,1.0,1.0,1.0,1.0,1.0,0.0,0.0
,2026-09-04,DEVYANI.NS,67.39,72.47,1.0,64.1,1.0,1.0,0.4084,51.4,47.7,0.0,0.0,-0.9262,0.0,0.0,0.0,0.0,0.0,1.0,1.0
,2026-09-04,NAM-INDIA.NS,67.05,59.93,0.0,58.3,1.0,0.0,0.3446,30.8,31.9,0.0,0.0,3.0261,1.0,1.0,0.0,1.0,0.0,0.0,0.0
,2026-09-04,LAURUSLABS.NS,66.69,79.12,1.0,66.3,1.0,1.0,0.3069,47.8,45.0,0.0,0.0,5.8098,1.0,1.0,1.0,1.0,1.0,0.0,0.0
,2026-09-04,HUDCO.NS,66.47,78.62,1.0,67.1,1.0,1.0,0.3573,51.1,48.4,0.0,0.0,-0.7091,0.0,0.0,0.0,0.0,0.0,1.0,1.0
,2026-09-04,SKFINDIA.NS,66.21,63.18,0.0,61.2,1.0,0.0,0.3382,35.2,33.9,0.0,0.0,-0.4249,0.0,0.0,1.0,0.0,1.0,1.0,1.0
,2026-09-04,HAL.NS,66.18,58.74,0.0,62.6,1.0,0.0,0.347,39.7,47.8,0.0,0.0,3.6059,1.0,,0.0,1.0,0.0,,
,2026-09-04,DELTACORP.NS,66.12,81.25,1.0,73.0,1.0,1.0,0.3483,47.3,44.4,0.0,0.0,0.1426,1.0,0.0,1.0,1.0,1.0,1.0,1.0
,2026-09-04,MAZDOCK.NS,66.08,60.31,0.0,64.0,1.0,0.0,0.3415,48.0,52.3,0.0,0.0,-0.3475,0.0,0.0,1.0,0.0,1.0,1.0,1.0
,2026-09-04,HCLTECH.NS,65.95,54.53,0.0,52.3,0.0,0.0,0.3063,35.1,38.0,0.0,0.0,-0.8195,0.0,0.0,1.0,1.0,1.0,1.0,1.0
,2026-09-04,BEL.NS,65.95,57.86,0.0,61.1,1.0,0.0,0.3282,39.1,39.2,0.0,0.0,-0.333,0.0,1.0,1.0,0.0,1.0,0.0,0.0
,2026-09-04,VOLTAS.NS,65.93,80.82,1.0,61.9,1.0,1.0,0.3524,45.8,41.6,0.0,0.0,-0.2393,0.0,0.0,0.0,0.0,0.0,1.0,1.0
,2026-09-04,WIPRO.NS,65.9,54.42,0.0,65.3,1.0,0.0,0.3456,52.2,50.0,0.0,0.0,-2.0408,0.0,0.0,1.0,0.0,1.0,1.0,1.0
,2026-09-04,GRSE.NS,65.89,60.31,0.0,66.6,1.0,0.0,0.3444,58.6,56.8,1.0,1.0,-0.2961,0.0,0.0,1.0,0.0,1.0,0.0,0.0
,2026-09-04,IEX.NS,65.86,80.67,1.0,71.9,1.0,1.0,0.3408,50.0,45.2,0.0,0.0,-1.1858,0.0,0.0,0.0,0.0,0.0,1.0,1.0
,2026-09-04,TCS.NS,65.85,54.3,0.0,59.6,1.0,0.0,0.3123,42.8,40.4,0.0,0.0,-1.4757,0.0,0.0,1.0,0.0,1.0,1.0,1.0
,2026-09-04,NAVINFLUOR.NS,65.83,59.65,0.0,58.1,1.0,0.0,0.3242,41.3,39.7,0.0,0.0,0.5375,1.0,1.0,0.0,1.0,0.0,0.0,0.0
,2026-09-04,OLAELEC.NS,65.59,80.07,1.0,69.8,1.0,1.0,0.3286,43.3,41.4,0.0,0.0,-0.6283,0.0,0.0,0.0,0.0,0.0,1.0,1.0
,2026-09-04,INFY.NS,65.53,54.21,0.0,52.8,0.0,0.0,0.3019,38.1,38.6,0.0,0.0,-3.7611,0.0,0.0,1.0,1.0,1.0,1.0,1.0
,2026-09-04,VEDL.NS,65.28,60.92,0.0,60.7,1.0,0.0,0.3416,30.8,33.1,0.0,0.0,-1.5068,0.0,1.0,1.0,0.0,1.0,0.0,0.0
,2026-09-04,DIXON.NS,65.21,54.3,0.0,52.8,0.0,0.0,0.2994,32.2,35.8,0.0,0.0,-0.4213,0.0,0.0,1.0,1.0,1.0,1.0,1.0
,2026-09-04,ULTRACEMCO.NS,65.07,60.45,0.0,58.1,1.0,0.0,0.3366,32.2,32.9,0.0,0.0,-2.0424,0.0,0.0,1.0,0.0,1.0,1.0,1.0
,2026-09-04,TMCV.NS,65.06,64.85,0.0,65.0,1.0,0.0,0.3558,48.4,45.3,0.0,0.0,0.3165,1.0,0.0,0.0,1.0,0.0,1.0,1.0
,2026-09-04,KPIL.NS,64.94,78.63,0.0,59.2,1.0,0.0,0.3192,40.1,35.2,0.0,0.0,-0.6469,0.0,1.0,1.0,0.0,1.0,0.0,0.0
,2026-09-04,PRESTIGE.NS,64.6,57.02,0.0,53.8,0.0,0.0,0.3627,28.3,30.1,0.0,0.0,-2.3314,0.0,0.0,1.0,1.0,1.0,1.0,1.0
,2026-09-04,APOLLOHOSP.NS,64.4,82.5,0.0,68.7,1.0,0.0,0.3315,40.9,40.3,0.0,0.0,2.1676,1.0,,0.0,1.0,0.0,,
,2026-09-04,BSE.NS,64.32,55.23,0.0,64.2,1.0,0.0,0.3514,43.0,36.1,0.0,0.0,-0.4634,0.0,0.0,1.0,0.0,1.0,1.0,1.0
,2026-09-04,NTPC.NS,64.22,53.46,0.0,53.3,0.0,0.0,0.3286,31.1,33.9,0.0,0.0,-0.1504,0.0,1.0,1.0,1.0,1.0,0.0,0.0
,2026-09-04,RADICO.NS,64.03,76.62,0.0,66.5,1.0,0.0,0.3279,48.5,42.3,0.0,0.0,-1.1126,0.0,0.0,1.0,0.0,1.0,1.0,1.0
,2026-09-04,MRF.NS,63.85,55.26,0.0,60.3,1.0,0.0,0.323,29.9,28.5,0.0,0.0,-0.8119,0.0,0.0,1.0,0.0,1.0,1.0,1.0
,2026-09-04,MGL.NS,63.62,78.86,0.0,67.7,1.0,0.0,0.3438,45.8,45.7,0.0,0.0,0.6019,1.0,,0.0,1.0,0.0,,
,2026-09-04,DATAPATTNS.NS,63.56,57.92,0.0,54.6,0.0,0.0,0.3438,32.1,34.1,0.0,0.0,7.5747,1.0,,0.0,0.0,0.0,,
,2026-09-04,TATAPOWER.NS,63.4,56.24,0.0,48.2,0.0,0.0,0.4052,36.1,36.1,0.0,0.0,-0.625,0.0,1.0,1.0,1.0,1.0,0.0,0.0
,2026-09-04,KOTAKBANK.NS,63.37,55.08,0.0,47.2,0.0,0.0,0.3079,27.5,35.7,0.0,0.0,-0.5654,0.0,0.0,1.0,1.0,1.0,1.0,1.0
,2026-09-04,SBIN.NS,63.18,53.09,0.0,65.3,1.0,0.0,0.3399,37.1,46.3,0.0,0.0,-1.0038,0.0,0.0,1.0,0.0,1.0,1.0,1.0
,2026-09-04,SIEMENS.NS,63.11,53.67,0.0,56.4,1.0,0.0,0.3056,35.7,36.2,0.0,0.0,-1.2572,0.0,0.0,1.0,0.0,1.0,1.0,1.0
,2026-09-04,BRIGADE.NS,63.11,55.0,0.0,60.6,1.0,0.0,0.3258,37.1,40.4,0.0,0.0,-1.3073,0.0,,1.0,0.0,1.0,,
,2026-09-04,ADANIGREEN.NS,63.0,85.94,0.0,42.9,0.0,0.0,0.3426,30.2,30.9,0.0,0.0,-1.0221,0.0,1.0,1.0,1.0,1.0,0.0,0.0
,2026-09-04,HOMEFIRST.NS,62.98,60.3,0.0,41.5,0.0,0.0,0.3088,22.8,25.4,0.0,0.0,2.2312,1.0,,0.0,0.0,0.0,,
,2026-09-04,BAJFINANCE.NS,62.8,57.6,0.0,59.3,1.0,0.0,0.3362,40.2,40.0,0.0,0.0,-0.0471,0.0,0.0,1.0,0.0,1.0,1.0,1.0
,2026-09-04,BHEL.NS,62.79,67.31,0.0,59.0,1.0,0.0,0.322,33.7,33.5,0.0,0.0,-2.2385,0.0,1.0,1.0,0.0,1.0,0.0,0.0
,2026-09-04,ASIANPAINT.NS,62.71,52.72,0.0,63.1,1.0,0.0,0.3455,39.2,34.8,0.0,0.0,-1.0446,0.0,0.0,1.0,0.0,1.0,1.0,1.0
,2026-09-04,LICI.NS,62.68,55.48,0.0,59.1,1.0,0.0,0.3279,27.9,31.0,0.0,0.0,-0.9269,0.0,0.0,1.0,0.0,1.0,1.0,1.0
,2026-09-04,MARUTI.NS,62.65,58.62,0.0,66.5,1.0,0.0,0.3921,52.5,55.7,0.0,1.0,0.5199,1.0,0.0,0.0,1.0,0.0,1.0,0.0
,2026-09-04,AMBUJACEM.NS,62.53,56.62,0.0,52.9,0.0,0.0,0.3504,31.8,32.2,0.0,0.0,-1.5802,0.0,0.0,1.0,1.0,1.0,1.0,1.0
,2026-09-04,JPPOWER.NS,62.46,73.12,0.0,67.1,1.0,0.0,0.3451,45.7,40.9,0.0,0.0,3.0694,1.0,1.0,0.0,1.0,0.0,0.0,0.0
,2026-09-04,AXISBANK.NS,61.54,53.52,0.0,60.9,1.0,0.0,0.2985,22.6,31.3,0.0,0.0,-2.2074,0.0,0.0,1.0,0.0,1.0,1.0,1.0
,2026-09-04,HAVELLS.NS,61.51,64.43,0.0,67.0,1.0,0.0,0.3491,52.7,48.2,0.0,0.0,-1.2132,0.0,,1.0,0.0,1.0,,
,2026-09-04,CAMS.NS,61.47,69.41,0.0,67.7,1.0,0.0,0.3691,40.4,37.8,0.0,0.0,-2.5775,0.0,0.0,1.0,0.0,1.0,1.0,1.0
,2026-09-04,NAUKRI.NS,61.06,62.38,0.0,54.4,0.0,0.0,0.314,30.8,38.4,0.0,0.0,-1.3108,0.0,0.0,1.0,1.0,1.0,1.0,1.0
,2026-09-04,HINDCOPPER.NS,60.59,51.91,0.0,61.6,1.0,0.0,0.3961,39.1,36.5,0.0,0.0,-2.4058,0.0,1.0,1.0,0.0,1.0,0.0,0.0
,2026-09-04,ICICIBANK.NS,60.35,51.53,0.0,61.7,1.0,0.0,0.3111,35.3,38.8,0.0,0.0,0.3021,1.0,0.0,0.0,1.0,0.0,1.0,1.0
,2026-09-04,M&M.NS,60.29,52.88,0.0,64.7,1.0,0.0,0.4281,55.0,56.1,0.0,1.0,-0.3155,0.0,0.0,1.0,0.0,1.0,1.0,0.0
,2026-09-04,HDFCBANK.NS,60.21,51.97,0.0,64.3,1.0,0.0,0.3414,55.8,49.0,1.0,0.0,-0.2247,0.0,0.0,1.0,0.0,1.0,0.0,1.0
,2026-09-04,FIVESTAR.NS,60.11,67.89,0.0,61.9,1.0,0.0,0.3404,36.9,34.5,0.0,0.0,0.2103,1.0,,0.0,1.0,0.0,,
,2026-09-04,AUROPHARMA.NS,60.06,54.79,0.0,61.3,1.0,0.0,0.3134,25.1,29.3,0.0,0.0,2.3532,1.0,1.0,0.0,1.0,0.0,0.0,0.0
,2026-09-04,MPHASIS.NS,59.77,53.87,0.0,53.0,0.0,0.0,0.3087,37.8,38.5,0.0,0.0,-2.7663,0.0,0.0,1.0,1.0,1.0,1.0,1.0
,2026-09-04,WESTLIFE.NS,59.43,66.4,0.0,70.8,1.0,0.0,0.4055,56.9,47.9,1.0,0.0,1.4418,1.0,,0.0,1.0,0.0,,
,2026-09-04,JUBLFOOD.NS,59.39,66.29,0.0,64.6,1.0,0.0,0.3242,53.6,46.1,0.0,0.0,-1.5123,0.0,0.0,1.0,0.0,1.0,1.0,1.0
,2026-09-04,IGL.NS,59.36,62.15,0.0,65.1,1.0,0.0,0.3384,36.5,36.2,0.0,0.0,-2.5437,0.0,,1.0,0.0,1.0,,
,2026-09-04,TIMKEN.NS,59.21,50.24,0.0,52.3,0.0,0.0,0.3312,23.1,26.3,0.0,0.0,-0.8511,0.0,1.0,1.0,1.0,1.0,0.0,0.0
,2026-09-04,GODREJCP.NS,58.86,52.14,0.0,51.1,0.0,0.0,0.3396,20.8,24.9,0.0,0.0,-1.8337,0.0,0.0,1.0,1.0,1.0,1.0,1.0
,2026-09-04,EIHOTEL.NS,58.83,63.54,0.0,59.6,1.0,0.0,0.3355,39.3,38.3,0.0,0.0,0.7194,1.0,0.0,0.0,1.0,0.0,1.0,1.0
,2026-09-04,HINDALCO.NS,58.24,74.31,0.0,66.4,1.0,0.0,0.3425,36.3,40.5,0.0,0.0,-0.1978,0.0,1.0,1.0,0.0,1.0,0.0,0.0
,2026-09-04,POWERGRID.NS,58.05,54.12,0.0,50.0,0.0,0.0,0.3232,32.8,31.2,0.0,0.0,-0.094,0.0,1.0,1.0,1.0,1.0,0.0,0.0
,2026-09-04,MASTEK.NS,57.94,50.07,0.0,48.7,0.0,0.0,0.3318,25.5,29.2,0.0,0.0,-4.5801,0.0,0.0,1.0,1.0,1.0,1.0,1.0
,2026-09-04,SYNGENE.NS,57.61,59.76,0.0,61.3,1.0,0.0,0.3358,36.9,35.9,0.0,0.0,-1.5925,0.0,0.0,1.0,0.0,1.0,1.0,1.0
,2026-09-04,NH.NS,57.41,61.9,0.0,54.7,0.0,0.0,0.3195,37.4,33.6,0.0,0.0,2.0931,1.0,,0.0,0.0,0.0,,
,2026-09-04,INDHOTEL.NS,57.36,60.28,0.0,55.5,1.0,0.0,0.309,38.1,38.0,0.0,0.0,-0.5278,0.0,1.0,1.0,0.0,1.0,0.0,0.0
,2026-09-04,JSWSTEEL.NS,57.36,60.28,0.0,60.7,1.0,0.0,0.3185,36.6,34.9,0.0,0.0,-1.7358,0.0,0.0,1.0,0.0,1.0,1.0,1.0
,2026-09-04,UTIAMC.NS,57.23,60.0,0.0,58.7,1.0,0.0,0.3398,37.7,39.1,0.0,0.0,1.0675,1.0,1.0,0.0,1.0,0.0,0.0,0.0
,2026-09-04,HDFCLIFE.NS,57.11,58.65,0.0,67.7,1.0,0.0,0.3437,42.4,42.0,0.0,0.0,-2.4158,0.0,0.0,1.0,0.0,1.0,1.0,1.0
,2026-09-04,POLICYBZR.NS,56.96,60.9,0.0,57.2,1.0,0.0,0.3246,47.8,43.9,0.0,0.0,-0.5447,0.0,,1.0,0.0,1.0,,
,2026-09-04,VINATIORGA.NS,56.86,59.18,0.0,63.3,1.0,0.0,0.3288,34.4,39.5,0.0,0.0,-0.9003,0.0,1.0,1.0,0.0,1.0,0.0,0.0
,2026-09-04,BALAMINES.NS,56.85,59.15,0.0,51.7,0.0,0.0,0.3156,34.8,37.1,0.0,0.0,1.6474,1.0,0.0,0.0,0.0,0.0,1.0,1.0
,2026-09-04,L&T.NS,56.83,52.97,0.0,59.3,1.0,0.0,0.3631,28.4,33.0,0.0,0.0,,,,,,,,
,2026-09-04,ADANIPOWER.NS,56.45,56.35,0.0,42.8,0.0,0.0,0.2873,30.3,32.3,0.0,0.0,-1.3079,0.0,1.0,1.0,1.0,1.0,0.0,0.0
,2026-09-04,LODHA.NS,55.81,58.34,0.0,56.4,1.0,0.0,0.3222,40.8,38.0,0.0,0.0,-0.8183,0.0,,1.0,0.0,1.0,,
,2026-09-04,IDEA.NS,55.8,64.5,0.0,57.5,1.0,0.0,0.3494,46.0,45.5,0.0,0.0,3.8615,1.0,1.0,0.0,1.0,0.0,0.0,0.0
,2026-09-04,MOTHERSON.NS,55.45,62.61,0.0,73.0,1.0,0.0,0.3304,43.5,40.2,0.0,0.0,0.809,1.0,1.0,0.0,1.0,0.0,0.0,0.0
,2026-09-04,SOBHA.NS,55.35,57.31,0.0,62.4,1.0,0.0,0.3569,43.1,37.9,0.0,0.0,-1.084,0.0,0.0,1.0,0.0,1.0,1.0,1.0
,2026-09-04,LTM.NS,55.35,53.9,0.0,60.1,1.0,0.0,0.2973,40.1,36.7,0.0,0.0,-2.3276,0.0,0.0,1.0,0.0,1.0,1.0,1.0
,2026-09-04,KIMS.NS,55.17,55.41,0.0,64.1,1.0,0.0,0.3451,39.5,35.1,0.0,0.0,0.0524,1.0,,0.0,1.0,0.0,,
,2026-09-04,MMTC.NS,55.13,59.99,0.0,65.8,1.0,0.0,0.3387,46.7,45.4,0.0,0.0,-0.5609,0.0,0.0,1.0,0.0,1.0,1.0,1.0
,2026-09-04,AJANTPHARM.NS,54.94,56.4,0.0,67.0,1.0,0.0,0.342,38.4,36.3,0.0,0.0,3.3047,1.0,,0.0,1.0,0.0,,
,2026-09-04,CCLPROD.NS,54.87,53.68,0.0,58.0,1.0,0.0,0.3567,26.9,29.9,0.0,0.0,,,,,,,,
,2026-09-04,COLPAL.NS,54.82,51.1,0.0,53.8,0.0,0.0,0.3385,23.3,28.1,0.0,0.0,-0.8583,0.0,0.0,1.0,1.0,1.0,1.0,1.0
,2026-09-04,BOSCHLTD.NS,54.59,55.64,0.0,68.6,1.0,0.0,0.3299,44.9,40.5,0.0,0.0,2.5737,1.0,1.0,0.0,1.0,0.0,0.0,0.0
,2026-09-04,FORTIS.NS,54.57,55.59,0.0,46.9,0.0,0.0,0.3291,32.4,31.6,0.0,0.0,0.3315,1.0,0.0,0.0,0.0,0.0,1.0,1.0
,2026-09-04,DRREDDY.NS,54.42,55.25,0.0,59.3,1.0,0.0,0.3372,33.9,33.7,0.0,0.0,-0.5908,0.0,0.0,1.0,0.0,1.0,1.0,1.0
,2026-09-04,BLS.NS,54.39,55.19,0.0,66.2,1.0,0.0,0.4251,42.3,37.7,0.0,0.0,0.1591,1.0,0.0,0.0,1.0,0.0,1.0,1.0
,2026-09-04,BIKAJI.NS,54.16,51.13,0.0,61.6,1.0,0.0,0.3945,34.0,31.4,0.0,0.0,-0.0856,0.0,,1.0,0.0,1.0,,
,2026-09-04,UPL.NS,54.13,54.6,0.0,46.5,0.0,0.0,0.3261,26.8,28.1,0.0,0.0,-1.5718,0.0,0.0,1.0,1.0,1.0,1.0,1.0
,2026-09-04,SHREECEM.NS,54.05,56.24,0.0,49.8,0.0,0.0,0.3375,37.8,35.7,0.0,0.0,-2.0541,0.0,0.0,1.0,1.0,1.0,1.0,1.0
,2026-09-04,ATGL.NS,54.03,52.23,0.0,58.1,1.0,0.0,0.3471,43.5,35.9,0.0,0.0,-0.4817,0.0,,1.0,0.0,1.0,,
,2026-09-04,BAJAJFINSV.NS,53.95,54.2,0.0,62.3,1.0,0.0,0.3178,36.6,35.5,0.0,0.0,-1.5939,0.0,0.0,1.0,0.0,1.0,1.0,1.0
,2026-09-04,BAJAJ-AUTO.NS,53.71,53.4,0.0,54.9,0.0,0.0,0.3095,35.5,34.8,0.0,0.0,-0.9984,0.0,0.0,1.0,1.0,1.0,1.0,1.0
,2026-09-04,TMPV.NS,53.46,53.12,0.0,55.2,1.0,0.0,0.3381,30.0,31.0,0.0,0.0,-1.4446,0.0,0.0,1.0,0.0,1.0,1.0,1.0
,2026-09-04,NHPC.NS,52.84,62.31,0.0,68.9,1.0,0.0,0.3415,36.8,39.8,0.0,0.0,-0.3279,0.0,1.0,1.0,0.0,1.0,0.0,0.0
,2026-09-04,BAJAJHLDNG.NS,52.26,56.62,0.0,71.7,1.0,0.0,0.3406,46.2,42.9,0.0,0.0,-1.8455,0.0,0.0,1.0,0.0,1.0,1.0,1.0
,2026-09-04,SCHAEFFLER.NS,52.15,56.39,0.0,67.6,1.0,0.0,0.3395,44.3,41.6,0.0,0.0,-0.0455,0.0,,1.0,0.0,1.0,,
,2026-09-04,NBCC.NS,51.84,60.07,0.0,60.5,1.0,0.0,0.3537,36.6,36.4,0.0,0.0,-0.6928,0.0,0.0,1.0,0.0,1.0,1.0,1.0
,2026-09-04,TATACONSUM.NS,51.81,54.51,0.0,67.8,1.0,0.0,0.3454,44.9,39.5,0.0,0.0,0.495,1.0,0.0,0.0,1.0,0.0,1.0,1.0
,2026-09-04,DLF.NS,51.77,52.53,0.0,60.1,1.0,0.0,0.3149,34.0,37.7,0.0,0.0,-0.9972,0.0,0.0,1.0,0.0,1.0,1.0,1.0
,2026-09-04,LTIM.NS,51.77,52.53,0.0,57.6,1.0,0.0,0.3536,30.5,35.2,0.0,0.0,,,,,,,,
,2026-09-04,OBEROIRLTY.NS,51.32,52.47,0.0,57.5,1.0,0.0,0.3207,32.1,32.9,0.0,0.0,-1.4982,0.0,0.0,1.0,0.0,1.0,1.0,1.0
,2026-09-04,ANGELONE.NS,51.28,52.07,0.0,70.2,1.0,0.0,0.3368,46.4,44.4,0.0,0.0,-0.6004,0.0,0.0,1.0,0.0,1.0,1.0,1.0
,2026-09-04,GODREJPROP.NS,51.27,52.48,0.0,66.7,1.0,0.0,0.3349,47.7,46.3,0.0,0.0,-3.0172,0.0,0.0,1.0,0.0,1.0,1.0,1.0
,2026-09-04,IRFC.NS,51.26,50.04,0.0,58.3,1.0,0.0,0.3536,46.1,39.5,0.0,0.0,-1.6787,0.0,0.0,1.0,0.0,1.0,1.0,1.0
,2026-09-04,PHOENIXLTD.NS,50.94,52.58,0.0,49.4,0.0,0.0,0.3221,24.7,30.6,0.0,0.0,-1.9053,0.0,0.0,1.0,1.0,1.0,1.0,1.0
,2026-09-04,ABCAPITAL.NS,50.37,51.32,0.0,58.3,1.0,0.0,0.3395,40.2,36.5,0.0,0.0,-1.9634,0.0,,1.0,0.0,1.0,,
,2026-09-04,SHYAMMETL.NS,50.29,51.14,0.0,63.2,1.0,0.0,0.3204,44.8,45.9,0.0,0.0,1.5958,1.0,1.0,0.0,1.0,0.0,0.0,0.0
,2026-09-04,PAGEIND.NS,50.11,50.73,0.0,48.9,0.0,0.0,0.3374,29.5,36.1,0.0,0.0,-1.3085,0.0,0.0,1.0,1.0,1.0,1.0,1.0
,2026-09-04,PIDILITIND.NS,49.86,50.17,0.0,68.0,1.0,0.0,0.3207,38.1,38.3,0.0,0.0,-3.3446,0.0,0.0,1.0,0.0,1.0,1.0,1.0
,2026-09-04,NATIONALUM.NS,49.78,50.01,0.0,67.1,1.0,0.0,0.4088,47.1,40.1,0.0,0.0,-2.1919,0.0,1.0,1.0,0.0,1.0,0.0,0.0
,2026-09-04,PNCINFRA.NS,49.77,49.98,0.0,56.1,1.0,0.0,1.0684,45.2,40.4,0.0,0.0,-3.304,0.0,0.0,1.0,0.0,1.0,1.0,1.0
,2026-09-04,CESC.NS,49.27,48.87,0.0,62.0,1.0,0.0,0.3435,43.3,38.4,0.0,0.0,-0.3072,0.0,1.0,1.0,0.0,1.0,0.0,0.0
,2026-09-04,GAIL.NS,49.27,49.92,0.0,56.4,1.0,0.0,0.3145,36.5,39.0,0.0,0.0,1.4994,1.0,1.0,0.0,1.0,0.0,0.0,0.0
,2026-09-04,SUNPHARMA.NS,47.85,52.63,0.0,59.5,1.0,0.0,0.2998,50.5,47.5,0.0,0.0,-0.2106,0.0,0.0,1.0,0.0,1.0,1.0,1.0
,2026-09-04,HINDZINC.NS,47.34,45.94,0.0,63.4,1.0,0.0,0.327,42.3,45.1,0.0,0.0,-1.9717,0.0,1.0,1.0,0.0,1.0,0.0,0.0
,2026-09-04,TATAELXSI.NS,46.89,51.66,0.0,56.0,1.0,0.0,0.3267,28.0,29.4,0.0,0.0,-1.7144,0.0,0.0,1.0,0.0,1.0,1.0,1.0
,2026-09-04,DEEPAKNTR.NS,46.71,51.25,0.0,56.7,1.0,0.0,0.3143,28.4,31.1,0.0,0.0,-3.7725,0.0,0.0,1.0,0.0,1.0,1.0,1.0
,2026-09-04,UBL.NS,46.68,51.18,0.0,57.6,1.0,0.0,0.3588,32.6,33.2,0.0,0.0,-2.1025,0.0,,1.0,0.0,1.0,,
,2026-09-04,AMBER.NS,46.51,50.81,0.0,60.1,1.0,0.0,0.3182,33.0,35.5,0.0,0.0,-2.221,0.0,0.0,1.0,0.0,1.0,1.0,1.0
,2026-09-04,SHRIRAMFIN.NS,46.47,50.73,0.0,66.1,1.0,0.0,0.4182,46.4,40.1,0.0,0.0,-0.3842,0.0,0.0,1.0,0.0,1.0,1.0,1.0
,2026-09-04,APLAPOLLO.NS,46.33,50.41,0.0,53.3,0.0,0.0,0.3213,35.1,34.8,0.0,0.0,-1.5556,0.0,0.0,1.0,1.0,1.0,1.0,1.0
,2026-09-04,SJVN.NS,46.24,68.15,0.0,63.5,1.0,0.0,0.3617,42.5,40.5,0.0,0.0,0.9811,1.0,1.0,0.0,1.0,0.0,0.0,0.0
,2026-09-04,KAYNES.NS,43.76,49.76,0.0,64.9,1.0,0.0,0.4134,38.6,37.1,0.0,0.0,0.3335,1.0,0.0,0.0,1.0,0.0,1.0,1.0
,2026-09-04,CIPLA.NS,43.73,49.7,0.0,51.2,0.0,0.0,0.33,30.0,31.5,0.0,0.0,-0.0722,0.0,0.0,1.0,1.0,1.0,1.0,1.0
,2026-09-04,SUNTV.NS,43.1,39.28,0.0,64.4,1.0,0.0,0.3298,45.9,47.5,0.0,0.0,-3.6951,0.0,,1.0,0.0,1.0,,
,2026-09-04,ADANIENT.NS,42.83,43.96,0.0,52.2,0.0,0.0,0.3308,28.9,35.6,0.0,0.0,0.4084,1.0,1.0,0.0,0.0,0.0,0.0,0.0
,2026-09-04,ALKYLAMINE.NS,40.7,50.38,0.0,60.3,1.0,0.0,0.3371,55.9,42.8,1.0,0.0,-2.484,0.0,,1.0,0.0,1.0,,
,2026-09-04,YESBANK.NS,39.68,44.12,0.0,58.8,1.0,0.0,0.3236,50.2,47.9,0.0,0.0,-0.3556,0.0,0.0,1.0,0.0,1.0,1.0,1.0
,2026-09-04,TATACOMM.NS,39.65,45.03,0.0,54.9,0.0,0.0,0.3319,45.5,36.8,0.0,0.0,-0.1879,0.0,,1.0,1.0,1.0,,
,2026-09-04,PNB.NS,39.33,32.27,0.0,47.4,0.0,0.0,0.316,37.2,36.2,0.0,0.0,-1.1966,0.0,0.0,1.0,1.0,1.0,1.0,1.0
,2026-09-04,CUMMINSIND.NS,39.28,47.47,0.0,59.1,1.0,0.0,0.3401,53.4,43.4,0.0,0.0,0.0993,1.0,,0.0,1.0,0.0,,
,2026-09-04,CHOLAFIN.NS,39.26,49.85,0.0,55.8,1.0,0.0,0.3369,40.7,37.4,0.0,0.0,-0.8483,0.0,,1.0,0.0,1.0,,
,2026-09-04,IOB.NS,38.44,46.02,0.0,50.9,0.0,0.0,0.3313,34.3,33.5,0.0,0.0,-1.3413,0.0,0.0,1.0,1.0,1.0,1.0,1.0
,2026-09-04,BERGEPAINT.NS,38.0,48.57,0.0,64.5,1.0,0.0,0.4244,47.6,38.5,0.0,0.0,-1.2054,0.0,0.0,1.0,0.0,1.0,1.0,1.0
,2026-09-04,BPCL.NS,37.57,31.0,0.0,53.3,0.0,0.0,0.3142,36.7,43.2,0.0,0.0,-0.8869,0.0,0.0,1.0,1.0,1.0,1.0,1.0
,2026-09-04,MANKIND.NS,36.75,47.06,0.0,47.5,0.0,0.0,0.3366,48.0,40.7,0.0,0.0,-0.8119,0.0,0.0,1.0,1.0,1.0,1.0,1.0
,2026-09-04,IOC.NS,36.53,34.65,0.0,53.6,0.0,0.0,0.3294,41.3,41.8,0.0,0.0,-1.7805,0.0,0.0,1.0,1.0,1.0,1.0,1.0
,2026-09-04,SAIL.NS,36.16,40.91,0.0,49.2,0.0,0.0,0.3229,51.4,48.6,0.0,0.0,-4.5224,0.0,0.0,1.0,1.0,1.0,1.0,1.0
,2026-09-04,GOLDBEES.NS,34.39,25.68,0.0,64.1,1.0,0.0,0.3395,37.4,37.1,0.0,0.0,-1.2503,0.0,0.0,1.0,0.0,1.0,1.0,1.0
,2026-09-04,INDUSINDBK.NS,34.2,33.58,0.0,68.1,1.0,0.0,0.3501,48.9,44.8,0.0,0.0,-1.0412,0.0,0.0,1.0,0.0,1.0,1.0,1.0
,2026-09-04,NMDC.NS,34.1,35.72,0.0,55.8,1.0,0.0,0.3196,46.9,41.1,0.0,0.0,-1.0035,0.0,1.0,1.0,0.0,1.0,0.0,0.0
,2026-09-04,NIFTYBEES.NS,33.74,35.56,0.0,62.5,1.0,0.0,0.3382,31.5,35.5,0.0,0.0,-0.7538,0.0,0.0,1.0,0.0,1.0,1.0,1.0
,2026-09-04,RELIANCE.NS,32.91,33.14,0.0,44.8,0.0,0.0,0.304,46.7,39.2,0.0,0.0,-0.9455,0.0,0.0,1.0,1.0,1.0,1.0,1.0
,2026-09-04,SAPPHIRE.NS,32.59,33.13,0.0,65.5,1.0,0.0,0.3772,59.5,51.7,1.0,0.0,-0.7967,0.0,,1.0,0.0,1.0,,
,2026-09-04,ITC.NS,32.58,26.04,0.0,45.0,0.0,0.0,0.33,56.6,44.5,1.0,0.0,-0.2272,0.0,0.0,1.0,1.0,1.0,0.0,1.0
,2026-09-04,IIFL.NS,32.17,32.09,0.0,65.5,1.0,0.0,0.3304,38.0,41.6,0.0,0.0,0.4454,1.0,0.0,0.0,1.0,0.0,1.0,1.0
,2026-09-04,ONGC.NS,31.95,29.94,0.0,42.7,0.0,0.0,0.2952,45.2,38.2,0.0,0.0,-0.4049,0.0,0.0,1.0,1.0,1.0,1.0,1.0
,2026-09-04,BHARTIARTL.NS,31.76,31.17,0.0,54.2,0.0,0.0,0.3441,32.3,33.3,0.0,0.0,0.7609,1.0,0.0,0.0,0.0,0.0,1.0,1.0
,2026-09-04,INDIGO.NS,28.88,28.41,0.0,62.4,1.0,0.0,0.3369,50.6,53.7,0.0,0.0,0.4621,1.0,0.0,0.0,1.0,0.0,1.0,1.0
,2026-09-04,HINDUNILVR.NS,28.76,23.5,0.0,54.4,0.0,0.0,0.3378,56.4,48.1,1.0,0.0,0.3344,1.0,0.0,0.0,0.0,0.0,0.0,1.0
,2026-09-04,LUPIN.NS,28.61,40.84,0.0,53.2,0.0,0.0,0.3402,41.7,37.2,0.0,0.0,-0.237,0.0,0.0,1.0,1.0,1.0,1.0,1.0
,2026-09-04,SILVERBEES.NS,28.2,27.32,0.0,64.7,1.0,0.0,0.3516,39.9,39.5,0.0,0.0,-1.2658,0.0,0.0,1.0,0.0,1.0,1.0,1.0
,2026-09-04,BRITANNIA.NS,27.97,23.89,0.0,60.9,1.0,0.0,0.3452,60.8,53.7,1.0,0.0,-1.1565,0.0,0.0,1.0,0.0,1.0,0.0,1.0
,2026-09-04,JYOTHYLAB.NS,27.36,21.38,0.0,57.2,1.0,0.0,0.3304,38.6,35.1,0.0,0.0,-3.1954,0.0,0.0,1.0,0.0,1.0,1.0,1.0
,2026-09-04,TORNTPHARM.NS,26.75,18.53,0.0,50.2,0.0,0.0,0.3272,40.2,39.8,0.0,0.0,1.1736,1.0,1.0,0.0,0.0,0.0,0.0,0.0
,2026-09-04,TIINDIA.NS,26.65,19.82,0.0,61.7,1.0,0.0,0.355,42.0,38.0,0.0,0.0,-2.1979,0.0,,1.0,0.0,1.0,,
,2026-09-04,PERSISTENT.NS,25.78,22.81,0.0,50.7,0.0,0.0,0.32,48.6,41.1,0.0,0.0,-1.8253,0.0,0.0,1.0,1.0,1.0,1.0,1.0
,2026-09-04,BANSALWIRE.NS,24.75,32.26,0.0,42.6,0.0,0.0,0.3374,44.0,37.4,0.0,0.0,0.7619,1.0,0.0,0.0,0.0,0.0,1.0,1.0
,2026-09-04,DABUR.NS,24.58,9.23,0.0,55.3,1.0,0.0,0.3628,67.3,52.1,1.0,0.0,-1.4177,0.0,0.0,1.0,0.0,1.0,0.0,1.0
,2026-09-04,NESTLEIND.NS,21.9,9.22,0.0,61.7,1.0,0.0,0.3632,60.9,53.6,1.0,0.0,-0.8862,0.0,0.0,1.0,0.0,1.0,0.0,1.0
,2026-09-04,ZYDUSLIFE.NS,20.95,18.53,0.0,49.7,0.0,0.0,0.325,49.8,39.0,0.0,0.0,3.2946,1.0,1.0,0.0,0.0,0.0,0.0,0.0
,2026-09-04,IRCON.NS,17.3,18.48,0.0,51.5,0.0,0.0,0.3517,54.0,42.8,0.0,0.0,-1.2914,0.0,0.0,1.0,1.0,1.0,1.0,1.0
,2026-09-04,COFORGE.NS,74.77,80.02,1.0,65.8,1.0,1.0,0.3515,49.1,43.3,0.0,0.0,-1.9161,0.0,0.0,0.0,0.0,0.0,1.0,1.0
,2026-09-04,ACC.NS,71.03,92.68,1.0,63.4,1.0,1.0,0.4316,51.8,42.3,0.0,0.0,-1.6358,0.0,0.0,0.0,0.0,0.0,1.0,1.0
,2026-09-04,AFFLE.NS,70.69,72.48,1.0,67.2,1.0,1.0,0.5896,43.9,37.4,0.0,0.0,-0.4392,0.0,,0.0,0.0,0.0,,
,2026-09-04,LT.NS,66.78,83.23,1.0,67.2,1.0,1.0,0.3447,49.3,41.9,0.0,0.0,0.8804,1.0,0.0,1.0,1.0,1.0,1.0,1.0
,2026-09-04,EICHERMOT.NS,65.68,80.78,1.0,70.9,1.0,1.0,0.3736,47.4,43.8,0.0,0.0,1.5333,1.0,1.0,1.0,1.0,1.0,0.0,0.0
,2026-09-04,SONACOMS.NS,54.29,55.47,0.0,67.4,1.0,0.0,0.3413,40.9,35.8,0.0,0.0,-0.1267,0.0,1.0,1.0,0.0,1.0,0.0,0.0
,2026-09-04,ALKEM.NS,54.2,55.28,0.0,68.2,1.0,0.0,0.3421,43.7,35.5,0.0,0.0,-0.1734,0.0,0.0,1.0,0.0,1.0,1.0,1.0
,2026-09-04,BIOCON.NS,53.8,54.39,0.0,64.6,1.0,0.0,0.3389,41.7,33.6,0.0,0.0,-1.5098,0.0,0.0,1.0,0.0,1.0,1.0,1.0
,2026-09-04,TATATECH.NS,49.63,50.29,0.0,64.9,1.0,0.0,0.3233,44.0,38.7,0.0,0.0,-1.8625,0.0,0.0,1.0,0.0,1.0,1.0,1.0
,2026-09-04,BDL.NS,48.74,55.01,0.0,61.1,1.0,0.0,0.3519,41.8,35.4,0.0,0.0,-0.996,0.0,0.0,1.0,0.0,1.0,1.0,1.0
,2026-09-04,NYKAA.NS,46.85,52.34,0.0,58.4,1.0,0.0,0.3172,44.0,35.4,0.0,0.0,2.5564,1.0,1.0,0.0,1.0,0.0,0.0,0.0
,2026-09-04,INDIAMART.NS,46.41,51.36,0.0,58.8,1.0,0.0,0.3341,33.9,31.2,0.0,0.0,-2.427,0.0,0.0,1.0,0.0,1.0,1.0,1.0
,2026-09-04,BANKBARODA.NS,45.83,50.08,0.0,47.8,0.0,0.0,0.3366,33.4,31.2,0.0,0.0,-0.8368,0.0,0.0,1.0,1.0,1.0,1.0,1.0
,2026-09-04,DMART.NS,34.27,37.79,0.0,59.6,1.0,0.0,0.3423,34.2,29.8,0.0,0.0,-1.5915,0.0,0.0,1.0,0.0,1.0,1.0,1.0
,2026-09-04,HDFCAMC.NS,30.39,29.15,0.0,57.2,1.0,0.0,0.3347,42.2,38.1,0.0,0.0,-0.4475,0.0,0.0,1.0,0.0,1.0,1.0,1.0
=======,,,,,,,,,,,,,,,,,,,,,
<<<<<<< HEAD,,,,,,,,,,,,,,,,,,,,,
,2026-09-03,BAJAJFINSV.NS,56.75,53.9,0.0,60.7,1.0,0.0,0.1257,63.9,58.0,1.0,1.0,-0.8333,0.0,0.0,1.0,0.0,1.0,0.0,0.0
,2026-09-03,AARTIIND.NS,45.66,51.46,0.0,58.9,1.0,0.0,0.1349,65.1,57.6,1.0,1.0,-2.0024,0.0,0.0,1.0,0.0,1.0,0.0,0.0
>>>>>>> Stashed changes,,,,,,,,,,,,,,,,,,,,,
,2026-09-03,LUPIN.NS,23.38,40.84,0.0,56.1,1.0,0.0,0.1152,61.2,56.8,1.0,1.0,-0.9381,0.0,0.0,1.0,0.0,1.0,0.0,0.0
,2026-09-03,HINDCOPPER.NS,65.94,74.31,1.0,56.3,1.0,1.0,0.1198,64.3,60.8,1.0,1.0,0.54,1.0,1.0,1.0,1.0,1.0,1.0,1.0
,2026-09-03,RADICO.NS,83.85,94.67,1.0,47.2,0.0,0.0,0.0873,49.8,44.3,0.0,0.0,-1.7087,0.0,0.0,0.0,1.0,1.0,1.0,1.0
,2026-09-03,AMBUJACEM.NS,65.48,56.62,0.0,48.1,0.0,0.0,0.1126,39.8,37.9,0.0,0.0,0.2469,1.0,0.0,0.0,0.0,0.0,1.0,1.0
<<<<<<< Updated upstream,,,,,,,,,,,,,,,,,,,,,
,2026-09-03,UBL.NS,45.87,51.94,0.0,59.1,1.0,0.0,0.1213,50.8,45.2,0.0,0.0,-0.327,0.0,0.0,1.0,0.0,1.0,1.0,1.0
,2026-09-03,JINDALSTEL.NS,60.01,58.75,0.0,50.7,0.0,0.0,0.1126,44.4,40.3,0.0,0.0,1.9913,1.0,1.0,0.0,0.0,0.0,0.0,0.0
,2026-09-03,IEX.NS,59.88,80.68,0.0,64.4,1.0,0.0,0.1126,56.3,51.1,1.0,0.0,0.0084,1.0,0.0,0.0,1.0,0.0,0.0,1.0
,2026-09-03,TIINDIA.NS,21.42,19.82,0.0,58.9,1.0,0.0,0.0848,41.2,39.1,0.0,0.0,-1.3819,0.0,0.0,1.0,0.0,1.0,1.0,1.0
,2026-09-03,TATATECH.NS,51.64,51.49,0.0,60.5,1.0,0.0,0.0807,45.5,44.7,0.0,0.0,-0.7763,0.0,0.0,1.0,0.0,1.0,1.0,1.0
=======,,,,,,,,,,,,,,,,,,,,,
,2026-09-03,BAJAJFINSV.NS,56.75,53.9,0.0,60.7,1.0,0.0,0.1257,63.9,58.0,1.0,1.0,-1.1094,0.0,0.0,1.0,0.0,1.0,0.0,0.0
,2026-09-03,AARTIIND.NS,45.66,51.46,0.0,58.9,1.0,0.0,0.1349,65.1,57.6,1.0,1.0,-1.9625,0.0,0.0,1.0,0.0,1.0,0.0,0.0
=======,,,,,,,,,,,,,,,,,,,,,
,2026-09-03,UBL.NS,45.87,51.94,0.0,59.1,1.0,0.0,0.1213,50.8,45.2,0.0,0.0,-0.327,0.0,0.0,1.0,0.0,1.0,1.0,1.0
,2026-09-03,JINDALSTEL.NS,60.01,58.75,0.0,50.7,0.0,0.0,0.1126,44.4,40.3,0.0,0.0,1.9913,1.0,1.0,0.0,0.0,0.0,0.0,0.0
,2026-09-03,IEX.NS,59.88,80.68,0.0,64.4,1.0,0.0,0.1126,56.3,51.1,1.0,0.0,0.0084,1.0,0.0,0.0,1.0,0.0,0.0,1.0
,2026-09-03,TIINDIA.NS,21.42,19.82,0.0,58.9,1.0,0.0,0.0848,41.2,39.1,0.0,0.0,-1.3819,0.0,0.0,1.0,0.0,1.0,1.0,1.0
,2026-09-03,TATATECH.NS,51.64,51.49,0.0,60.5,1.0,0.0,0.0807,45.5,44.7,0.0,0.0,-0.7763,0.0,0.0,1.0,0.0,1.0,1.0,1.0
=======,,,,,,,,,,,,,,,,,,,,,
,2026-09-03,BAJAJFINSV.NS,56.75,53.9,0.0,60.7,1.0,0.0,0.1257,63.9,58.0,1.0,1.0,-1.1094,0.0,0.0,1.0,0.0,1.0,0.0,0.0
,2026-09-03,AARTIIND.NS,45.66,51.46,0.0,58.9,1.0,0.0,0.1349,65.1,57.6,1.0,1.0,-1.9625,0.0,0.0,1.0,0.0,1.0,0.0,0.0
>>>>>>> Stashed changes,,,,,,,,,,,,,,,,,,,,,
,2026-09-03,LUPIN.NS,23.38,40.84,0.0,56.1,1.0,0.0,0.1152,61.2,56.8,1.0,1.0,-1.0319,0.0,0.0,1.0,0.0,1.0,0.0,0.0
,2026-09-03,HINDCOPPER.NS,65.94,74.31,1.0,56.3,1.0,1.0,0.1198,64.3,60.8,1.0,1.0,0.6075,1.0,1.0,1.0,1.0,1.0,1.0,1.0
,2026-09-03,RADICO.NS,83.85,94.67,1.0,47.2,0.0,0.0,0.0873,49.8,44.3,0.0,0.0,-1.4258,0.0,0.0,0.0,1.0,1.0,1.0,1.0
,2026-09-03,AMBUJACEM.NS,65.48,56.62,0.0,48.1,0.0,0.0,0.1126,39.8,37.9,0.0,0.0,0.0,0.0,0.0,1.0,1.0,1.0,1.0,1.0
<<<<<<< Updated upstream,,,,,,,,,,,,,,,,,,,,,
,2026-09-03,UBL.NS,45.87,51.94,0.0,59.1,1.0,0.0,0.1213,50.8,45.2,0.0,0.0,-0.3738,0.0,0.0,1.0,0.0,1.0,1.0,1.0
,2026-09-03,JINDALSTEL.NS,60.01,58.75,0.0,50.7,0.0,0.0,0.1126,44.4,40.3,0.0,0.0,1.7467,1.0,1.0,0.0,0.0,0.0,0.0,0.0
,2026-09-03,IEX.NS,59.88,80.68,0.0,64.4,1.0,0.0,0.1126,56.3,51.1,1.0,0.0,-0.2014,0.0,0.0,1.0,0.0,1.0,0.0,1.0
,2026-09-03,TIINDIA.NS,21.42,19.82,0.0,58.9,1.0,0.0,0.0848,41.2,39.1,0.0,0.0,-1.3673,0.0,0.0,1.0,0.0,1.0,1.0,1.0
=======,,,,,,,,,,,,,,,,,,,,,
,2026-09-03,UBL.NS,45.87,51.94,0.0,59.1,1.0,0.0,0.1213,50.8,45.2,0.0,0.0,-0.3738,0.0,0.0,1.0,0.0,1.0,1.0,1.0
,2026-09-03,JINDALSTEL.NS,60.01,58.75,0.0,50.7,0.0,0.0,0.1126,44.4,40.3,0.0,0.0,1.7467,1.0,1.0,0.0,0.0,0.0,0.0,0.0
,2026-09-03,IEX.NS,59.88,80.68,0.0,64.4,1.0,0.0,0.1126,56.3,51.1,1.0,0.0,-0.2014,0.0,0.0,1.0,0.0,1.0,0.0,1.0
,2026-09-03,TIINDIA.NS,21.42,19.82,0.0,58.9,1.0,0.0,0.0848,41.2,39.1,0.0,0.0,-1.3673,0.0,0.0,1.0,0.0,1.0,1.0,1.0
>>>>>>> Stashed changes,,,,,,,,,,,,,,,,,,,,,
,2026-09-03,TATATECH.NS,51.64,51.49,0.0,60.5,1.0,0.0,0.0807,45.5,44.7,0.0,0.0,-0.6335,0.0,0.0,1.0,0.0,1.0,1.0,1.0
>>>>>>> 0035fbf6d3e958659ff10d7289d46caf9734d327,,,,,,,,,,,,,,,,,,,,,
>>>>>>> e2d5c152f69c6a6a41f22675b348757a446fb102,,,,,,,,,,,,,,,,,,,,,
,2026-09-03,AFFLE.NS,70.59,72.48,1.0,64.5,1.0,1.0,0.1864,53.3,49.4,0.0,0.0,2.3368,1.0,1.0,1.0,1.0,1.0,0.0,0.0
,2026-09-03,GUJGASLTD.NS,54.94,55.59,0.0,56.0,1.0,0.0,0.1342,29.4,35.1,0.0,0.0,,,,,,,,
<<<<<<< Updated upstream,,,,,,,,,,,,,,,,,,,,,
,2026-09-03,BDL.NS,48.76,55.01,0.0,59.6,1.0,0.0,0.1133,51.5,43.8,0.0,0.0,1.622,1.0,0.0,0.0,1.0,0.0,1.0,1.0
,2026-09-03,INDIAMART.NS,46.42,51.36,0.0,55.0,0.0,0.0,0.1218,29.7,35.9,0.0,0.0,0.0289,1.0,0.0,0.0,0.0,0.0,1.0,1.0
,2026-09-03,DMART.NS,35.88,41.07,0.0,52.2,0.0,0.0,0.1245,39.3,37.5,0.0,0.0,-0.1807,0.0,0.0,1.0,1.0,1.0,1.0,1.0
,2026-09-04,ABB.NS,77.15,84.92,1.0,58.0,1.0,1.0,0.3312,36.4,34.9,0.0,0.0,-0.3104,0.0,0.0,0.0,0.0,0.0,1.0,1.0
,2026-09-04,TIMKEN.NS,77.02,80.73,1.0,56.4,1.0,1.0,0.329,28.5,29.1,0.0,0.0,-0.8511,0.0,1.0,0.0,0.0,0.0,0.0,0.0
,2026-09-04,NYKAA.NS,75.94,89.22,1.0,58.7,1.0,1.0,0.3899,30.7,30.3,0.0,0.0,2.5564,1.0,1.0,1.0,1.0,1.0,0.0,0.0
,2026-09-04,SIEMENS.NS,74.7,75.57,1.0,59.4,1.0,1.0,0.3103,35.6,34.8,0.0,0.0,-1.2572,0.0,0.0,0.0,0.0,0.0,1.0,1.0
,2026-09-04,NAM-INDIA.NS,74.0,73.35,1.0,58.8,1.0,1.0,0.3386,29.0,29.9,0.0,0.0,3.0261,1.0,1.0,1.0,1.0,1.0,0.0,0.0
,2026-09-04,VBL.NS,73.9,79.3,1.0,58.7,1.0,1.0,0.3458,40.4,40.3,0.0,0.0,-0.4048,0.0,0.0,0.0,0.0,0.0,1.0,1.0
,2026-09-04,ADANIENSOL.NS,73.22,70.28,1.0,57.1,1.0,1.0,0.8449,40.1,41.2,0.0,0.0,-1.3621,0.0,1.0,0.0,0.0,0.0,0.0,0.0
,2026-09-04,TORNTPOWER.NS,72.97,73.53,1.0,46.8,0.0,0.0,0.344,31.2,30.0,0.0,0.0,-2.2246,0.0,0.0,0.0,1.0,1.0,1.0,1.0
,2026-09-04,IRCTC.NS,72.94,74.33,1.0,60.5,1.0,1.0,0.3306,34.9,35.4,0.0,0.0,-0.7562,0.0,0.0,0.0,0.0,0.0,1.0,1.0
,2026-09-04,ABBOTINDIA.NS,72.85,75.42,1.0,50.5,0.0,0.0,0.3252,27.6,29.6,0.0,0.0,-1.9566,0.0,0.0,0.0,1.0,1.0,1.0,1.0
,2026-09-04,ADANIPORTS.NS,72.84,74.33,1.0,40.9,0.0,0.0,0.3231,22.0,24.1,0.0,0.0,0.1581,1.0,1.0,1.0,0.0,0.0,0.0,0.0
,2026-09-04,DEVYANI.NS,72.73,73.0,1.0,60.7,1.0,1.0,0.4032,53.0,45.4,0.0,0.0,-0.9262,0.0,0.0,0.0,0.0,0.0,1.0,1.0
,2026-09-04,MTAR.NS,72.08,77.17,1.0,60.8,1.0,1.0,0.35,18.5,25.6,0.0,0.0,,,,,,,,
,2026-09-04,DATAPATTNS.NS,71.86,71.92,1.0,52.9,0.0,0.0,0.3323,36.5,37.2,0.0,0.0,7.5747,1.0,1.0,1.0,0.0,0.0,0.0,0.0
,2026-09-04,IIFL.NS,71.29,71.76,1.0,56.9,1.0,1.0,0.3278,41.1,40.1,0.0,0.0,0.4454,1.0,0.0,1.0,1.0,1.0,1.0,1.0
,2026-09-04,ASIANPAINT.NS,71.28,80.49,1.0,67.6,1.0,1.0,0.3376,42.3,42.7,0.0,0.0,-1.0446,0.0,0.0,0.0,0.0,0.0,1.0,1.0
,2026-09-04,CAMS.NS,70.91,89.48,1.0,57.8,1.0,1.0,0.3655,42.1,36.5,0.0,0.0,-2.5775,0.0,0.0,0.0,0.0,0.0,1.0,1.0
,2026-09-04,TATACONSUM.NS,70.71,72.02,1.0,58.6,1.0,1.0,0.3204,34.9,35.6,0.0,0.0,0.495,1.0,0.0,1.0,1.0,1.0,1.0,1.0
,2026-09-04,BOSCHLTD.NS,70.66,89.79,1.0,67.5,1.0,1.0,0.3876,43.9,40.5,0.0,0.0,2.5737,1.0,1.0,1.0,1.0,1.0,0.0,0.0
,2026-09-04,JIOFIN.NS,70.29,71.08,1.0,55.0,0.0,0.0,0.3213,31.0,31.5,0.0,0.0,-2.6514,0.0,0.0,0.0,1.0,1.0,1.0,1.0
,2026-09-04,MRF.NS,69.77,75.53,1.0,61.1,1.0,1.0,0.3066,30.7,28.9,0.0,0.0,-0.8119,0.0,0.0,0.0,0.0,0.0,1.0,1.0
,2026-09-04,BRIGADE.NS,69.75,72.75,1.0,56.1,1.0,1.0,1.379,37.9,37.6,0.0,0.0,-1.3073,0.0,0.0,0.0,0.0,0.0,1.0,1.0
,2026-09-04,COFORGE.NS,69.61,68.02,0.0,57.9,1.0,0.0,0.3093,44.6,41.8,0.0,0.0,-1.9161,0.0,0.0,1.0,0.0,1.0,1.0,1.0
,2026-09-04,TITAN.NS,69.52,72.89,1.0,62.8,1.0,1.0,0.3105,43.1,36.9,0.0,0.0,-0.498,0.0,0.0,0.0,0.0,0.0,1.0,1.0
,2026-09-04,IDEA.NS,69.49,87.53,1.0,50.3,0.0,0.0,0.3413,32.3,32.8,0.0,0.0,3.8615,1.0,1.0,1.0,0.0,0.0,0.0,0.0
,2026-09-04,WESTLIFE.NS,68.59,86.76,1.0,66.7,1.0,1.0,0.3845,48.2,42.6,0.0,0.0,1.4418,1.0,1.0,1.0,1.0,1.0,0.0,0.0
,2026-09-04,BLUESTARCO.NS,68.45,67.0,0.0,53.2,0.0,0.0,0.3027,25.4,30.2,0.0,0.0,-1.5566,0.0,1.0,1.0,1.0,1.0,0.0,0.0
,2026-09-04,MANAPPURAM.NS,68.44,69.08,0.0,49.8,0.0,0.0,0.3264,30.3,30.7,0.0,0.0,-4.1507,0.0,0.0,1.0,1.0,1.0,1.0,1.0
,2026-09-04,CPSEETF.NS,68.04,79.97,1.0,58.3,1.0,1.0,0.3147,26.2,30.0,0.0,0.0,-0.2455,0.0,1.0,0.0,0.0,0.0,0.0,0.0
,2026-09-04,SKFINDIA.NS,68.0,62.72,0.0,57.9,1.0,0.0,0.325,35.8,34.2,0.0,0.0,-0.4249,0.0,0.0,1.0,0.0,1.0,1.0,1.0
,2026-09-04,CHOLAFIN.NS,67.91,67.01,0.0,50.7,0.0,0.0,0.3083,29.6,30.7,0.0,0.0,-0.8483,0.0,1.0,1.0,1.0,1.0,0.0,0.0
,2026-09-04,HEROMOTOCO.NS,67.89,67.68,0.0,62.4,1.0,0.0,0.4521,54.0,50.2,0.0,0.0,-0.566,0.0,0.0,1.0,0.0,1.0,1.0,1.0
,2026-09-04,TECHM.NS,67.59,77.81,1.0,66.9,1.0,1.0,0.3131,39.6,38.0,0.0,0.0,-2.0602,0.0,0.0,0.0,0.0,0.0,1.0,1.0
,2026-09-04,MAZDOCK.NS,67.49,62.69,0.0,58.6,1.0,0.0,0.3215,47.7,47.7,0.0,0.0,-0.3475,0.0,0.0,1.0,0.0,1.0,1.0,1.0
,2026-09-04,KPIL.NS,67.37,84.04,1.0,51.6,0.0,0.0,0.3029,31.5,30.0,0.0,0.0,-0.6469,0.0,1.0,0.0,1.0,1.0,0.0,0.0
,2026-09-04,GRSE.NS,67.22,62.69,0.0,57.4,1.0,0.0,0.3153,49.5,50.5,0.0,0.0,-0.2961,0.0,0.0,1.0,0.0,1.0,1.0,1.0
,2026-09-04,BEL.NS,67.03,59.62,0.0,51.2,0.0,0.0,0.2965,40.4,39.4,0.0,0.0,-0.333,0.0,1.0,1.0,1.0,1.0,0.0,0.0
,2026-09-04,HAL.NS,66.76,59.66,0.0,59.6,1.0,0.0,0.3308,40.0,46.0,0.0,0.0,3.6059,1.0,1.0,0.0,1.0,0.0,0.0,0.0
,2026-09-04,EIHOTEL.NS,66.38,81.84,1.0,63.1,1.0,1.0,0.3162,38.4,36.7,0.0,0.0,0.7194,1.0,0.0,1.0,1.0,1.0,1.0,1.0
,2026-09-04,JPPOWER.NS,66.38,81.84,1.0,68.4,1.0,1.0,0.3327,45.1,42.8,0.0,0.0,3.0694,1.0,1.0,1.0,1.0,1.0,0.0,0.0
,2026-09-04,UBL.NS,66.36,80.25,1.0,63.8,1.0,1.0,0.3382,39.1,39.5,0.0,0.0,-2.1025,0.0,0.0,0.0,0.0,0.0,1.0,1.0
,2026-09-04,NAVINFLUOR.NS,65.82,64.79,0.0,50.9,0.0,0.0,0.3108,39.8,36.1,0.0,0.0,0.5375,1.0,1.0,0.0,0.0,0.0,0.0,0.0
,2026-09-04,ATGL.NS,65.58,73.84,1.0,56.0,1.0,1.0,0.3354,34.5,35.9,0.0,0.0,-0.4817,0.0,0.0,0.0,0.0,0.0,1.0,1.0
,2026-09-04,VEDL.NS,65.57,59.38,0.0,55.3,1.0,0.0,0.325,32.9,33.5,0.0,0.0,-1.5068,0.0,1.0,1.0,0.0,1.0,0.0,0.0
,2026-09-04,TATASTEEL.NS,65.42,57.85,0.0,51.7,0.0,0.0,0.3212,26.3,26.7,0.0,0.0,-1.6844,0.0,0.0,1.0,1.0,1.0,1.0,1.0
,2026-09-04,POLICYBZR.NS,65.34,79.52,1.0,60.9,1.0,1.0,0.3082,43.9,43.0,0.0,0.0,-0.5447,0.0,0.0,0.0,0.0,0.0,1.0,1.0
,2026-09-04,WIPRO.NS,65.22,55.21,0.0,63.4,1.0,0.0,0.327,37.8,42.2,0.0,0.0,-2.0408,0.0,0.0,1.0,0.0,1.0,1.0,1.0
,2026-09-04,TCS.NS,65.14,55.32,0.0,62.6,1.0,0.0,0.3061,31.8,35.5,0.0,0.0,-1.4757,0.0,0.0,1.0,0.0,1.0,1.0,1.0
,2026-09-04,NTPC.NS,65.07,56.37,0.0,43.4,0.0,0.0,0.3011,17.7,23.6,0.0,0.0,-0.1504,0.0,1.0,1.0,1.0,1.0,0.0,0.0
,2026-09-04,SOLARINDS.NS,65.06,60.84,0.0,42.6,0.0,0.0,0.358,36.2,35.1,0.0,0.0,2.3549,1.0,1.0,0.0,0.0,0.0,0.0,0.0
,2026-09-04,SYNGENE.NS,65.05,76.23,1.0,58.0,1.0,1.0,0.3151,36.5,34.8,0.0,0.0,-1.5925,0.0,0.0,0.0,0.0,0.0,1.0,1.0
,2026-09-04,LT.NS,65.03,78.85,1.0,65.8,1.0,1.0,0.32,40.6,42.7,0.0,0.0,0.8804,1.0,0.0,1.0,1.0,1.0,1.0,1.0
,2026-09-04,HCLTECH.NS,65.0,55.17,0.0,61.2,1.0,0.0,0.2955,36.8,39.7,0.0,0.0,-0.8195,0.0,0.0,1.0,0.0,1.0,1.0,1.0
,2026-09-04,COCHINSHIP.NS,64.93,73.91,0.0,55.4,1.0,0.0,0.3172,38.8,36.1,0.0,0.0,0.487,1.0,1.0,0.0,1.0,0.0,0.0,0.0
,2026-09-04,INFY.NS,64.77,55.26,0.0,60.6,1.0,0.0,0.2953,37.2,36.9,0.0,0.0,-3.7611,0.0,0.0,1.0,0.0,1.0,1.0,1.0
,2026-09-04,DIXON.NS,64.54,55.05,0.0,51.7,0.0,0.0,0.3007,27.4,29.3,0.0,0.0,-0.4213,0.0,0.0,1.0,1.0,1.0,1.0,1.0
,2026-09-04,TMCV.NS,64.45,64.6,0.0,57.8,1.0,0.0,0.3249,36.0,34.5,0.0,0.0,0.3165,1.0,0.0,0.0,1.0,0.0,1.0,1.0
,2026-09-04,BSE.NS,64.4,62.96,0.0,48.1,0.0,0.0,0.4213,29.5,30.2,0.0,0.0,-0.4634,0.0,0.0,1.0,1.0,1.0,1.0,1.0
,2026-09-04,COALINDIA.NS,63.73,52.12,0.0,40.0,0.0,0.0,0.2807,26.3,30.8,0.0,0.0,0.8427,1.0,1.0,0.0,0.0,0.0,0.0,0.0
,2026-09-04,POWERGRID.NS,63.64,57.82,0.0,50.4,0.0,0.0,0.309,22.7,24.6,0.0,0.0,-0.094,0.0,1.0,1.0,1.0,1.0,0.0,0.0
,2026-09-04,SUZLON.NS,63.54,75.53,0.0,57.5,1.0,0.0,0.3199,35.6,34.7,0.0,0.0,0.441,1.0,1.0,0.0,1.0,0.0,0.0,0.0
,2026-09-04,MAXHEALTH.NS,63.54,75.53,0.0,57.8,1.0,0.0,0.3147,34.4,35.3,0.0,0.0,0.8327,1.0,1.0,0.0,1.0,0.0,0.0,0.0
,2026-09-04,JUBLFOOD.NS,63.32,80.62,0.0,67.8,1.0,0.0,0.3594,44.6,38.7,0.0,0.0,-1.5123,0.0,0.0,1.0,0.0,1.0,1.0,1.0
,2026-09-04,LICI.NS,62.72,57.85,0.0,46.2,0.0,0.0,0.3043,27.5,29.3,0.0,0.0,-0.9269,0.0,0.0,1.0,1.0,1.0,1.0,1.0
,2026-09-04,HINDCOPPER.NS,62.4,54.96,0.0,59.5,1.0,0.0,0.3865,34.6,33.9,0.0,0.0,-2.4058,0.0,1.0,1.0,0.0,1.0,0.0,0.0
,2026-09-04,IGL.NS,62.08,66.53,0.0,62.2,1.0,0.0,0.3197,35.2,34.9,0.0,0.0,-2.5437,0.0,0.0,1.0,0.0,1.0,1.0,1.0
,2026-09-04,ULTRACEMCO.NS,62.05,54.83,0.0,59.3,1.0,0.0,0.3223,37.0,36.2,0.0,0.0,-2.0424,0.0,0.0,1.0,0.0,1.0,1.0,1.0
,2026-09-04,PRESTIGE.NS,61.92,53.31,0.0,41.5,0.0,0.0,0.3127,19.1,24.0,0.0,0.0,-2.3314,0.0,0.0,1.0,1.0,1.0,1.0,1.0
,2026-09-04,ANGELONE.NS,61.81,70.45,0.0,55.5,1.0,0.0,0.3247,34.9,34.6,0.0,0.0,-0.6004,0.0,0.0,1.0,0.0,1.0,1.0,1.0
,2026-09-04,BALAMINES.NS,61.54,71.08,0.0,57.5,1.0,0.0,0.3112,39.5,40.2,0.0,0.0,1.6474,1.0,0.0,0.0,1.0,0.0,1.0,1.0
,2026-09-04,VOLTAS.NS,61.54,71.08,0.0,61.4,1.0,0.0,0.3899,41.0,38.3,0.0,0.0,-0.2393,0.0,0.0,1.0,0.0,1.0,1.0,1.0
,2026-09-04,ADANIPOWER.NS,61.51,53.93,0.0,43.7,0.0,0.0,0.2872,18.7,23.5,0.0,0.0,-1.3079,0.0,1.0,1.0,1.0,1.0,0.0,0.0
,2026-09-04,NAUKRI.NS,61.42,55.67,0.0,61.4,1.0,0.0,0.3112,43.5,40.7,0.0,0.0,-1.3108,0.0,0.0,1.0,0.0,1.0,1.0,1.0
,2026-09-04,PNCINFRA.NS,61.25,66.93,0.0,57.5,1.0,0.0,0.8051,47.2,44.6,0.0,0.0,-3.304,0.0,0.0,1.0,0.0,1.0,1.0,1.0
,2026-09-04,L&T.NS,61.16,56.01,0.0,54.0,0.0,0.0,0.3434,18.4,25.9,0.0,0.0,,,,,,,,
,2026-09-04,MASTEK.NS,61.03,50.57,0.0,46.9,0.0,0.0,0.3135,33.6,36.9,0.0,0.0,-4.5801,0.0,0.0,1.0,1.0,1.0,1.0,1.0
,2026-09-04,M&M.NS,60.98,54.47,0.0,62.6,1.0,0.0,0.4053,46.4,51.7,0.0,0.0,-0.3155,0.0,0.0,1.0,0.0,1.0,1.0,1.0
,2026-09-04,JSWSTEEL.NS,60.91,57.38,0.0,50.7,0.0,0.0,0.305,23.5,27.5,0.0,0.0,-1.7358,0.0,0.0,1.0,1.0,1.0,1.0,1.0
,2026-09-04,AUROPHARMA.NS,60.85,68.0,0.0,66.3,1.0,0.0,0.3047,32.3,33.8,0.0,0.0,2.3532,1.0,1.0,0.0,1.0,0.0,0.0,0.0
,2026-09-04,TATAMOTORS.NS,60.64,69.09,0.0,58.2,1.0,0.0,0.3369,24.7,32.6,0.0,0.0,,,,,,,,
,2026-09-04,NH.NS,60.64,69.09,0.0,63.4,1.0,0.0,0.3057,37.1,36.2,0.0,0.0,2.0931,1.0,1.0,0.0,1.0,0.0,0.0,0.0
,2026-09-04,IEX.NS,60.39,66.96,0.0,63.2,1.0,0.0,0.3138,43.8,40.7,0.0,0.0,-1.1858,0.0,0.0,1.0,0.0,1.0,1.0,1.0
,2026-09-04,BAJFINANCE.NS,60.27,55.15,0.0,57.3,1.0,0.0,0.3289,30.9,39.1,0.0,0.0,-0.0471,0.0,0.0,1.0,0.0,1.0,1.0,1.0
,2026-09-04,HOMEFIRST.NS,60.17,52.13,0.0,39.8,0.0,0.0,0.2953,19.0,23.1,0.0,0.0,2.2312,1.0,0.0,0.0,0.0,0.0,1.0,1.0
,2026-09-04,EICHERMOT.NS,60.15,68.0,0.0,67.5,1.0,0.0,0.3231,34.5,39.2,0.0,0.0,1.5333,1.0,1.0,0.0,1.0,0.0,0.0,0.0
,2026-09-04,SBIN.NS,60.07,50.63,0.0,56.4,1.0,0.0,0.3171,32.3,40.3,0.0,0.0,-1.0038,0.0,0.0,1.0,0.0,1.0,1.0,1.0
,2026-09-04,BALKRISIND.NS,59.99,74.5,0.0,59.6,1.0,0.0,0.3087,38.7,38.3,0.0,0.0,-1.1643,0.0,0.0,1.0,0.0,1.0,1.0,1.0
,2026-09-04,NBCC.NS,59.92,79.12,0.0,56.4,1.0,0.0,0.3217,34.0,34.3,0.0,0.0,-0.6928,0.0,0.0,1.0,0.0,1.0,1.0,1.0
,2026-09-04,SCHAEFFLER.NS,59.91,64.8,0.0,70.7,1.0,0.0,0.3204,42.2,41.0,0.0,0.0,-0.0455,0.0,0.0,1.0,0.0,1.0,1.0,1.0
,2026-09-04,ABCAPITAL.NS,59.85,50.0,0.0,51.6,0.0,0.0,0.3229,26.6,27.1,0.0,0.0,-1.9634,0.0,0.0,1.0,1.0,1.0,1.0,1.0
,2026-09-04,ALKEM.NS,59.7,67.0,0.0,68.8,1.0,0.0,0.3236,42.9,40.8,0.0,0.0,-0.1734,0.0,0.0,1.0,0.0,1.0,1.0,1.0
,2026-09-04,BLS.NS,59.7,67.0,0.0,66.8,1.0,0.0,0.4041,43.1,40.1,0.0,0.0,0.1591,1.0,0.0,0.0,1.0,0.0,1.0,1.0
,2026-09-04,ADANIGREEN.NS,59.57,64.51,0.0,54.4,0.0,0.0,0.3156,30.2,29.5,0.0,0.0,-1.0221,0.0,1.0,1.0,1.0,1.0,0.0,0.0
,2026-09-04,MANKIND.NS,59.49,52.68,0.0,45.4,0.0,0.0,0.3205,23.2,26.2,0.0,0.0,-0.8119,0.0,0.0,1.0,1.0,1.0,1.0,1.0
,2026-09-04,MMTC.NS,59.44,64.87,0.0,57.3,1.0,0.0,0.3113,35.6,33.9,0.0,0.0,-0.5609,0.0,0.0,1.0,0.0,1.0,1.0,1.0
,2026-09-04,VINATIORGA.NS,59.39,63.66,0.0,65.1,1.0,0.0,0.3125,32.0,36.8,0.0,0.0,-0.9003,0.0,1.0,1.0,0.0,1.0,0.0,0.0
,2026-09-04,KOTAKBANK.NS,59.36,51.09,0.0,54.1,0.0,0.0,0.3003,33.0,42.3,0.0,0.0,-0.5654,0.0,0.0,1.0,1.0,1.0,1.0,1.0
,2026-09-04,HUDCO.NS,59.25,66.06,0.0,57.8,1.0,0.0,0.3192,40.0,37.7,0.0,0.0,-0.7091,0.0,0.0,1.0,0.0,1.0,1.0,1.0
,2026-09-04,OLAELEC.NS,59.21,65.91,0.0,63.6,1.0,0.0,0.3462,36.2,35.5,0.0,0.0,-0.6283,0.0,0.0,1.0,0.0,1.0,1.0,1.0
,2026-09-04,INDHOTEL.NS,59.15,67.28,0.0,53.5,0.0,0.0,0.2904,36.6,36.4,0.0,0.0,-0.5278,0.0,1.0,1.0,1.0,1.0,0.0,0.0
,2026-09-04,BDL.NS,58.9,63.66,0.0,59.1,1.0,0.0,0.3737,39.0,38.0,0.0,0.0,-0.996,0.0,0.0,1.0,0.0,1.0,1.0,1.0
,2026-09-04,BHEL.NS,58.73,60.14,0.0,48.1,0.0,0.0,0.3045,30.0,32.4,0.0,0.0,-2.2385,0.0,1.0,1.0,1.0,1.0,0.0,0.0
,2026-09-04,BIKAJI.NS,58.71,64.8,0.0,70.1,1.0,0.0,0.3677,35.8,38.5,0.0,0.0,-0.0856,0.0,0.0,1.0,0.0,1.0,1.0,1.0
,2026-09-04,BIOCON.NS,58.71,64.8,0.0,66.9,1.0,0.0,0.3204,40.8,39.1,0.0,0.0,-1.5098,0.0,0.0,1.0,0.0,1.0,1.0,1.0
,2026-09-04,GUJGASLTD.NS,58.71,64.8,0.0,58.0,1.0,0.0,0.3369,24.3,32.1,0.0,0.0,,,,,,,,
,2026-09-04,BAJAJFINSV.NS,58.71,64.8,0.0,52.5,0.0,0.0,0.303,29.8,31.5,0.0,0.0,-1.5939,0.0,0.0,1.0,1.0,1.0,1.0,1.0
,2026-09-04,SAPPHIRE.NS,58.64,50.08,0.0,55.2,1.0,0.0,0.4017,47.3,42.5,0.0,0.0,-0.7967,0.0,0.0,1.0,0.0,1.0,1.0,1.0
,2026-09-04,AXISBANK.NS,58.41,50.37,0.0,57.1,1.0,0.0,0.2851,19.5,30.0,0.0,0.0,-2.2074,0.0,0.0,1.0,0.0,1.0,1.0,1.0
,2026-09-04,RVNL.NS,58.35,51.76,0.0,58.5,1.0,0.0,0.3291,33.2,33.6,0.0,0.0,-2.3483,0.0,0.0,1.0,0.0,1.0,1.0,1.0
,2026-09-04,MOTHERSON.NS,57.77,66.33,0.0,70.9,1.0,0.0,0.3189,49.2,46.7,0.0,0.0,0.809,1.0,1.0,0.0,1.0,0.0,0.0,0.0
,2026-09-04,CUMMINSIND.NS,57.61,50.12,0.0,54.1,0.0,0.0,0.3243,29.2,28.5,0.0,0.0,0.0993,1.0,1.0,0.0,0.0,0.0,0.0,0.0
,2026-09-04,PERSISTENT.NS,57.6,64.77,0.0,63.3,1.0,0.0,0.2929,37.3,41.1,0.0,0.0,-1.8253,0.0,0.0,1.0,0.0,1.0,1.0,1.0
,2026-09-04,SHREECEM.NS,57.31,60.12,0.0,51.4,0.0,0.0,0.317,29.3,30.8,0.0,0.0,-2.0541,0.0,0.0,1.0,1.0,1.0,1.0,1.0
,2026-09-04,BAJAJHLDNG.NS,57.31,60.12,0.0,71.1,1.0,0.0,0.3242,38.2,40.8,0.0,0.0,-1.8455,0.0,0.0,1.0,0.0,1.0,1.0,1.0
,2026-09-04,TIINDIA.NS,57.15,61.31,0.0,58.4,1.0,0.0,0.3147,34.8,35.6,0.0,0.0,-2.1979,0.0,0.0,1.0,0.0,1.0,1.0,1.0
,2026-09-04,LODHA.NS,56.61,60.12,0.0,56.4,1.0,0.0,0.3058,36.1,36.9,0.0,0.0,-0.8183,0.0,0.0,1.0,0.0,1.0,1.0,1.0
,2026-09-04,UPL.NS,56.61,50.33,0.0,38.3,0.0,0.0,0.2957,16.1,22.7,0.0,0.0,-1.5718,0.0,0.0,1.0,1.0,1.0,1.0,1.0
,2026-09-04,BERGEPAINT.NS,56.46,50.0,0.0,53.4,0.0,0.0,0.4185,27.3,28.4,0.0,0.0,-1.2054,0.0,0.0,1.0,1.0,1.0,1.0,1.0
,2026-09-04,UTIAMC.NS,56.18,64.77,0.0,55.2,1.0,0.0,0.3113,29.9,31.5,0.0,0.0,1.0675,1.0,1.0,0.0,1.0,0.0,0.0,0.0
,2026-09-04,APLAPOLLO.NS,55.62,64.8,0.0,57.8,1.0,0.0,0.307,37.5,35.5,0.0,0.0,-1.5556,0.0,0.0,1.0,0.0,1.0,1.0,1.0
,2026-09-04,LTM.NS,55.47,64.8,0.0,61.0,1.0,0.0,0.2978,35.7,36.0,0.0,0.0,-2.3276,0.0,0.0,1.0,0.0,1.0,1.0,1.0
,2026-09-04,TATAPOWER.NS,55.29,59.54,0.0,48.6,0.0,0.0,0.3308,35.3,36.7,0.0,0.0,-0.625,0.0,1.0,1.0,1.0,1.0,0.0,0.0
,2026-09-04,CCLPROD.NS,54.07,60.08,0.0,57.2,1.0,0.0,0.3369,25.9,31.3,0.0,0.0,,,,,,,,
,2026-09-04,NHPC.NS,53.62,65.13,0.0,67.4,1.0,0.0,0.3217,31.7,36.0,0.0,0.0,-0.3279,0.0,1.0,1.0,0.0,1.0,0.0,0.0
,2026-09-04,MGL.NS,53.55,55.45,0.0,61.0,1.0,0.0,0.3242,36.9,33.7,0.0,0.0,0.6019,1.0,1.0,0.0,1.0,0.0,0.0,0.0
,2026-09-04,SUNTV.NS,52.85,56.73,0.0,52.4,0.0,0.0,0.3091,34.7,34.4,0.0,0.0,-3.6951,0.0,0.0,1.0,1.0,1.0,1.0,1.0
,2026-09-04,IRFC.NS,52.51,57.9,0.0,56.0,1.0,0.0,0.3168,42.1,37.3,0.0,0.0,-1.6787,0.0,0.0,1.0,0.0,1.0,1.0,1.0
,2026-09-04,CIPLA.NS,52.48,50.0,0.0,46.5,0.0,0.0,0.3112,20.9,25.0,0.0,0.0,-0.0722,0.0,0.0,1.0,1.0,1.0,1.0,1.0
,2026-09-04,ALKYLAMINE.NS,52.15,67.0,0.0,66.3,1.0,0.0,0.3227,56.0,43.0,1.0,0.0,-2.484,0.0,0.0,1.0,0.0,1.0,0.0,1.0
,2026-09-04,LAURUSLABS.NS,52.08,50.03,0.0,54.8,0.0,0.0,0.2903,39.2,37.4,0.0,0.0,5.8098,1.0,1.0,0.0,0.0,0.0,0.0,0.0
,2026-09-04,PAYTM.NS,52.07,50.0,0.0,59.8,1.0,0.0,0.3004,41.5,43.3,0.0,0.0,0.6327,1.0,1.0,0.0,1.0,0.0,0.0,0.0
,2026-09-04,HDFCLIFE.NS,52.07,53.68,0.0,56.2,1.0,0.0,0.3262,33.6,34.9,0.0,0.0,-2.4158,0.0,0.0,1.0,0.0,1.0,1.0,1.0
,2026-09-04,PHOENIXLTD.NS,52.06,57.23,0.0,41.9,0.0,0.0,0.3037,26.7,28.2,0.0,0.0,-1.9053,0.0,0.0,1.0,1.0,1.0,1.0,1.0
,2026-09-04,NATIONALUM.NS,51.12,50.03,0.0,56.8,1.0,0.0,0.3745,44.2,39.9,0.0,0.0,-2.1919,0.0,1.0,1.0,0.0,1.0,0.0,0.0
,2026-09-04,PAGEIND.NS,51.1,50.0,0.0,52.8,0.0,0.0,0.3185,26.4,30.5,0.0,0.0,-1.3085,0.0,0.0,1.0,1.0,1.0,1.0,1.0
,2026-09-04,HINDALCO.NS,50.37,53.47,0.0,60.5,1.0,0.0,0.3246,38.9,40.3,0.0,0.0,-0.1978,0.0,1.0,1.0,0.0,1.0,0.0,0.0
,2026-09-04,GODREJPROP.NS,49.93,50.19,0.0,64.5,1.0,0.0,0.3162,41.7,41.9,0.0,0.0,-3.0172,0.0,0.0,1.0,0.0,1.0,1.0,1.0
,2026-09-04,KAYNES.NS,49.63,51.5,0.0,65.7,1.0,0.0,0.4227,41.7,38.7,0.0,0.0,0.3335,1.0,0.0,0.0,1.0,0.0,1.0,1.0
,2026-09-04,SHYAMMETL.NS,49.54,50.0,0.0,53.1,0.0,0.0,0.3041,35.0,39.7,0.0,0.0,1.5958,1.0,1.0,0.0,0.0,0.0,0.0,0.0
,2026-09-04,TATATECH.NS,49.54,50.0,0.0,62.8,1.0,0.0,0.3104,34.0,34.3,0.0,0.0,-1.8625,0.0,0.0,1.0,0.0,1.0,1.0,1.0
,2026-09-04,PIDILITIND.NS,49.54,50.0,0.0,55.7,1.0,0.0,0.3014,33.6,34.3,0.0,0.0,-3.3446,0.0,0.0,1.0,0.0,1.0,1.0,1.0
,2026-09-04,CESC.NS,49.54,50.0,0.0,49.6,0.0,0.0,0.3208,27.2,29.6,0.0,0.0,-0.3072,0.0,1.0,1.0,1.0,1.0,0.0,0.0
,2026-09-04,GAIL.NS,49.18,50.15,0.0,48.9,0.0,0.0,0.2974,25.2,29.5,0.0,0.0,1.4994,1.0,1.0,0.0,0.0,0.0,0.0,0.0
,2026-09-04,ADANIENT.NS,49.07,48.27,0.0,48.4,0.0,0.0,0.3128,28.4,30.5,0.0,0.0,0.4084,1.0,1.0,0.0,0.0,0.0,0.0,0.0
,2026-09-04,DLF.NS,48.96,50.0,0.0,57.1,1.0,0.0,0.2996,30.3,33.2,0.0,0.0,-0.9972,0.0,0.0,1.0,0.0,1.0,1.0,1.0
,2026-09-04,LTIM.NS,48.96,50.0,0.0,54.0,0.0,0.0,0.3349,22.5,27.3,0.0,0.0,,,,,,,,
,2026-09-04,OBEROIRLTY.NS,48.8,50.0,0.0,52.0,0.0,0.0,0.3054,28.5,30.1,0.0,0.0,-1.4982,0.0,0.0,1.0,1.0,1.0,1.0,1.0
,2026-09-04,SJVN.NS,48.6,74.5,0.0,60.6,1.0,0.0,0.3419,44.4,41.5,0.0,0.0,0.9811,1.0,1.0,0.0,1.0,0.0,0.0,0.0
,2026-09-04,SUNPHARMA.NS,47.56,54.83,0.0,60.0,1.0,0.0,0.3033,42.8,45.2,0.0,0.0,-0.2106,0.0,0.0,1.0,0.0,1.0,1.0,1.0
,2026-09-04,BHARTIARTL.NS,46.32,50.0,0.0,53.7,0.0,0.0,0.3165,26.5,29.7,0.0,0.0,0.7609,1.0,0.0,0.0,0.0,0.0,1.0,1.0
,2026-09-04,APOLLOHOSP.NS,46.32,50.0,0.0,52.2,0.0,0.0,0.3131,23.3,28.4,0.0,0.0,2.1676,1.0,1.0,0.0,0.0,0.0,0.0,0.0
,2026-09-04,TMPV.NS,45.62,50.0,0.0,47.6,0.0,0.0,0.3157,19.9,24.9,0.0,0.0,-1.4446,0.0,0.0,1.0,1.0,1.0,1.0,1.0
,2026-09-04,FORTIS.NS,45.62,50.0,0.0,40.9,0.0,0.0,0.3127,23.5,26.6,0.0,0.0,0.3315,1.0,0.0,0.0,0.0,0.0,1.0,1.0
,2026-09-04,AMBER.NS,45.62,50.0,0.0,57.1,1.0,0.0,0.3018,28.8,32.0,0.0,0.0,-2.221,0.0,0.0,1.0,0.0,1.0,1.0,1.0
,2026-09-04,RADICO.NS,45.62,50.0,0.0,49.3,0.0,0.0,0.3082,27.5,30.5,0.0,0.0,-1.1126,0.0,0.0,1.0,1.0,1.0,1.0,1.0
,2026-09-04,TATAELXSI.NS,45.62,50.0,0.0,52.5,0.0,0.0,0.3103,24.2,26.7,0.0,0.0,-1.7144,0.0,0.0,1.0,1.0,1.0,1.0,1.0
,2026-09-04,HDFCAMC.NS,45.62,50.0,0.0,56.9,1.0,0.0,0.3178,25.5,29.2,0.0,0.0,-0.4475,0.0,0.0,1.0,0.0,1.0,1.0,1.0
,2026-09-04,DEEPAKNTR.NS,45.62,50.0,0.0,62.7,1.0,0.0,0.3014,27.8,30.9,0.0,0.0,-3.7725,0.0,0.0,1.0,0.0,1.0,1.0,1.0
,2026-09-04,KIMS.NS,45.35,41.98,0.0,60.4,1.0,0.0,0.3233,30.4,29.7,0.0,0.0,0.0524,1.0,1.0,0.0,1.0,0.0,0.0,0.0
,2026-09-04,JYOTHYLAB.NS,45.04,48.71,0.0,61.6,1.0,0.0,0.3178,26.1,29.4,0.0,0.0,-3.1954,0.0,0.0,1.0,0.0,1.0,1.0,1.0
,2026-09-04,BAJAJ-AUTO.NS,44.36,40.13,0.0,61.4,1.0,0.0,0.3062,34.9,38.5,0.0,0.0,-0.9984,0.0,0.0,1.0,0.0,1.0,1.0,1.0
,2026-09-04,MARUTI.NS,43.23,48.98,0.0,59.8,1.0,0.0,0.3362,56.4,52.0,1.0,0.0,0.5199,1.0,0.0,0.0,1.0,0.0,0.0,1.0
,2026-09-04,GOLDBEES.NS,42.75,43.69,0.0,62.4,1.0,0.0,0.3197,26.7,30.4,0.0,0.0,-1.2503,0.0,0.0,1.0,0.0,1.0,1.0,1.0
,2026-09-04,YESBANK.NS,41.89,48.81,0.0,44.7,0.0,0.0,0.3075,28.2,34.5,0.0,0.0,-0.3556,0.0,0.0,1.0,1.0,1.0,1.0,1.0
,2026-09-04,INDUSINDBK.NS,41.01,49.6,0.0,65.6,1.0,0.0,0.323,45.9,47.0,0.0,0.0,-1.0412,0.0,0.0,1.0,0.0,1.0,1.0,1.0
,2026-09-04,SHRIRAMFIN.NS,40.77,44.81,0.0,57.2,1.0,0.0,0.376,44.5,36.2,0.0,0.0,-0.3842,0.0,0.0,1.0,0.0,1.0,1.0,1.0
,2026-09-04,ICICIBANK.NS,40.01,48.89,0.0,51.3,0.0,0.0,0.2895,46.2,46.3,0.0,0.0,0.3021,1.0,0.0,0.0,0.0,0.0,1.0,1.0
,2026-09-04,HDFCBANK.NS,39.97,48.62,0.0,54.8,0.0,0.0,0.3212,63.6,54.1,1.0,0.0,-0.2247,0.0,0.0,1.0,1.0,1.0,0.0,1.0
,2026-09-04,IOB.NS,39.97,39.54,0.0,37.7,0.0,0.0,0.3052,21.9,27.6,0.0,0.0,-1.3413,0.0,0.0,1.0,1.0,1.0,1.0,1.0
,2026-09-04,ITC.NS,39.01,41.22,0.0,55.2,1.0,0.0,0.3166,46.5,44.0,0.0,0.0,-0.2272,0.0,0.0,1.0,0.0,1.0,1.0,1.0
,2026-09-04,BHARATFORG.NS,38.77,50.0,0.0,59.8,1.0,0.0,0.3283,52.5,44.0,0.0,0.0,-0.0511,0.0,1.0,1.0,0.0,1.0,0.0,0.0
,2026-09-04,MUTHOOTFIN.NS,37.79,43.96,0.0,46.1,0.0,0.0,0.3215,35.5,34.2,0.0,0.0,-1.16,0.0,0.0,1.0,1.0,1.0,1.0,1.0
,2026-09-04,PNB.NS,36.75,32.4,0.0,50.7,0.0,0.0,0.2951,30.1,32.2,0.0,0.0,-1.1966,0.0,0.0,1.0,1.0,1.0,1.0,1.0
,2026-09-04,DMART.NS,36.74,28.7,0.0,59.3,1.0,0.0,0.3237,35.7,33.7,0.0,0.0,-1.5915,0.0,0.0,1.0,0.0,1.0,1.0,1.0
,2026-09-04,NMDC.NS,36.26,41.22,0.0,55.0,0.0,0.0,0.3208,46.5,38.3,0.0,0.0,-1.0035,0.0,1.0,1.0,1.0,1.0,0.0,0.0
,2026-09-04,SAIL.NS,36.25,41.88,0.0,39.7,0.0,0.0,0.3006,34.0,35.2,0.0,0.0,-4.5224,0.0,0.0,1.0,1.0,1.0,1.0,1.0
,2026-09-04,OIL.NS,36.05,37.26,0.0,38.8,0.0,0.0,0.3102,43.5,35.7,0.0,0.0,-0.2662,0.0,1.0,1.0,1.0,1.0,0.0,0.0
,2026-09-04,HAVELLS.NS,36.03,40.79,0.0,63.1,1.0,0.0,0.3372,56.1,46.0,1.0,0.0,-1.2132,0.0,0.0,1.0,0.0,1.0,0.0,1.0
,2026-09-04,BPCL.NS,35.13,32.09,0.0,42.8,0.0,0.0,0.2971,25.2,29.8,0.0,0.0,-0.8869,0.0,0.0,1.0,1.0,1.0,1.0,1.0
,2026-09-04,TORNTPHARM.NS,34.82,38.75,0.0,47.7,0.0,0.0,0.3096,24.0,28.1,0.0,0.0,1.1736,1.0,1.0,0.0,0.0,0.0,0.0,0.0
,2026-09-04,IOC.NS,34.69,35.67,0.0,43.4,0.0,0.0,0.302,25.7,29.7,0.0,0.0,-1.7805,0.0,0.0,1.0,1.0,1.0,1.0,1.0
,2026-09-04,TATACOMM.NS,34.46,32.7,0.0,55.3,1.0,0.0,0.3123,42.6,34.5,0.0,0.0,-0.1879,0.0,1.0,1.0,0.0,1.0,0.0,0.0
,2026-09-04,ETERNAL.NS,33.97,39.22,0.0,58.3,1.0,0.0,0.2954,44.4,41.4,0.0,0.0,-0.3563,0.0,0.0,1.0,0.0,1.0,1.0,1.0
,2026-09-04,BANKBARODA.NS,33.75,37.92,0.0,44.8,0.0,0.0,0.3108,20.4,26.4,0.0,0.0,-0.8368,0.0,0.0,1.0,1.0,1.0,1.0,1.0
,2026-09-04,GODREJCP.NS,32.92,42.99,0.0,47.9,0.0,0.0,0.3437,39.6,36.3,0.0,0.0,-1.8337,0.0,0.0,1.0,1.0,1.0,1.0,1.0
,2026-09-04,RELIANCE.NS,32.56,32.42,0.0,54.4,0.0,0.0,0.3033,47.5,44.2,0.0,0.0,-0.9455,0.0,0.0,1.0,1.0,1.0,1.0,1.0
,2026-09-04,ZYDUSLIFE.NS,32.11,32.01,0.0,59.0,1.0,0.0,0.3111,49.0,40.7,0.0,0.0,3.2946,1.0,1.0,0.0,1.0,0.0,0.0,0.0
,2026-09-04,BRITANNIA.NS,31.96,34.96,0.0,60.6,1.0,0.0,0.3279,48.0,44.7,0.0,0.0,-1.1565,0.0,0.0,1.0,0.0,1.0,1.0,1.0
,2026-09-04,ONGC.NS,31.45,33.66,0.0,53.0,0.0,0.0,0.315,36.0,34.1,0.0,0.0,-0.4049,0.0,0.0,1.0,1.0,1.0,1.0,1.0
,2026-09-04,HINDZINC.NS,30.36,27.98,0.0,54.5,0.0,0.0,0.3052,47.6,44.5,0.0,0.0,-1.9717,0.0,1.0,1.0,1.0,1.0,0.0,0.0
,2026-09-04,NESTLEIND.NS,30.35,21.2,0.0,63.5,1.0,0.0,0.3331,61.4,53.3,1.0,0.0,-0.8862,0.0,0.0,1.0,0.0,1.0,0.0,1.0
,2026-09-04,COLPAL.NS,28.94,35.2,0.0,53.8,0.0,0.0,0.3213,37.1,34.6,0.0,0.0,-0.8583,0.0,0.0,1.0,1.0,1.0,1.0,1.0
,2026-09-04,LUPIN.NS,28.61,43.15,0.0,48.3,0.0,0.0,0.325,40.7,35.0,0.0,0.0,-0.237,0.0,0.0,1.0,1.0,1.0,1.0,1.0
,2026-09-04,INDIGO.NS,27.04,29.78,0.0,61.0,1.0,0.0,0.318,55.6,55.0,1.0,0.0,0.4621,1.0,0.0,0.0,1.0,0.0,0.0,1.0
,2026-09-04,MPHASIS.NS,26.88,29.91,0.0,49.4,0.0,0.0,0.2921,56.8,42.3,1.0,0.0,-2.7663,0.0,0.0,1.0,1.0,1.0,0.0,1.0
,2026-09-04,DABUR.NS,25.08,20.82,0.0,52.4,0.0,0.0,0.3163,53.6,43.8,0.0,0.0,-1.4177,0.0,0.0,1.0,1.0,1.0,1.0,1.0
,2026-09-04,HINDUNILVR.NS,24.61,21.35,0.0,60.6,1.0,0.0,0.3174,60.8,53.1,1.0,0.0,0.3344,1.0,0.0,0.0,1.0,0.0,0.0,1.0
,2026-09-04,SILVERBEES.NS,24.51,21.39,0.0,63.2,1.0,0.0,0.3318,39.0,36.7,0.0,0.0,-1.2658,0.0,0.0,1.0,0.0,1.0,1.0,1.0
,2026-09-04,BANSALWIRE.NS,24.45,32.35,0.0,51.1,0.0,0.0,0.3176,43.7,39.3,0.0,0.0,0.7619,1.0,0.0,0.0,0.0,0.0,1.0,1.0
,2026-09-04,AMBUJACEM.NS,24.26,31.94,0.0,45.3,0.0,0.0,0.3139,45.1,38.7,0.0,0.0,-1.5802,0.0,0.0,1.0,1.0,1.0,1.0,1.0
,2026-09-04,IRCON.NS,22.34,32.0,0.0,50.0,0.0,0.0,0.3208,50.5,38.2,0.0,0.0,-1.2914,0.0,0.0,1.0,1.0,1.0,1.0,1.0
,2026-09-04,AFFLE.NS,70.66,72.48,1.0,72.0,1.0,1.0,0.5789,52.3,47.4,0.0,0.0,-0.4392,0.0,0.0,0.0,0.0,0.0,1.0,1.0
,2026-09-04,SONACOMS.NS,54.26,55.47,0.0,70.6,1.0,0.0,0.3552,45.9,42.3,0.0,0.0,-0.1267,0.0,1.0,1.0,0.0,1.0,0.0,0.0
,2026-09-04,DRREDDY.NS,51.45,54.45,0.0,67.9,1.0,0.0,0.345,42.8,42.6,0.0,0.0,-0.5908,0.0,0.0,1.0,0.0,1.0,1.0,1.0
,2026-09-04,ACC.NS,42.77,48.66,0.0,64.1,1.0,0.0,0.3493,43.1,38.6,0.0,0.0,-1.6358,0.0,0.0,1.0,0.0,1.0,1.0,1.0
,2026-09-04,JINDALSTEL.NS,55.84,58.93,0.0,61.8,1.0,0.0,0.3505,40.8,41.1,0.0,0.0,-2.4635,0.0,0.0,1.0,0.0,1.0,1.0,1.0
,2026-09-04,AARTIIND.NS,50.16,51.75,0.0,69.0,1.0,0.0,0.3686,54.9,46.2,0.0,0.0,2.3677,1.0,1.0,0.0,1.0,0.0,0.0,0.0
,2026-09-04,KEC.NS,69.16,88.57,1.0,67.3,1.0,1.0,0.4293,56.5,49.1,1.0,0.0,-1.6889,0.0,0.0,0.0,0.0,0.0,0.0,1.0
,2026-09-04,AJANTPHARM.NS,54.53,56.06,0.0,60.2,1.0,0.0,0.3396,50.0,44.9,0.0,0.0,3.3047,1.0,1.0,0.0,1.0,0.0,0.0,0.0
=======,,,,,,,,,,,,,,,,,,,,,
,2026-09-03,BDL.NS,48.76,55.01,0.0,59.6,1.0,0.0,0.1133,51.5,43.8,0.0,0.0,1.622,1.0,0.0,0.0,1.0,0.0,1.0,1.0
,2026-09-03,INDIAMART.NS,46.42,51.36,0.0,55.0,0.0,0.0,0.1218,29.7,35.9,0.0,0.0,0.0289,1.0,0.0,0.0,0.0,0.0,1.0,1.0
,2026-09-03,DMART.NS,35.88,41.07,0.0,52.2,0.0,0.0,0.1245,39.3,37.5,0.0,0.0,-0.1807,0.0,0.0,1.0,1.0,1.0,1.0,1.0
,2026-09-04,ABB.NS,77.15,84.92,1.0,58.0,1.0,1.0,0.3312,36.4,34.9,0.0,0.0,-0.3104,0.0,0.0,0.0,0.0,0.0,1.0,1.0
,2026-09-04,TIMKEN.NS,77.02,80.73,1.0,56.4,1.0,1.0,0.329,28.5,29.1,0.0,0.0,-0.8511,0.0,1.0,0.0,0.0,0.0,0.0,0.0
,2026-09-04,NYKAA.NS,75.94,89.22,1.0,58.7,1.0,1.0,0.3899,30.7,30.3,0.0,0.0,2.5564,1.0,1.0,1.0,1.0,1.0,0.0,0.0
,2026-09-04,SIEMENS.NS,74.7,75.57,1.0,59.4,1.0,1.0,0.3103,35.6,34.8,0.0,0.0,-1.2572,0.0,0.0,0.0,0.0,0.0,1.0,1.0
,2026-09-04,NAM-INDIA.NS,74.0,73.35,1.0,58.8,1.0,1.0,0.3386,29.0,29.9,0.0,0.0,3.0261,1.0,1.0,1.0,1.0,1.0,0.0,0.0
,2026-09-04,VBL.NS,73.9,79.3,1.0,58.7,1.0,1.0,0.3458,40.4,40.3,0.0,0.0,-0.4048,0.0,0.0,0.0,0.0,0.0,1.0,1.0
,2026-09-04,ADANIENSOL.NS,73.22,70.28,1.0,57.1,1.0,1.0,0.8449,40.1,41.2,0.0,0.0,-1.3621,0.0,1.0,0.0,0.0,0.0,0.0,0.0
,2026-09-04,TORNTPOWER.NS,72.97,73.53,1.0,46.8,0.0,0.0,0.344,31.2,30.0,0.0,0.0,-2.2246,0.0,0.0,0.0,1.0,1.0,1.0,1.0
,2026-09-04,IRCTC.NS,72.94,74.33,1.0,60.5,1.0,1.0,0.3306,34.9,35.4,0.0,0.0,-0.7562,0.0,0.0,0.0,0.0,0.0,1.0,1.0
,2026-09-04,ABBOTINDIA.NS,72.85,75.42,1.0,50.5,0.0,0.0,0.3252,27.6,29.6,0.0,0.0,-1.9566,0.0,,0.0,1.0,1.0,,
,2026-09-04,ADANIPORTS.NS,72.84,74.33,1.0,40.9,0.0,0.0,0.3231,22.0,24.1,0.0,0.0,0.1581,1.0,1.0,1.0,0.0,0.0,0.0,0.0
,2026-09-04,DEVYANI.NS,72.73,73.0,1.0,60.7,1.0,1.0,0.4032,53.0,45.4,0.0,0.0,-0.9262,0.0,0.0,0.0,0.0,0.0,1.0,1.0
,2026-09-04,MTAR.NS,72.08,77.17,1.0,60.8,1.0,1.0,0.35,18.5,25.6,0.0,0.0,,,,,,,,
,2026-09-04,DATAPATTNS.NS,71.86,71.92,1.0,52.9,0.0,0.0,0.3323,36.5,37.2,0.0,0.0,7.5747,1.0,,1.0,0.0,0.0,,
,2026-09-04,IIFL.NS,71.29,71.76,1.0,56.9,1.0,1.0,0.3278,41.1,40.1,0.0,0.0,0.4454,1.0,0.0,1.0,1.0,1.0,1.0,1.0
,2026-09-04,ASIANPAINT.NS,71.28,80.49,1.0,67.6,1.0,1.0,0.3376,42.3,42.7,0.0,0.0,-1.0446,0.0,0.0,0.0,0.0,0.0,1.0,1.0
,2026-09-04,CAMS.NS,70.91,89.48,1.0,57.8,1.0,1.0,0.3655,42.1,36.5,0.0,0.0,-2.5775,0.0,0.0,0.0,0.0,0.0,1.0,1.0
,2026-09-04,TATACONSUM.NS,70.71,72.02,1.0,58.6,1.0,1.0,0.3204,34.9,35.6,0.0,0.0,0.495,1.0,0.0,1.0,1.0,1.0,1.0,1.0
,2026-09-04,BOSCHLTD.NS,70.66,89.79,1.0,67.5,1.0,1.0,0.3876,43.9,40.5,0.0,0.0,2.5737,1.0,1.0,1.0,1.0,1.0,0.0,0.0
,2026-09-04,JIOFIN.NS,70.29,71.08,1.0,55.0,0.0,0.0,0.3213,31.0,31.5,0.0,0.0,-2.6514,0.0,0.0,0.0,1.0,1.0,1.0,1.0
,2026-09-04,MRF.NS,69.77,75.53,1.0,61.1,1.0,1.0,0.3066,30.7,28.9,0.0,0.0,-0.8119,0.0,0.0,0.0,0.0,0.0,1.0,1.0
,2026-09-04,BRIGADE.NS,69.75,72.75,1.0,56.1,1.0,1.0,1.379,37.9,37.6,0.0,0.0,-1.3073,0.0,,0.0,0.0,0.0,,
,2026-09-04,COFORGE.NS,69.61,68.02,0.0,57.9,1.0,0.0,0.3093,44.6,41.8,0.0,0.0,-1.9161,0.0,0.0,1.0,0.0,1.0,1.0,1.0
,2026-09-04,TITAN.NS,69.52,72.89,1.0,62.8,1.0,1.0,0.3105,43.1,36.9,0.0,0.0,-0.498,0.0,0.0,0.0,0.0,0.0,1.0,1.0
,2026-09-04,IDEA.NS,69.49,87.53,1.0,50.3,0.0,0.0,0.3413,32.3,32.8,0.0,0.0,3.8615,1.0,1.0,1.0,0.0,0.0,0.0,0.0
,2026-09-04,WESTLIFE.NS,68.59,86.76,1.0,66.7,1.0,1.0,0.3845,48.2,42.6,0.0,0.0,1.4418,1.0,,1.0,1.0,1.0,,
,2026-09-04,BLUESTARCO.NS,68.45,67.0,0.0,53.2,0.0,0.0,0.3027,25.4,30.2,0.0,0.0,-1.5566,0.0,1.0,1.0,1.0,1.0,0.0,0.0
,2026-09-04,MANAPPURAM.NS,68.44,69.08,0.0,49.8,0.0,0.0,0.3264,30.3,30.7,0.0,0.0,-4.1507,0.0,0.0,1.0,1.0,1.0,1.0,1.0
,2026-09-04,CPSEETF.NS,68.04,79.97,1.0,58.3,1.0,1.0,0.3147,26.2,30.0,0.0,0.0,-0.2455,0.0,1.0,0.0,0.0,0.0,0.0,0.0
,2026-09-04,SKFINDIA.NS,68.0,62.72,0.0,57.9,1.0,0.0,0.325,35.8,34.2,0.0,0.0,-0.4249,0.0,0.0,1.0,0.0,1.0,1.0,1.0
,2026-09-04,CHOLAFIN.NS,67.91,67.01,0.0,50.7,0.0,0.0,0.3083,29.6,30.7,0.0,0.0,-0.8483,0.0,,1.0,1.0,1.0,,
,2026-09-04,HEROMOTOCO.NS,67.89,67.68,0.0,62.4,1.0,0.0,0.4521,54.0,50.2,0.0,0.0,-0.566,0.0,0.0,1.0,0.0,1.0,1.0,1.0
,2026-09-04,TECHM.NS,67.59,77.81,1.0,66.9,1.0,1.0,0.3131,39.6,38.0,0.0,0.0,-2.0602,0.0,0.0,0.0,0.0,0.0,1.0,1.0
,2026-09-04,MAZDOCK.NS,67.49,62.69,0.0,58.6,1.0,0.0,0.3215,47.7,47.7,0.0,0.0,-0.3475,0.0,0.0,1.0,0.0,1.0,1.0,1.0
,2026-09-04,KPIL.NS,67.37,84.04,1.0,51.6,0.0,0.0,0.3029,31.5,30.0,0.0,0.0,-0.6469,0.0,1.0,0.0,1.0,1.0,0.0,0.0
,2026-09-04,GRSE.NS,67.22,62.69,0.0,57.4,1.0,0.0,0.3153,49.5,50.5,0.0,0.0,-0.2961,0.0,0.0,1.0,0.0,1.0,1.0,1.0
,2026-09-04,BEL.NS,67.03,59.62,0.0,51.2,0.0,0.0,0.2965,40.4,39.4,0.0,0.0,-0.333,0.0,1.0,1.0,1.0,1.0,0.0,0.0
,2026-09-04,HAL.NS,66.76,59.66,0.0,59.6,1.0,0.0,0.3308,40.0,46.0,0.0,0.0,3.6059,1.0,,0.0,1.0,0.0,,
,2026-09-04,EIHOTEL.NS,66.38,81.84,1.0,63.1,1.0,1.0,0.3162,38.4,36.7,0.0,0.0,0.7194,1.0,0.0,1.0,1.0,1.0,1.0,1.0
,2026-09-04,JPPOWER.NS,66.38,81.84,1.0,68.4,1.0,1.0,0.3327,45.1,42.8,0.0,0.0,3.0694,1.0,1.0,1.0,1.0,1.0,0.0,0.0
,2026-09-04,UBL.NS,66.36,80.25,1.0,63.8,1.0,1.0,0.3382,39.1,39.5,0.0,0.0,-2.1025,0.0,,0.0,0.0,0.0,,
,2026-09-04,NAVINFLUOR.NS,65.82,64.79,0.0,50.9,0.0,0.0,0.3108,39.8,36.1,0.0,0.0,0.5375,1.0,1.0,0.0,0.0,0.0,0.0,0.0
,2026-09-04,ATGL.NS,65.58,73.84,1.0,56.0,1.0,1.0,0.3354,34.5,35.9,0.0,0.0,-0.4817,0.0,,0.0,0.0,0.0,,
,2026-09-04,VEDL.NS,65.57,59.38,0.0,55.3,1.0,0.0,0.325,32.9,33.5,0.0,0.0,-1.5068,0.0,1.0,1.0,0.0,1.0,0.0,0.0
,2026-09-04,TATASTEEL.NS,65.42,57.85,0.0,51.7,0.0,0.0,0.3212,26.3,26.7,0.0,0.0,-1.6844,0.0,0.0,1.0,1.0,1.0,1.0,1.0
,2026-09-04,POLICYBZR.NS,65.34,79.52,1.0,60.9,1.0,1.0,0.3082,43.9,43.0,0.0,0.0,-0.5447,0.0,,0.0,0.0,0.0,,
,2026-09-04,WIPRO.NS,65.22,55.21,0.0,63.4,1.0,0.0,0.327,37.8,42.2,0.0,0.0,-2.0408,0.0,0.0,1.0,0.0,1.0,1.0,1.0
,2026-09-04,TCS.NS,65.14,55.32,0.0,62.6,1.0,0.0,0.3061,31.8,35.5,0.0,0.0,-1.4757,0.0,0.0,1.0,0.0,1.0,1.0,1.0
,2026-09-04,NTPC.NS,65.07,56.37,0.0,43.4,0.0,0.0,0.3011,17.7,23.6,0.0,0.0,-0.1504,0.0,1.0,1.0,1.0,1.0,0.0,0.0
,2026-09-04,SOLARINDS.NS,65.06,60.84,0.0,42.6,0.0,0.0,0.358,36.2,35.1,0.0,0.0,2.3549,1.0,1.0,0.0,0.0,0.0,0.0,0.0
,2026-09-04,SYNGENE.NS,65.05,76.23,1.0,58.0,1.0,1.0,0.3151,36.5,34.8,0.0,0.0,-1.5925,0.0,0.0,0.0,0.0,0.0,1.0,1.0
,2026-09-04,LT.NS,65.03,78.85,1.0,65.8,1.0,1.0,0.32,40.6,42.7,0.0,0.0,0.8804,1.0,0.0,1.0,1.0,1.0,1.0,1.0
,2026-09-04,HCLTECH.NS,65.0,55.17,0.0,61.2,1.0,0.0,0.2955,36.8,39.7,0.0,0.0,-0.8195,0.0,0.0,1.0,0.0,1.0,1.0,1.0
,2026-09-04,COCHINSHIP.NS,64.93,73.91,0.0,55.4,1.0,0.0,0.3172,38.8,36.1,0.0,0.0,0.487,1.0,1.0,0.0,1.0,0.0,0.0,0.0
,2026-09-04,INFY.NS,64.77,55.26,0.0,60.6,1.0,0.0,0.2953,37.2,36.9,0.0,0.0,-3.7611,0.0,0.0,1.0,0.0,1.0,1.0,1.0
,2026-09-04,DIXON.NS,64.54,55.05,0.0,51.7,0.0,0.0,0.3007,27.4,29.3,0.0,0.0,-0.4213,0.0,0.0,1.0,1.0,1.0,1.0,1.0
,2026-09-04,TMCV.NS,64.45,64.6,0.0,57.8,1.0,0.0,0.3249,36.0,34.5,0.0,0.0,0.3165,1.0,0.0,0.0,1.0,0.0,1.0,1.0
,2026-09-04,BSE.NS,64.4,62.96,0.0,48.1,0.0,0.0,0.4213,29.5,30.2,0.0,0.0,-0.4634,0.0,0.0,1.0,1.0,1.0,1.0,1.0
,2026-09-04,COALINDIA.NS,63.73,52.12,0.0,40.0,0.0,0.0,0.2807,26.3,30.8,0.0,0.0,0.8427,1.0,1.0,0.0,0.0,0.0,0.0,0.0
,2026-09-04,POWERGRID.NS,63.64,57.82,0.0,50.4,0.0,0.0,0.309,22.7,24.6,0.0,0.0,-0.094,0.0,1.0,1.0,1.0,1.0,0.0,0.0
,2026-09-04,SUZLON.NS,63.54,75.53,0.0,57.5,1.0,0.0,0.3199,35.6,34.7,0.0,0.0,0.441,1.0,1.0,0.0,1.0,0.0,0.0,0.0
,2026-09-04,MAXHEALTH.NS,63.54,75.53,0.0,57.8,1.0,0.0,0.3147,34.4,35.3,0.0,0.0,0.8327,1.0,1.0,0.0,1.0,0.0,0.0,0.0
,2026-09-04,JUBLFOOD.NS,63.32,80.62,0.0,67.8,1.0,0.0,0.3594,44.6,38.7,0.0,0.0,-1.5123,0.0,0.0,1.0,0.0,1.0,1.0,1.0
,2026-09-04,LICI.NS,62.72,57.85,0.0,46.2,0.0,0.0,0.3043,27.5,29.3,0.0,0.0,-0.9269,0.0,0.0,1.0,1.0,1.0,1.0,1.0
,2026-09-04,HINDCOPPER.NS,62.4,54.96,0.0,59.5,1.0,0.0,0.3865,34.6,33.9,0.0,0.0,-2.4058,0.0,1.0,1.0,0.0,1.0,0.0,0.0
,2026-09-04,IGL.NS,62.08,66.53,0.0,62.2,1.0,0.0,0.3197,35.2,34.9,0.0,0.0,-2.5437,0.0,,1.0,0.0,1.0,,
,2026-09-04,ULTRACEMCO.NS,62.05,54.83,0.0,59.3,1.0,0.0,0.3223,37.0,36.2,0.0,0.0,-2.0424,0.0,0.0,1.0,0.0,1.0,1.0,1.0
,2026-09-04,PRESTIGE.NS,61.92,53.31,0.0,41.5,0.0,0.0,0.3127,19.1,24.0,0.0,0.0,-2.3314,0.0,0.0,1.0,1.0,1.0,1.0,1.0
,2026-09-04,ANGELONE.NS,61.81,70.45,0.0,55.5,1.0,0.0,0.3247,34.9,34.6,0.0,0.0,-0.6004,0.0,0.0,1.0,0.0,1.0,1.0,1.0
,2026-09-04,BALAMINES.NS,61.54,71.08,0.0,57.5,1.0,0.0,0.3112,39.5,40.2,0.0,0.0,1.6474,1.0,0.0,0.0,1.0,0.0,1.0,1.0
,2026-09-04,VOLTAS.NS,61.54,71.08,0.0,61.4,1.0,0.0,0.3899,41.0,38.3,0.0,0.0,-0.2393,0.0,0.0,1.0,0.0,1.0,1.0,1.0
,2026-09-04,ADANIPOWER.NS,61.51,53.93,0.0,43.7,0.0,0.0,0.2872,18.7,23.5,0.0,0.0,-1.3079,0.0,1.0,1.0,1.0,1.0,0.0,0.0
,2026-09-04,NAUKRI.NS,61.42,55.67,0.0,61.4,1.0,0.0,0.3112,43.5,40.7,0.0,0.0,-1.3108,0.0,0.0,1.0,0.0,1.0,1.0,1.0
,2026-09-04,PNCINFRA.NS,61.25,66.93,0.0,57.5,1.0,0.0,0.8051,47.2,44.6,0.0,0.0,-3.304,0.0,0.0,1.0,0.0,1.0,1.0,1.0
,2026-09-04,L&T.NS,61.16,56.01,0.0,54.0,0.0,0.0,0.3434,18.4,25.9,0.0,0.0,,,,,,,,
,2026-09-04,MASTEK.NS,61.03,50.57,0.0,46.9,0.0,0.0,0.3135,33.6,36.9,0.0,0.0,-4.5801,0.0,0.0,1.0,1.0,1.0,1.0,1.0
,2026-09-04,M&M.NS,60.98,54.47,0.0,62.6,1.0,0.0,0.4053,46.4,51.7,0.0,0.0,-0.3155,0.0,0.0,1.0,0.0,1.0,1.0,1.0
,2026-09-04,JSWSTEEL.NS,60.91,57.38,0.0,50.7,0.0,0.0,0.305,23.5,27.5,0.0,0.0,-1.7358,0.0,0.0,1.0,1.0,1.0,1.0,1.0
,2026-09-04,AUROPHARMA.NS,60.85,68.0,0.0,66.3,1.0,0.0,0.3047,32.3,33.8,0.0,0.0,2.3532,1.0,1.0,0.0,1.0,0.0,0.0,0.0
,2026-09-04,TATAMOTORS.NS,60.64,69.09,0.0,58.2,1.0,0.0,0.3369,24.7,32.6,0.0,0.0,,,,,,,,
,2026-09-04,NH.NS,60.64,69.09,0.0,63.4,1.0,0.0,0.3057,37.1,36.2,0.0,0.0,2.0931,1.0,,0.0,1.0,0.0,,
,2026-09-04,IEX.NS,60.39,66.96,0.0,63.2,1.0,0.0,0.3138,43.8,40.7,0.0,0.0,-1.1858,0.0,0.0,1.0,0.0,1.0,1.0,1.0
,2026-09-04,BAJFINANCE.NS,60.27,55.15,0.0,57.3,1.0,0.0,0.3289,30.9,39.1,0.0,0.0,-0.0471,0.0,0.0,1.0,0.0,1.0,1.0,1.0
,2026-09-04,HOMEFIRST.NS,60.17,52.13,0.0,39.8,0.0,0.0,0.2953,19.0,23.1,0.0,0.0,2.2312,1.0,,0.0,0.0,0.0,,
,2026-09-04,EICHERMOT.NS,60.15,68.0,0.0,67.5,1.0,0.0,0.3231,34.5,39.2,0.0,0.0,1.5333,1.0,1.0,0.0,1.0,0.0,0.0,0.0
,2026-09-04,SBIN.NS,60.07,50.63,0.0,56.4,1.0,0.0,0.3171,32.3,40.3,0.0,0.0,-1.0038,0.0,0.0,1.0,0.0,1.0,1.0,1.0
,2026-09-04,BALKRISIND.NS,59.99,74.5,0.0,59.6,1.0,0.0,0.3087,38.7,38.3,0.0,0.0,-1.1643,0.0,,1.0,0.0,1.0,,
,2026-09-04,NBCC.NS,59.92,79.12,0.0,56.4,1.0,0.0,0.3217,34.0,34.3,0.0,0.0,-0.6928,0.0,0.0,1.0,0.0,1.0,1.0,1.0
,2026-09-04,SCHAEFFLER.NS,59.91,64.8,0.0,70.7,1.0,0.0,0.3204,42.2,41.0,0.0,0.0,-0.0455,0.0,,1.0,0.0,1.0,,
,2026-09-04,ABCAPITAL.NS,59.85,50.0,0.0,51.6,0.0,0.0,0.3229,26.6,27.1,0.0,0.0,-1.9634,0.0,,1.0,1.0,1.0,,
,2026-09-04,ALKEM.NS,59.7,67.0,0.0,68.8,1.0,0.0,0.3236,42.9,40.8,0.0,0.0,-0.1734,0.0,0.0,1.0,0.0,1.0,1.0,1.0
,2026-09-04,BLS.NS,59.7,67.0,0.0,66.8,1.0,0.0,0.4041,43.1,40.1,0.0,0.0,0.1591,1.0,0.0,0.0,1.0,0.0,1.0,1.0
,2026-09-04,ADANIGREEN.NS,59.57,64.51,0.0,54.4,0.0,0.0,0.3156,30.2,29.5,0.0,0.0,-1.0221,0.0,1.0,1.0,1.0,1.0,0.0,0.0
,2026-09-04,MANKIND.NS,59.49,52.68,0.0,45.4,0.0,0.0,0.3205,23.2,26.2,0.0,0.0,-0.8119,0.0,0.0,1.0,1.0,1.0,1.0,1.0
,2026-09-04,MMTC.NS,59.44,64.87,0.0,57.3,1.0,0.0,0.3113,35.6,33.9,0.0,0.0,-0.5609,0.0,0.0,1.0,0.0,1.0,1.0,1.0
,2026-09-04,VINATIORGA.NS,59.39,63.66,0.0,65.1,1.0,0.0,0.3125,32.0,36.8,0.0,0.0,-0.9003,0.0,1.0,1.0,0.0,1.0,0.0,0.0
,2026-09-04,KOTAKBANK.NS,59.36,51.09,0.0,54.1,0.0,0.0,0.3003,33.0,42.3,0.0,0.0,-0.5654,0.0,0.0,1.0,1.0,1.0,1.0,1.0
,2026-09-04,HUDCO.NS,59.25,66.06,0.0,57.8,1.0,0.0,0.3192,40.0,37.7,0.0,0.0,-0.7091,0.0,0.0,1.0,0.0,1.0,1.0,1.0
,2026-09-04,OLAELEC.NS,59.21,65.91,0.0,63.6,1.0,0.0,0.3462,36.2,35.5,0.0,0.0,-0.6283,0.0,0.0,1.0,0.0,1.0,1.0,1.0
,2026-09-04,INDHOTEL.NS,59.15,67.28,0.0,53.5,0.0,0.0,0.2904,36.6,36.4,0.0,0.0,-0.5278,0.0,1.0,1.0,1.0,1.0,0.0,0.0
,2026-09-04,BDL.NS,58.9,63.66,0.0,59.1,1.0,0.0,0.3737,39.0,38.0,0.0,0.0,-0.996,0.0,0.0,1.0,0.0,1.0,1.0,1.0
,2026-09-04,BHEL.NS,58.73,60.14,0.0,48.1,0.0,0.0,0.3045,30.0,32.4,0.0,0.0,-2.2385,0.0,1.0,1.0,1.0,1.0,0.0,0.0
,2026-09-04,BIKAJI.NS,58.71,64.8,0.0,70.1,1.0,0.0,0.3677,35.8,38.5,0.0,0.0,-0.0856,0.0,,1.0,0.0,1.0,,
,2026-09-04,BIOCON.NS,58.71,64.8,0.0,66.9,1.0,0.0,0.3204,40.8,39.1,0.0,0.0,-1.5098,0.0,0.0,1.0,0.0,1.0,1.0,1.0
,2026-09-04,GUJGASLTD.NS,58.71,64.8,0.0,58.0,1.0,0.0,0.3369,24.3,32.1,0.0,0.0,,,,,,,,
,2026-09-04,BAJAJFINSV.NS,58.71,64.8,0.0,52.5,0.0,0.0,0.303,29.8,31.5,0.0,0.0,-1.5939,0.0,0.0,1.0,1.0,1.0,1.0,1.0
,2026-09-04,SAPPHIRE.NS,58.64,50.08,0.0,55.2,1.0,0.0,0.4017,47.3,42.5,0.0,0.0,-0.7967,0.0,,1.0,0.0,1.0,,
,2026-09-04,AXISBANK.NS,58.41,50.37,0.0,57.1,1.0,0.0,0.2851,19.5,30.0,0.0,0.0,-2.2074,0.0,0.0,1.0,0.0,1.0,1.0,1.0
,2026-09-04,RVNL.NS,58.35,51.76,0.0,58.5,1.0,0.0,0.3291,33.2,33.6,0.0,0.0,-2.3483,0.0,0.0,1.0,0.0,1.0,1.0,1.0
,2026-09-04,MOTHERSON.NS,57.77,66.33,0.0,70.9,1.0,0.0,0.3189,49.2,46.7,0.0,0.0,0.809,1.0,1.0,0.0,1.0,0.0,0.0,0.0
,2026-09-04,CUMMINSIND.NS,57.61,50.12,0.0,54.1,0.0,0.0,0.3243,29.2,28.5,0.0,0.0,0.0993,1.0,,0.0,0.0,0.0,,
,2026-09-04,PERSISTENT.NS,57.6,64.77,0.0,63.3,1.0,0.0,0.2929,37.3,41.1,0.0,0.0,-1.8253,0.0,0.0,1.0,0.0,1.0,1.0,1.0
,2026-09-04,SHREECEM.NS,57.31,60.12,0.0,51.4,0.0,0.0,0.317,29.3,30.8,0.0,0.0,-2.0541,0.0,0.0,1.0,1.0,1.0,1.0,1.0
,2026-09-04,BAJAJHLDNG.NS,57.31,60.12,0.0,71.1,1.0,0.0,0.3242,38.2,40.8,0.0,0.0,-1.8455,0.0,0.0,1.0,0.0,1.0,1.0,1.0
,2026-09-04,TIINDIA.NS,57.15,61.31,0.0,58.4,1.0,0.0,0.3147,34.8,35.6,0.0,0.0,-2.1979,0.0,,1.0,0.0,1.0,,
,2026-09-04,LODHA.NS,56.61,60.12,0.0,56.4,1.0,0.0,0.3058,36.1,36.9,0.0,0.0,-0.8183,0.0,,1.0,0.0,1.0,,
,2026-09-04,UPL.NS,56.61,50.33,0.0,38.3,0.0,0.0,0.2957,16.1,22.7,0.0,0.0,-1.5718,0.0,0.0,1.0,1.0,1.0,1.0,1.0
,2026-09-04,BERGEPAINT.NS,56.46,50.0,0.0,53.4,0.0,0.0,0.4185,27.3,28.4,0.0,0.0,-1.2054,0.0,0.0,1.0,1.0,1.0,1.0,1.0
,2026-09-04,UTIAMC.NS,56.18,64.77,0.0,55.2,1.0,0.0,0.3113,29.9,31.5,0.0,0.0,1.0675,1.0,1.0,0.0,1.0,0.0,0.0,0.0
,2026-09-04,APLAPOLLO.NS,55.62,64.8,0.0,57.8,1.0,0.0,0.307,37.5,35.5,0.0,0.0,-1.5556,0.0,0.0,1.0,0.0,1.0,1.0,1.0
,2026-09-04,LTM.NS,55.47,64.8,0.0,61.0,1.0,0.0,0.2978,35.7,36.0,0.0,0.0,-2.3276,0.0,0.0,1.0,0.0,1.0,1.0,1.0
,2026-09-04,TATAPOWER.NS,55.29,59.54,0.0,48.6,0.0,0.0,0.3308,35.3,36.7,0.0,0.0,-0.625,0.0,1.0,1.0,1.0,1.0,0.0,0.0
,2026-09-04,CCLPROD.NS,54.07,60.08,0.0,57.2,1.0,0.0,0.3369,25.9,31.3,0.0,0.0,,,,,,,,
,2026-09-04,NHPC.NS,53.62,65.13,0.0,67.4,1.0,0.0,0.3217,31.7,36.0,0.0,0.0,-0.3279,0.0,1.0,1.0,0.0,1.0,0.0,0.0
,2026-09-04,MGL.NS,53.55,55.45,0.0,61.0,1.0,0.0,0.3242,36.9,33.7,0.0,0.0,0.6019,1.0,,0.0,1.0,0.0,,
,2026-09-04,SUNTV.NS,52.85,56.73,0.0,52.4,0.0,0.0,0.3091,34.7,34.4,0.0,0.0,-3.6951,0.0,,1.0,1.0,1.0,,
,2026-09-04,IRFC.NS,52.51,57.9,0.0,56.0,1.0,0.0,0.3168,42.1,37.3,0.0,0.0,-1.6787,0.0,0.0,1.0,0.0,1.0,1.0,1.0
,2026-09-04,CIPLA.NS,52.48,50.0,0.0,46.5,0.0,0.0,0.3112,20.9,25.0,0.0,0.0,-0.0722,0.0,0.0,1.0,1.0,1.0,1.0,1.0
,2026-09-04,ALKYLAMINE.NS,52.15,67.0,0.0,66.3,1.0,0.0,0.3227,56.0,43.0,1.0,0.0,-2.484,0.0,,1.0,0.0,1.0,,
,2026-09-04,LAURUSLABS.NS,52.08,50.03,0.0,54.8,0.0,0.0,0.2903,39.2,37.4,0.0,0.0,5.8098,1.0,1.0,0.0,0.0,0.0,0.0,0.0
,2026-09-04,PAYTM.NS,52.07,50.0,0.0,59.8,1.0,0.0,0.3004,41.5,43.3,0.0,0.0,0.6327,1.0,1.0,0.0,1.0,0.0,0.0,0.0
,2026-09-04,HDFCLIFE.NS,52.07,53.68,0.0,56.2,1.0,0.0,0.3262,33.6,34.9,0.0,0.0,-2.4158,0.0,0.0,1.0,0.0,1.0,1.0,1.0
,2026-09-04,PHOENIXLTD.NS,52.06,57.23,0.0,41.9,0.0,0.0,0.3037,26.7,28.2,0.0,0.0,-1.9053,0.0,0.0,1.0,1.0,1.0,1.0,1.0
,2026-09-04,NATIONALUM.NS,51.12,50.03,0.0,56.8,1.0,0.0,0.3745,44.2,39.9,0.0,0.0,-2.1919,0.0,1.0,1.0,0.0,1.0,0.0,0.0
,2026-09-04,PAGEIND.NS,51.1,50.0,0.0,52.8,0.0,0.0,0.3185,26.4,30.5,0.0,0.0,-1.3085,0.0,0.0,1.0,1.0,1.0,1.0,1.0
,2026-09-04,HINDALCO.NS,50.37,53.47,0.0,60.5,1.0,0.0,0.3246,38.9,40.3,0.0,0.0,-0.1978,0.0,1.0,1.0,0.0,1.0,0.0,0.0
,2026-09-04,GODREJPROP.NS,49.93,50.19,0.0,64.5,1.0,0.0,0.3162,41.7,41.9,0.0,0.0,-3.0172,0.0,0.0,1.0,0.0,1.0,1.0,1.0
,2026-09-04,KAYNES.NS,49.63,51.5,0.0,65.7,1.0,0.0,0.4227,41.7,38.7,0.0,0.0,0.3335,1.0,0.0,0.0,1.0,0.0,1.0,1.0
,2026-09-04,SHYAMMETL.NS,49.54,50.0,0.0,53.1,0.0,0.0,0.3041,35.0,39.7,0.0,0.0,1.5958,1.0,1.0,0.0,0.0,0.0,0.0,0.0
,2026-09-04,TATATECH.NS,49.54,50.0,0.0,62.8,1.0,0.0,0.3104,34.0,34.3,0.0,0.0,-1.8625,0.0,0.0,1.0,0.0,1.0,1.0,1.0
,2026-09-04,PIDILITIND.NS,49.54,50.0,0.0,55.7,1.0,0.0,0.3014,33.6,34.3,0.0,0.0,-3.3446,0.0,0.0,1.0,0.0,1.0,1.0,1.0
,2026-09-04,CESC.NS,49.54,50.0,0.0,49.6,0.0,0.0,0.3208,27.2,29.6,0.0,0.0,-0.3072,0.0,1.0,1.0,1.0,1.0,0.0,0.0
,2026-09-04,GAIL.NS,49.18,50.15,0.0,48.9,0.0,0.0,0.2974,25.2,29.5,0.0,0.0,1.4994,1.0,1.0,0.0,0.0,0.0,0.0,0.0
,2026-09-04,ADANIENT.NS,49.07,48.27,0.0,48.4,0.0,0.0,0.3128,28.4,30.5,0.0,0.0,0.4084,1.0,1.0,0.0,0.0,0.0,0.0,0.0
,2026-09-04,DLF.NS,48.96,50.0,0.0,57.1,1.0,0.0,0.2996,30.3,33.2,0.0,0.0,-0.9972,0.0,0.0,1.0,0.0,1.0,1.0,1.0
,2026-09-04,LTIM.NS,48.96,50.0,0.0,54.0,0.0,0.0,0.3349,22.5,27.3,0.0,0.0,,,,,,,,
,2026-09-04,OBEROIRLTY.NS,48.8,50.0,0.0,52.0,0.0,0.0,0.3054,28.5,30.1,0.0,0.0,-1.4982,0.0,0.0,1.0,1.0,1.0,1.0,1.0
,2026-09-04,SJVN.NS,48.6,74.5,0.0,60.6,1.0,0.0,0.3419,44.4,41.5,0.0,0.0,0.9811,1.0,1.0,0.0,1.0,0.0,0.0,0.0
,2026-09-04,SUNPHARMA.NS,47.56,54.83,0.0,60.0,1.0,0.0,0.3033,42.8,45.2,0.0,0.0,-0.2106,0.0,0.0,1.0,0.0,1.0,1.0,1.0
,2026-09-04,BHARTIARTL.NS,46.32,50.0,0.0,53.7,0.0,0.0,0.3165,26.5,29.7,0.0,0.0,0.7609,1.0,0.0,0.0,0.0,0.0,1.0,1.0
,2026-09-04,APOLLOHOSP.NS,46.32,50.0,0.0,52.2,0.0,0.0,0.3131,23.3,28.4,0.0,0.0,2.1676,1.0,,0.0,0.0,0.0,,
,2026-09-04,TMPV.NS,45.62,50.0,0.0,47.6,0.0,0.0,0.3157,19.9,24.9,0.0,0.0,-1.4446,0.0,0.0,1.0,1.0,1.0,1.0,1.0
,2026-09-04,FORTIS.NS,45.62,50.0,0.0,40.9,0.0,0.0,0.3127,23.5,26.6,0.0,0.0,0.3315,1.0,0.0,0.0,0.0,0.0,1.0,1.0
,2026-09-04,AMBER.NS,45.62,50.0,0.0,57.1,1.0,0.0,0.3018,28.8,32.0,0.0,0.0,-2.221,0.0,0.0,1.0,0.0,1.0,1.0,1.0
,2026-09-04,RADICO.NS,45.62,50.0,0.0,49.3,0.0,0.0,0.3082,27.5,30.5,0.0,0.0,-1.1126,0.0,0.0,1.0,1.0,1.0,1.0,1.0
,2026-09-04,TATAELXSI.NS,45.62,50.0,0.0,52.5,0.0,0.0,0.3103,24.2,26.7,0.0,0.0,-1.7144,0.0,0.0,1.0,1.0,1.0,1.0,1.0
,2026-09-04,HDFCAMC.NS,45.62,50.0,0.0,56.9,1.0,0.0,0.3178,25.5,29.2,0.0,0.0,-0.4475,0.0,0.0,1.0,0.0,1.0,1.0,1.0
,2026-09-04,DEEPAKNTR.NS,45.62,50.0,0.0,62.7,1.0,0.0,0.3014,27.8,30.9,0.0,0.0,-3.7725,0.0,0.0,1.0,0.0,1.0,1.0,1.0
,2026-09-04,KIMS.NS,45.35,41.98,0.0,60.4,1.0,0.0,0.3233,30.4,29.7,0.0,0.0,0.0524,1.0,,0.0,1.0,0.0,,
,2026-09-04,JYOTHYLAB.NS,45.04,48.71,0.0,61.6,1.0,0.0,0.3178,26.1,29.4,0.0,0.0,-3.1954,0.0,0.0,1.0,0.0,1.0,1.0,1.0
,2026-09-04,BAJAJ-AUTO.NS,44.36,40.13,0.0,61.4,1.0,0.0,0.3062,34.9,38.5,0.0,0.0,-0.9984,0.0,0.0,1.0,0.0,1.0,1.0,1.0
,2026-09-04,MARUTI.NS,43.23,48.98,0.0,59.8,1.0,0.0,0.3362,56.4,52.0,1.0,0.0,0.5199,1.0,0.0,0.0,1.0,0.0,0.0,1.0
,2026-09-04,GOLDBEES.NS,42.75,43.69,0.0,62.4,1.0,0.0,0.3197,26.7,30.4,0.0,0.0,-1.2503,0.0,0.0,1.0,0.0,1.0,1.0,1.0
,2026-09-04,YESBANK.NS,41.89,48.81,0.0,44.7,0.0,0.0,0.3075,28.2,34.5,0.0,0.0,-0.3556,0.0,0.0,1.0,1.0,1.0,1.0,1.0
,2026-09-04,INDUSINDBK.NS,41.01,49.6,0.0,65.6,1.0,0.0,0.323,45.9,47.0,0.0,0.0,-1.0412,0.0,0.0,1.0,0.0,1.0,1.0,1.0
,2026-09-04,SHRIRAMFIN.NS,40.77,44.81,0.0,57.2,1.0,0.0,0.376,44.5,36.2,0.0,0.0,-0.3842,0.0,0.0,1.0,0.0,1.0,1.0,1.0
,2026-09-04,ICICIBANK.NS,40.01,48.89,0.0,51.3,0.0,0.0,0.2895,46.2,46.3,0.0,0.0,0.3021,1.0,0.0,0.0,0.0,0.0,1.0,1.0
,2026-09-04,HDFCBANK.NS,39.97,48.62,0.0,54.8,0.0,0.0,0.3212,63.6,54.1,1.0,0.0,-0.2247,0.0,0.0,1.0,1.0,1.0,0.0,1.0
,2026-09-04,IOB.NS,39.97,39.54,0.0,37.7,0.0,0.0,0.3052,21.9,27.6,0.0,0.0,-1.3413,0.0,0.0,1.0,1.0,1.0,1.0,1.0
,2026-09-04,ITC.NS,39.01,41.22,0.0,55.2,1.0,0.0,0.3166,46.5,44.0,0.0,0.0,-0.2272,0.0,0.0,1.0,0.0,1.0,1.0,1.0
,2026-09-04,BHARATFORG.NS,38.77,50.0,0.0,59.8,1.0,0.0,0.3283,52.5,44.0,0.0,0.0,-0.0511,0.0,1.0,1.0,0.0,1.0,0.0,0.0
,2026-09-04,MUTHOOTFIN.NS,37.79,43.96,0.0,46.1,0.0,0.0,0.3215,35.5,34.2,0.0,0.0,-1.16,0.0,0.0,1.0,1.0,1.0,1.0,1.0
,2026-09-04,PNB.NS,36.75,32.4,0.0,50.7,0.0,0.0,0.2951,30.1,32.2,0.0,0.0,-1.1966,0.0,0.0,1.0,1.0,1.0,1.0,1.0
,2026-09-04,DMART.NS,36.74,28.7,0.0,59.3,1.0,0.0,0.3237,35.7,33.7,0.0,0.0,-1.5915,0.0,0.0,1.0,0.0,1.0,1.0,1.0
,2026-09-04,NMDC.NS,36.26,41.22,0.0,55.0,0.0,0.0,0.3208,46.5,38.3,0.0,0.0,-1.0035,0.0,1.0,1.0,1.0,1.0,0.0,0.0
,2026-09-04,SAIL.NS,36.25,41.88,0.0,39.7,0.0,0.0,0.3006,34.0,35.2,0.0,0.0,-4.5224,0.0,0.0,1.0,1.0,1.0,1.0,1.0
,2026-09-04,OIL.NS,36.05,37.26,0.0,38.8,0.0,0.0,0.3102,43.5,35.7,0.0,0.0,-0.2662,0.0,1.0,1.0,1.0,1.0,0.0,0.0
,2026-09-04,HAVELLS.NS,36.03,40.79,0.0,63.1,1.0,0.0,0.3372,56.1,46.0,1.0,0.0,-1.2132,0.0,,1.0,0.0,1.0,,
,2026-09-04,BPCL.NS,35.13,32.09,0.0,42.8,0.0,0.0,0.2971,25.2,29.8,0.0,0.0,-0.8869,0.0,0.0,1.0,1.0,1.0,1.0,1.0
,2026-09-04,TORNTPHARM.NS,34.82,38.75,0.0,47.7,0.0,0.0,0.3096,24.0,28.1,0.0,0.0,1.1736,1.0,1.0,0.0,0.0,0.0,0.0,0.0
,2026-09-04,IOC.NS,34.69,35.67,0.0,43.4,0.0,0.0,0.302,25.7,29.7,0.0,0.0,-1.7805,0.0,0.0,1.0,1.0,1.0,1.0,1.0
,2026-09-04,TATACOMM.NS,34.46,32.7,0.0,55.3,1.0,0.0,0.3123,42.6,34.5,0.0,0.0,-0.1879,0.0,,1.0,0.0,1.0,,
,2026-09-04,ETERNAL.NS,33.97,39.22,0.0,58.3,1.0,0.0,0.2954,44.4,41.4,0.0,0.0,-0.3563,0.0,0.0,1.0,0.0,1.0,1.0,1.0
,2026-09-04,BANKBARODA.NS,33.75,37.92,0.0,44.8,0.0,0.0,0.3108,20.4,26.4,0.0,0.0,-0.8368,0.0,0.0,1.0,1.0,1.0,1.0,1.0
,2026-09-04,GODREJCP.NS,32.92,42.99,0.0,47.9,0.0,0.0,0.3437,39.6,36.3,0.0,0.0,-1.8337,0.0,0.0,1.0,1.0,1.0,1.0,1.0
,2026-09-04,RELIANCE.NS,32.56,32.42,0.0,54.4,0.0,0.0,0.3033,47.5,44.2,0.0,0.0,-0.9455,0.0,0.0,1.0,1.0,1.0,1.0,1.0
,2026-09-04,ZYDUSLIFE.NS,32.11,32.01,0.0,59.0,1.0,0.0,0.3111,49.0,40.7,0.0,0.0,3.2946,1.0,1.0,0.0,1.0,0.0,0.0,0.0
,2026-09-04,BRITANNIA.NS,31.96,34.96,0.0,60.6,1.0,0.0,0.3279,48.0,44.7,0.0,0.0,-1.1565,0.0,0.0,1.0,0.0,1.0,1.0,1.0
,2026-09-04,ONGC.NS,31.45,33.66,0.0,53.0,0.0,0.0,0.315,36.0,34.1,0.0,0.0,-0.4049,0.0,0.0,1.0,1.0,1.0,1.0,1.0
,2026-09-04,HINDZINC.NS,30.36,27.98,0.0,54.5,0.0,0.0,0.3052,47.6,44.5,0.0,0.0,-1.9717,0.0,1.0,1.0,1.0,1.0,0.0,0.0
,2026-09-04,NESTLEIND.NS,30.35,21.2,0.0,63.5,1.0,0.0,0.3331,61.4,53.3,1.0,0.0,-0.8862,0.0,0.0,1.0,0.0,1.0,0.0,1.0
,2026-09-04,COLPAL.NS,28.94,35.2,0.0,53.8,0.0,0.0,0.3213,37.1,34.6,0.0,0.0,-0.8583,0.0,0.0,1.0,1.0,1.0,1.0,1.0
,2026-09-04,LUPIN.NS,28.61,43.15,0.0,48.3,0.0,0.0,0.325,40.7,35.0,0.0,0.0,-0.237,0.0,0.0,1.0,1.0,1.0,1.0,1.0
,2026-09-04,INDIGO.NS,27.04,29.78,0.0,61.0,1.0,0.0,0.318,55.6,55.0,1.0,0.0,0.4621,1.0,0.0,0.0,1.0,0.0,0.0,1.0
,2026-09-04,MPHASIS.NS,26.88,29.91,0.0,49.4,0.0,0.0,0.2921,56.8,42.3,1.0,0.0,-2.7663,0.0,0.0,1.0,1.0,1.0,0.0,1.0
,2026-09-04,DABUR.NS,25.08,20.82,0.0,52.4,0.0,0.0,0.3163,53.6,43.8,0.0,0.0,-1.4177,0.0,0.0,1.0,1.0,1.0,1.0,1.0
,2026-09-04,HINDUNILVR.NS,24.61,21.35,0.0,60.6,1.0,0.0,0.3174,60.8,53.1,1.0,0.0,0.3344,1.0,0.0,0.0,1.0,0.0,0.0,1.0
,2026-09-04,SILVERBEES.NS,24.51,21.39,0.0,63.2,1.0,0.0,0.3318,39.0,36.7,0.0,0.0,-1.2658,0.0,0.0,1.0,0.0,1.0,1.0,1.0
,2026-09-04,BANSALWIRE.NS,24.45,32.35,0.0,51.1,0.0,0.0,0.3176,43.7,39.3,0.0,0.0,0.7619,1.0,0.0,0.0,0.0,0.0,1.0,1.0
,2026-09-04,AMBUJACEM.NS,24.26,31.94,0.0,45.3,0.0,0.0,0.3139,45.1,38.7,0.0,0.0,-1.5802,0.0,0.0,1.0,1.0,1.0,1.0,1.0
,2026-09-04,IRCON.NS,22.34,32.0,0.0,50.0,0.0,0.0,0.3208,50.5,38.2,0.0,0.0,-1.2914,0.0,0.0,1.0,1.0,1.0,1.0,1.0
,2026-09-04,AFFLE.NS,70.66,72.48,1.0,72.0,1.0,1.0,0.5789,52.3,47.4,0.0,0.0,-0.4392,0.0,,0.0,0.0,0.0,,
,2026-09-04,SONACOMS.NS,54.26,55.47,0.0,70.6,1.0,0.0,0.3552,45.9,42.3,0.0,0.0,-0.1267,0.0,1.0,1.0,0.0,1.0,0.0,0.0
,2026-09-04,DRREDDY.NS,51.45,54.45,0.0,67.9,1.0,0.0,0.345,42.8,42.6,0.0,0.0,-0.5908,0.0,0.0,1.0,0.0,1.0,1.0,1.0
,2026-09-04,ACC.NS,42.77,48.66,0.0,64.1,1.0,0.0,0.3493,43.1,38.6,0.0,0.0,-1.6358,0.0,0.0,1.0,0.0,1.0,1.0,1.0
,2026-09-04,JINDALSTEL.NS,55.84,58.93,0.0,61.8,1.0,0.0,0.3505,40.8,41.1,0.0,0.0,-2.4635,0.0,,1.0,0.0,1.0,,
,2026-09-04,AARTIIND.NS,50.16,51.75,0.0,69.0,1.0,0.0,0.3686,54.9,46.2,0.0,0.0,2.3677,1.0,1.0,0.0,1.0,0.0,0.0,0.0
,2026-09-04,KEC.NS,69.16,88.57,1.0,67.3,1.0,1.0,0.4293,56.5,49.1,1.0,0.0,-1.6889,0.0,0.0,0.0,0.0,0.0,0.0,1.0
,2026-09-04,AJANTPHARM.NS,54.53,56.06,0.0,60.2,1.0,0.0,0.3396,50.0,44.9,0.0,0.0,3.3047,1.0,,0.0,1.0,0.0,,
>>>>>>> Stashed changes,,,,,,,,,,,,,,,,,,,,,
>>>>>>> 4cd2213f63316e7fc40d59c7193a56d88ba86153,,,,,,,,,,,,,,,,,,,,,
<<<<<<< HEAD,,,,,,,,,,,,,,,,,,,,,
,2026-09-04,TRENT.NS,67.18,83.85,1.0,36.2,0.0,0.0,0.4579,55.2,49.4,1.0,0.0,-1.3495,0.0,0.0,0.0,1.0,1.0,0.0,1.0
=======,,,,,,,,,,,,,,,,,,,,,
<<<<<<< Updated upstream,,,,,,,,,,,,,,,,,,,,,
,2026-09-04,LEMONTREE.NS,53.7,54.56,0.0,62.1,1.0,0.0,0.2631,46.6,46.5,0.0,0.0,0.7432,1.0,1.0,0.0,1.0,0.0,0.0,0.0
,2026-09-04,GRANULES.NS,53.41,50.64,0.0,39.8,0.0,0.0,0.2568,38.7,35.2,0.0,0.0,2.2398,1.0,1.0,0.0,0.0,0.0,0.0,0.0
,2026-09-04,ZENSARTECH.NS,26.25,20.35,0.0,48.1,0.0,0.0,0.2663,35.9,34.6,0.0,0.0,-1.6683,0.0,0.0,1.0,1.0,1.0,1.0,1.0
>>>>>>> 0035fbf6d3e958659ff10d7289d46caf9734d327,,,,,,,,,,,,,,,,,,,,,
,2026-09-04,SPICEJET.NS,59.51,72.15,0.0,41.1,0.0,0.0,0.3472,40.5,46.3,0.0,0.0,,,,,,,,
,2026-09-04,MTARTECH.NS,58.42,50.86,0.0,45.6,0.0,0.0,0.207,46.3,40.8,0.0,0.0,8.9164,1.0,1.0,0.0,0.0,0.0,0.0,0.0
=======,,,,,,,,,,,,,,,,,,,,,
,2026-09-04,LEMONTREE.NS,53.7,54.56,0.0,62.1,1.0,0.0,0.2631,46.6,46.5,0.0,0.0,0.7432,1.0,1.0,0.0,1.0,0.0,0.0,0.0
,2026-09-04,GRANULES.NS,53.41,50.64,0.0,39.8,0.0,0.0,0.2568,38.7,35.2,0.0,0.0,2.2398,1.0,1.0,0.0,0.0,0.0,0.0,0.0
,2026-09-04,ZENSARTECH.NS,26.25,20.35,0.0,48.1,0.0,0.0,0.2663,35.9,34.6,0.0,0.0,-1.6683,0.0,0.0,1.0,1.0,1.0,1.0,1.0
>>>>>>> 0035fbf6d3e958659ff10d7289d46caf9734d327,,,,,,,,,,,,,,,,,,,,,
,2026-09-04,SPICEJET.NS,59.51,72.15,0.0,41.1,0.0,0.0,0.3472,40.5,46.3,0.0,0.0,,,,,,,,
,2026-09-04,MTARTECH.NS,58.42,50.86,0.0,45.6,0.0,0.0,0.207,46.3,40.8,0.0,0.0,8.9164,1.0,1.0,0.0,0.0,0.0,0.0,0.0
>>>>>>> Stashed changes,,,,,,,,,,,,,,,,,,,,,
,2026-09-04,GUJGAS.NS,54.98,55.59,0.0,39.8,0.0,0.0,0.3685,35.3,44.1,0.0,0.0,,,,,,,,
,2026-09-08,TATAPOWER.NS,79.6,89.31,1.0,33.7,0.0,0.0,-0.5567,40.0,40.7,0.0,0.0,1.2173,1.0,,1.0,0.0,0.0,,
,2026-09-08,SCHAEFFLER.NS,78.44,87.02,1.0,36.2,0.0,0.0,-0.4519,44.7,46.8,0.0,0.0,0.8244,1.0,,1.0,0.0,0.0,,
,2026-09-08,MARICO.NS,78.35,90.27,1.0,41.4,0.0,0.0,-0.2642,50.3,51.1,0.0,0.0,-1.2137,0.0,,0.0,1.0,1.0,,
,2026-09-08,COFORGE.NS,77.83,86.49,1.0,39.9,0.0,0.0,-0.2845,48.1,48.5,0.0,0.0,-5.3846,0.0,,0.0,1.0,1.0,,
,2026-09-08,SIEMENS.NS,77.82,84.36,1.0,40.1,0.0,0.0,-0.4202,50.4,48.8,0.0,0.0,-0.4606,0.0,,0.0,1.0,1.0,,
,2026-09-08,MANAPPURAM.NS,76.83,85.37,1.0,39.1,0.0,0.0,-0.398,56.3,53.8,1.0,0.0,-1.5385,0.0,,0.0,1.0,1.0,,
,2026-09-08,BERGEPAINT.NS,75.25,83.38,1.0,40.3,0.0,0.0,-0.2485,46.3,49.0,0.0,0.0,-1.8042,0.0,,0.0,1.0,1.0,,
,2026-09-08,PDRP.NS,74.86,83.76,1.0,34.4,0.0,0.0,-0.1663,36.6,38.2,0.0,0.0,,,,,,,,
,2026-09-08,ZYDUSLIFE.NS,74.44,78.97,1.0,36.6,0.0,0.0,-0.6435,37.6,42.5,0.0,0.0,-1.5801,0.0,,0.0,1.0,1.0,,
,2026-09-08,HEROMOTOCO.NS,74.22,86.93,1.0,36.1,0.0,0.0,-0.2722,46.9,48.8,0.0,0.0,-2.1656,0.0,,0.0,1.0,1.0,,
,2026-09-08,HDFCAMC.NS,72.72,77.68,1.0,40.5,0.0,0.0,-0.7435,46.6,51.4,0.0,0.0,-0.2983,0.0,,0.0,1.0,1.0,,
,2026-09-08,SKFINDIA.NS,72.5,71.58,1.0,39.7,0.0,0.0,-0.5181,45.5,47.0,0.0,0.0,-0.4235,0.0,,0.0,1.0,1.0,,
,2026-09-08,DABUR.NS,71.89,71.61,1.0,39.9,0.0,0.0,-0.2751,49.3,53.1,0.0,0.0,-0.92,0.0,,0.0,1.0,1.0,,
,2026-09-08,DATAPATTNS.NS,71.62,70.22,1.0,37.6,0.0,0.0,-0.7665,41.1,43.9,0.0,0.0,-0.9955,0.0,,0.0,1.0,1.0,,
,2026-09-08,SOLARINDS.NS,71.5,74.07,1.0,41.0,0.0,0.0,-0.597,37.5,41.2,0.0,0.0,-0.4453,0.0,,0.0,1.0,1.0,,
,2026-09-08,APOLLOHOSP.NS,70.66,91.11,1.0,38.6,0.0,0.0,-0.172,47.8,47.0,0.0,0.0,1.4653,1.0,,1.0,0.0,0.0,,
,2026-09-08,ABB.NS,70.55,68.8,0.0,41.2,0.0,0.0,-0.1682,48.1,48.2,0.0,0.0,0.1963,1.0,,0.0,0.0,0.0,,
,2026-09-08,SUZLON.NS,70.11,82.02,1.0,43.6,0.0,0.0,-0.2674,40.6,48.6,0.0,0.0,-0.1099,0.0,,0.0,1.0,1.0,,
,2026-09-08,ADANIPOWER.NS,69.92,66.45,0.0,37.1,0.0,0.0,-0.3824,40.4,42.2,0.0,0.0,3.119,1.0,,0.0,0.0,0.0,,
,2026-09-08,SYNGENE.NS,69.13,87.7,1.0,40.1,0.0,0.0,-0.2785,54.2,50.0,0.0,0.0,-0.0129,0.0,,0.0,1.0,1.0,,
,2026-09-08,BRITANNIA.NS,68.81,71.61,1.0,41.7,0.0,0.0,-0.1211,48.0,49.9,0.0,0.0,-0.8195,0.0,,0.0,1.0,1.0,,
,2026-09-08,AUROPHARMA.NS,68.57,83.24,1.0,38.8,0.0,0.0,-0.4033,46.1,45.1,0.0,0.0,-1.3593,0.0,,0.0,1.0,1.0,,
,2026-09-08,UBL.NS,68.5,69.64,0.0,42.2,0.0,0.0,-0.2892,50.8,51.3,0.0,0.0,1.0619,1.0,,0.0,0.0,0.0,,
,2026-09-08,HINDUNILVR.NS,68.36,65.11,0.0,38.9,0.0,0.0,-0.4406,41.4,48.3,0.0,0.0,-1.7677,0.0,,1.0,1.0,1.0,,
,2026-09-08,NAM-INDIA.NS,68.25,63.68,0.0,37.4,0.0,0.0,-0.2144,38.2,42.8,0.0,0.0,-2.0271,0.0,,1.0,1.0,1.0,,
,2026-09-08,TIMKEN.NS,68.06,62.68,0.0,37.9,0.0,0.0,-0.3688,43.0,45.2,0.0,0.0,1.7619,1.0,,0.0,0.0,0.0,,
,2026-09-08,BALAMINES.NS,67.89,80.92,1.0,40.7,0.0,0.0,-0.5329,39.3,40.7,0.0,0.0,-4.6901,0.0,,0.0,1.0,1.0,,
,2026-09-08,NESTLEIND.NS,67.87,69.88,0.0,41.9,0.0,0.0,-0.2386,50.4,51.0,0.0,0.0,-0.7569,0.0,,1.0,1.0,1.0,,
,2026-09-08,DRREDDY.NS,67.78,84.69,1.0,42.2,0.0,0.0,-0.1948,54.7,52.8,0.0,0.0,-1.0165,0.0,,0.0,1.0,1.0,,
,2026-09-08,AARTIIND.NS,67.58,85.78,1.0,40.4,0.0,0.0,-0.0842,54.0,51.6,0.0,0.0,-1.489,0.0,,0.0,1.0,1.0,,
,2026-09-08,LICI.NS,67.09,71.91,1.0,36.4,0.0,0.0,-0.6695,38.8,41.8,0.0,0.0,-0.7912,0.0,,0.0,1.0,1.0,,
,2026-09-08,OBEROIRLTY.NS,67.0,79.76,1.0,43.6,0.0,0.0,-0.2333,51.7,50.9,0.0,0.0,-2.3394,0.0,,0.0,1.0,1.0,,
,2026-09-08,LTIM.NS,67.0,79.76,1.0,37.0,0.0,0.0,-0.1767,42.9,43.2,0.0,0.0,,,,,,,,
,2026-09-08,BAJAJ-AUTO.NS,66.95,80.23,1.0,44.3,0.0,0.0,-0.3064,53.3,51.7,0.0,0.0,-0.7576,0.0,,0.0,1.0,1.0,,
,2026-09-08,NMDC.NS,66.87,69.18,0.0,38.3,0.0,0.0,-0.6001,41.8,44.0,0.0,0.0,1.2867,1.0,,0.0,0.0,0.0,,
,2026-09-08,SAIL.NS,66.73,65.52,0.0,37.9,0.0,0.0,-0.3887,45.9,45.2,0.0,0.0,0.1612,1.0,,0.0,0.0,0.0,,
,2026-09-08,CUMMINSIND.NS,66.67,80.3,1.0,43.3,0.0,0.0,-0.5963,58.1,56.0,1.0,1.0,2.5893,1.0,,1.0,0.0,0.0,,
,2026-09-08,TIINDIA.NS,66.61,74.25,1.0,40.5,0.0,0.0,-0.4567,39.7,47.2,0.0,0.0,1.5007,1.0,,1.0,0.0,0.0,,
,2026-09-08,MMTC.NS,66.45,81.74,1.0,42.9,0.0,0.0,-0.5575,43.8,44.7,0.0,0.0,-0.8862,0.0,,0.0,1.0,1.0,,
,2026-09-08,GAIL.NS,66.31,64.58,0.0,34.7,0.0,0.0,-0.4732,33.7,36.7,0.0,0.0,-0.1085,0.0,,1.0,1.0,1.0,,
,2026-09-08,NATIONALUM.NS,66.19,80.09,1.0,43.5,0.0,0.0,-0.1778,54.3,54.7,0.0,0.0,1.7653,1.0,,1.0,0.0,0.0,,
,2026-09-08,TATATECH.NS,66.16,67.21,0.0,41.9,0.0,0.0,-0.4483,47.8,47.8,0.0,0.0,-1.4089,0.0,,1.0,1.0,1.0,,
,2026-09-08,MTARTECH.NS,66.1,84.39,1.0,40.0,0.0,0.0,-0.4064,39.0,42.7,0.0,0.0,-3.8272,0.0,,0.0,1.0,1.0,,
,2026-09-08,PRESTIGE.NS,65.69,79.73,1.0,42.2,0.0,0.0,-0.2933,53.5,53.5,0.0,0.0,-2.2285,0.0,,0.0,1.0,1.0,,
,2026-09-08,NYKAA.NS,65.52,60.23,0.0,36.7,0.0,0.0,-0.0067,33.9,39.4,0.0,0.0,0.6305,1.0,,0.0,0.0,0.0,,
,2026-09-08,GODREJPROP.NS,65.14,79.76,1.0,44.0,0.0,0.0,-0.2585,55.6,55.4,1.0,1.0,-2.5962,0.0,,0.0,1.0,1.0,,
,2026-09-08,UTIAMC.NS,65.06,62.0,0.0,33.8,0.0,0.0,-0.5344,32.8,38.9,0.0,0.0,0.05,1.0,,0.0,0.0,0.0,,
,2026-09-08,KAYNES.NS,64.89,66.5,0.0,35.3,0.0,0.0,-0.1808,37.3,43.2,0.0,0.0,0.1385,1.0,,0.0,0.0,0.0,,
,2026-09-08,ADANIENSOL.NS,64.7,77.97,0.0,44.0,0.0,0.0,-0.2632,33.8,43.1,0.0,0.0,1.1082,1.0,,0.0,0.0,0.0,,
,2026-09-08,IGL.NS,64.67,62.58,0.0,38.8,0.0,0.0,-0.4957,30.0,36.6,0.0,0.0,-0.7142,0.0,,1.0,1.0,1.0,,
,2026-09-08,WIPRO.NS,64.42,54.81,0.0,34.6,0.0,0.0,-0.8543,26.0,33.2,0.0,0.0,-2.6239,0.0,,1.0,1.0,1.0,,
,2026-09-08,HAL.NS,64.31,55.26,0.0,34.1,0.0,0.0,-0.5461,34.2,40.4,0.0,0.0,-0.6082,0.0,,1.0,1.0,1.0,,
,2026-09-08,COALINDIA.NS,64.17,52.17,0.0,34.2,0.0,0.0,-0.7499,31.1,37.7,0.0,0.0,2.558,1.0,,0.0,0.0,0.0,,
,2026-09-08,MARUTI.NS,64.16,57.87,0.0,35.5,0.0,0.0,-0.2995,41.7,46.9,0.0,0.0,-0.1819,0.0,,1.0,1.0,1.0,,
,2026-09-08,RADICO.NS,64.14,76.62,0.0,46.2,0.0,0.0,-0.0551,49.9,50.9,0.0,0.0,-1.5831,0.0,,1.0,1.0,1.0,,
,2026-09-08,BLUESTARCO.NS,64.13,56.05,0.0,35.4,0.0,0.0,-0.5799,30.8,37.0,0.0,0.0,1.2595,1.0,,0.0,0.0,0.0,,
,2026-09-08,SAPPHIRE.NS,64.12,78.1,0.0,39.9,0.0,0.0,-0.16,52.3,53.5,0.0,0.0,-0.5957,0.0,,1.0,1.0,1.0,,
,2026-09-08,TCS.NS,64.12,54.71,0.0,35.3,0.0,0.0,-0.8761,25.6,34.4,0.0,0.0,-2.106,0.0,,1.0,1.0,1.0,,
,2026-09-08,PNB.NS,64.06,84.35,0.0,39.9,0.0,0.0,-0.3012,48.1,47.8,0.0,0.0,-0.3362,0.0,,1.0,1.0,1.0,,
,2026-09-08,BEL.NS,63.67,54.61,0.0,33.7,0.0,0.0,-0.5457,36.8,39.3,0.0,0.0,-1.1083,0.0,,1.0,1.0,1.0,,
,2026-09-08,HINDZINC.NS,63.63,54.94,0.0,37.6,0.0,0.0,-0.4436,35.6,41.6,0.0,0.0,1.6625,1.0,,0.0,0.0,0.0,,
,2026-09-08,TATASTEEL.NS,63.58,65.43,0.0,32.4,0.0,0.0,-0.8859,27.4,34.0,0.0,0.0,2.498,1.0,,0.0,0.0,0.0,,
,2026-09-08,HCLTECH.NS,63.56,53.48,0.0,38.5,0.0,0.0,-0.7743,26.6,36.2,0.0,0.0,-3.6962,0.0,,1.0,1.0,1.0,,
,2026-09-08,BHARATFORG.NS,63.52,76.77,0.0,45.0,0.0,0.0,-0.1645,55.7,54.8,1.0,0.0,-1.7667,0.0,,1.0,1.0,1.0,,
,2026-09-08,INFY.NS,63.46,53.74,0.0,37.7,0.0,0.0,-0.9856,35.2,40.4,0.0,0.0,-4.3438,0.0,,1.0,1.0,1.0,,
,2026-09-08,MPHASIS.NS,63.3,58.72,0.0,38.0,0.0,0.0,-0.1409,41.3,45.3,0.0,0.0,-1.9023,0.0,,1.0,1.0,1.0,,
,2026-09-08,LUPIN.NS,63.19,81.25,0.0,41.7,0.0,0.0,-0.3871,53.2,52.8,0.0,0.0,-1.1973,0.0,,1.0,1.0,1.0,,
,2026-09-08,DIXON.NS,63.05,52.81,0.0,35.2,0.0,0.0,-0.5925,27.6,35.8,0.0,0.0,-1.8085,0.0,,1.0,1.0,1.0,,
,2026-09-08,CESC.NS,62.97,54.57,0.0,40.5,0.0,0.0,-0.4012,41.8,47.0,0.0,0.0,2.4786,1.0,,0.0,0.0,0.0,,
,2026-09-08,MANKIND.NS,62.73,55.57,0.0,43.2,0.0,0.0,-0.4097,38.2,46.0,0.0,0.0,-1.9056,0.0,,1.0,1.0,1.0,,
,2026-09-08,TMCV.NS,62.63,54.85,0.0,39.5,0.0,0.0,-0.6001,29.1,37.5,0.0,0.0,-2.4339,0.0,,1.0,1.0,1.0,,
,2026-09-08,PAYTM.NS,62.62,73.24,0.0,42.5,0.0,0.0,-0.2583,49.3,48.5,0.0,0.0,4.8802,1.0,,0.0,0.0,0.0,,
,2026-09-08,MAZDOCK.NS,62.6,56.5,0.0,39.0,0.0,0.0,-0.4221,32.4,40.3,0.0,0.0,-2.3354,0.0,,1.0,1.0,1.0,,
,2026-09-08,BRIGADE.NS,62.58,76.55,0.0,37.3,0.0,0.0,-1.2956,19.5,26.6,0.0,0.0,-4.5269,0.0,,1.0,1.0,1.0,,
,2026-09-08,POWERGRID.NS,62.56,52.8,0.0,34.8,0.0,0.0,-0.4538,34.6,36.7,0.0,0.0,1.3923,1.0,,0.0,0.0,0.0,,
,2026-09-08,APLAPOLLO.NS,62.43,53.52,0.0,42.2,0.0,0.0,-0.6083,45.9,46.1,0.0,0.0,-0.5812,0.0,,1.0,1.0,1.0,,
,2026-09-08,BIOCON.NS,62.41,54.85,0.0,42.3,0.0,0.0,-0.3064,44.7,49.1,0.0,0.0,0.6883,1.0,,0.0,0.0,0.0,,
,2026-09-08,GRSE.NS,62.25,56.5,0.0,36.6,0.0,0.0,-0.4388,33.8,39.7,0.0,0.0,-1.2591,0.0,,1.0,1.0,1.0,,
,2026-09-08,LAURUSLABS.NS,61.94,69.78,0.0,42.5,0.0,0.0,-0.4236,53.4,51.4,0.0,0.0,-0.5085,0.0,,1.0,1.0,1.0,,
,2026-09-08,ADANIPORTS.NS,61.81,52.13,0.0,35.6,0.0,0.0,-0.5211,31.7,34.4,0.0,0.0,3.8012,1.0,,0.0,0.0,0.0,,
,2026-09-08,PAGEIND.NS,61.77,55.31,0.0,36.6,0.0,0.0,-0.5335,28.8,36.1,0.0,0.0,-1.1416,0.0,,1.0,1.0,1.0,,
,2026-09-08,NTPC.NS,61.69,52.28,0.0,35.1,0.0,0.0,-0.59,34.5,38.1,0.0,0.0,1.1185,1.0,,0.0,0.0,0.0,,
,2026-09-08,INDHOTEL.NS,61.41,65.63,0.0,34.0,0.0,0.0,-0.3446,40.2,43.9,0.0,0.0,-0.5347,0.0,,1.0,1.0,1.0,,
,2026-09-08,JPPOWER.NS,61.38,70.47,0.0,39.8,0.0,0.0,-0.3188,46.9,46.9,0.0,0.0,-0.5458,0.0,,1.0,1.0,1.0,,
,2026-09-08,AJANTPHARM.NS,61.35,71.94,0.0,44.6,0.0,0.0,-0.3229,50.8,51.6,0.0,0.0,-1.2544,0.0,,1.0,1.0,1.0,,
,2026-09-08,JSWSTEEL.NS,60.9,53.54,0.0,38.9,0.0,0.0,-0.8167,34.0,40.2,0.0,0.0,0.979,1.0,,0.0,0.0,0.0,,
,2026-09-08,ITC.NS,60.68,58.6,0.0,37.6,0.0,0.0,-0.3887,30.1,40.4,0.0,0.0,-1.0247,0.0,,1.0,1.0,1.0,,
,2026-09-08,COCHINSHIP.NS,60.43,50.37,0.0,34.7,0.0,0.0,-0.2833,36.7,41.7,0.0,0.0,1.8191,1.0,,0.0,0.0,0.0,,
,2026-09-08,LT.NS,60.28,51.56,0.0,36.4,0.0,0.0,-0.3956,33.3,39.4,0.0,0.0,-0.5955,0.0,,1.0,1.0,1.0,,
,2026-09-08,ASIANPAINT.NS,59.92,52.01,0.0,42.7,0.0,0.0,-0.2452,45.0,48.1,0.0,0.0,-0.2015,0.0,,1.0,1.0,1.0,,
,2026-09-08,JIOFIN.NS,58.89,53.43,0.0,35.3,0.0,0.0,-0.418,34.9,40.3,0.0,0.0,-0.9222,0.0,,1.0,1.0,1.0,,
,2026-09-08,RVNL.NS,58.89,51.14,0.0,37.2,0.0,0.0,-0.2993,38.1,41.9,0.0,0.0,-0.241,0.0,,1.0,1.0,1.0,,
,2026-09-08,JYOTHYLAB.NS,58.75,53.86,0.0,40.0,0.0,0.0,-0.3606,38.1,43.6,0.0,0.0,0.2621,1.0,,0.0,0.0,0.0,,
,2026-09-08,SUNPHARMA.NS,58.43,64.43,0.0,39.5,0.0,0.0,-0.5368,38.6,42.6,0.0,0.0,-1.3256,0.0,,1.0,1.0,1.0,,
,2026-09-08,ATGL.NS,58.15,56.5,0.0,40.3,0.0,0.0,-0.3022,44.4,49.1,0.0,0.0,0.4759,1.0,,0.0,0.0,0.0,,
,2026-09-08,CIPLA.NS,57.83,84.68,0.0,45.9,0.0,0.0,-0.1001,68.3,60.9,1.0,1.0,-0.3324,0.0,,1.0,1.0,1.0,,
,2026-09-08,EIHOTEL.NS,57.67,63.76,0.0,37.3,0.0,0.0,-0.3571,43.2,43.6,0.0,0.0,-2.8402,0.0,,1.0,1.0,1.0,,
,2026-09-08,EICHERMOT.NS,57.12,61.01,0.0,39.5,0.0,0.0,-0.2688,49.7,49.3,0.0,0.0,-1.0649,0.0,,1.0,1.0,1.0,,
,2026-09-08,ANGELONE.NS,56.75,49.5,0.0,35.5,0.0,0.0,-0.4556,28.3,34.4,0.0,0.0,0.3523,1.0,,0.0,0.0,0.0,,
,2026-09-08,CAMS.NS,56.29,57.23,0.0,38.0,0.0,0.0,-0.2711,43.5,44.1,0.0,0.0,-1.9877,0.0,,1.0,1.0,1.0,,
,2026-09-08,NAUKRI.NS,56.27,51.81,0.0,42.9,0.0,0.0,-0.205,44.6,45.5,0.0,0.0,-1.935,0.0,,1.0,1.0,1.0,,
,2026-09-08,VEDL.NS,55.8,60.67,0.0,41.2,0.0,0.0,-0.388,46.8,47.2,0.0,0.0,0.1838,1.0,,0.0,0.0,0.0,,
,2026-09-08,HINDALCO.NS,55.47,64.11,0.0,39.3,0.0,0.0,-0.4153,47.7,47.7,0.0,0.0,1.774,1.0,,0.0,0.0,0.0,,
,2026-09-08,BHEL.NS,55.45,51.46,0.0,39.6,0.0,0.0,-0.3964,36.8,39.6,0.0,0.0,2.736,1.0,,0.0,0.0,0.0,,
,2026-09-08,LODHA.NS,55.4,57.2,0.0,40.5,0.0,0.0,-0.421,45.0,46.3,0.0,0.0,-3.7954,0.0,,1.0,1.0,1.0,,
,2026-09-08,MAXHEALTH.NS,55.31,51.07,0.0,36.4,0.0,0.0,-0.4091,34.0,42.8,0.0,0.0,4.0987,1.0,,0.0,0.0,0.0,,
,2026-09-08,M&M.NS,55.2,59.23,0.0,39.6,0.0,0.0,-0.3164,47.2,49.2,0.0,0.0,-0.3165,0.0,,1.0,1.0,1.0,,
,2026-09-08,ALKYLAMINE.NS,54.94,57.7,0.0,39.7,0.0,0.0,-0.3568,39.3,40.4,0.0,0.0,-1.9282,0.0,,1.0,1.0,1.0,,
,2026-09-08,DLF.NS,54.9,73.07,0.0,39.4,0.0,0.0,-0.3335,51.4,50.7,0.0,0.0,-2.9625,0.0,,1.0,1.0,1.0,,
,2026-09-08,KIMS.NS,54.49,56.69,0.0,41.0,0.0,0.0,-0.4099,45.8,47.0,0.0,0.0,-0.3859,0.0,,1.0,1.0,1.0,,
,2026-09-08,BAJAJHLDNG.NS,54.46,56.62,0.0,43.5,0.0,0.0,-0.3215,49.9,49.9,0.0,0.0,-0.4617,0.0,,1.0,1.0,1.0,,
,2026-09-08,ACC.NS,54.26,56.19,0.0,38.6,0.0,0.0,-0.3411,43.3,44.7,0.0,0.0,-0.7444,0.0,,1.0,1.0,1.0,,
,2026-09-08,UPL.NS,54.24,54.61,0.0,40.3,0.0,0.0,-0.2999,43.2,44.0,0.0,0.0,-0.1647,0.0,,1.0,1.0,1.0,,
,2026-09-08,TANLA.NS,54.17,55.99,0.0,41.9,0.0,0.0,-0.3407,45.6,45.1,0.0,0.0,-0.4971,0.0,,1.0,1.0,1.0,,
,2026-09-08,SUNTV.NS,53.96,58.82,0.0,39.6,0.0,0.0,-0.3324,42.3,43.3,0.0,0.0,-0.9261,0.0,,1.0,1.0,1.0,,
,2026-09-08,MON100.NS,53.91,55.41,0.0,43.6,0.0,0.0,-0.2775,48.5,48.0,0.0,0.0,-1.7726,0.0,,1.0,1.0,1.0,,
,2026-09-08,ZENSARTECH.NS,53.83,55.23,0.0,45.2,0.0,0.0,-0.304,50.1,49.9,0.0,0.0,-3.0185,0.0,,1.0,1.0,1.0,,
,2026-09-08,IRFC.NS,53.78,55.12,0.0,40.9,0.0,0.0,-0.294,48.3,50.4,0.0,0.0,-0.7439,0.0,,1.0,1.0,1.0,,
,2026-09-08,KEC.NS,53.77,55.11,0.0,39.9,0.0,0.0,-0.3175,48.9,50.4,0.0,0.0,-3.0811,0.0,,1.0,1.0,1.0,,
,2026-09-08,BHARAT22ETF.NS,53.76,55.07,0.0,37.2,0.0,0.0,-0.1911,37.4,40.5,0.0,0.0,,,,,,,,
,2026-09-08,BDL.NS,53.73,55.01,0.0,40.1,0.0,0.0,-0.2437,48.4,49.3,0.0,0.0,-1.9638,0.0,,1.0,1.0,1.0,,
,2026-09-08,CPSEETF.NS,53.68,54.91,0.0,33.5,0.0,0.0,-0.3662,25.5,34.5,0.0,0.0,0.9763,1.0,,0.0,0.0,0.0,,
,2026-09-08,VINATIORGA.NS,53.64,54.8,0.0,38.7,0.0,0.0,-0.3306,45.5,47.2,0.0,0.0,-1.5433,0.0,,1.0,1.0,1.0,,
,2026-09-08,JINDALSTEL.NS,53.63,54.79,0.0,39.8,0.0,0.0,-0.2155,44.8,45.1,0.0,0.0,0.4136,1.0,,0.0,0.0,0.0,,
,2026-09-08,NAVINFLUOR.NS,53.57,54.65,0.0,38.3,0.0,0.0,-0.2147,44.4,44.8,0.0,0.0,0.5097,1.0,,0.0,0.0,0.0,,
,2026-09-08,DMART.NS,53.56,54.64,0.0,45.3,0.0,0.0,-0.2789,53.1,52.8,0.0,0.0,0.3978,1.0,,0.0,0.0,0.0,,
,2026-09-08,GRANULES.NS,53.53,54.56,0.0,40.4,0.0,0.0,-0.3294,42.1,43.3,0.0,0.0,-1.1783,0.0,,1.0,1.0,1.0,,
,2026-09-08,BOSCHLTD.NS,53.37,56.09,0.0,41.4,0.0,0.0,-0.2887,47.8,47.0,0.0,0.0,0.6457,1.0,,0.0,0.0,0.0,,
,2026-09-08,ALKEM.NS,53.37,52.67,0.0,40.9,0.0,0.0,-0.2516,49.3,50.0,0.0,0.0,-0.7334,0.0,,1.0,1.0,1.0,,
,2026-09-08,VBL.NS,52.56,52.33,0.0,42.2,0.0,0.0,-0.1825,50.3,52.3,0.0,0.0,0.3204,1.0,,0.0,0.0,0.0,,
,2026-09-08,COLPAL.NS,52.11,53.3,0.0,45.0,0.0,0.0,-0.1918,51.6,51.0,0.0,0.0,-1.0935,0.0,,1.0,1.0,1.0,,
,2026-09-08,IDEA.NS,51.45,50.5,0.0,42.6,0.0,0.0,-0.5878,41.5,41.6,0.0,0.0,0.6485,1.0,,0.0,0.0,0.0,,
,2026-09-08,BHARTIARTL.NS,50.95,55.5,0.0,41.3,0.0,0.0,-0.178,45.2,47.8,0.0,0.0,-1.5889,0.0,,1.0,1.0,1.0,,
,2026-09-08,SHYAMMETL.NS,50.7,53.5,0.0,40.7,0.0,0.0,-0.2744,43.1,43.1,0.0,0.0,0.0092,1.0,,0.0,0.0,0.0,,
,2026-09-08,TATACOMM.NS,50.36,53.91,0.0,38.5,0.0,0.0,-0.3139,35.7,39.5,0.0,0.0,1.2837,1.0,,0.0,0.0,0.0,,
,2026-09-08,HINDCOPPER.NS,49.98,51.91,0.0,41.5,0.0,0.0,-0.2552,44.7,47.2,0.0,0.0,-0.1032,0.0,,1.0,1.0,1.0,,
,2026-09-08,HUDCO.NS,49.52,50.85,0.0,38.9,0.0,0.0,-0.3243,38.3,44.7,0.0,0.0,-1.6324,0.0,,1.0,1.0,1.0,,
,2026-09-08,LTM.NS,49.37,51.7,0.0,42.3,0.0,0.0,-0.2818,48.0,48.9,0.0,0.0,-1.5734,0.0,,1.0,1.0,1.0,,
,2026-09-08,KPIL.NS,49.35,50.5,0.0,38.3,0.0,0.0,-0.3179,41.2,42.9,0.0,0.0,0.7871,1.0,,0.0,0.0,0.0,,
,2026-09-08,MGL.NS,49.32,50.43,0.0,38.1,0.0,0.0,-0.3017,43.4,45.5,0.0,0.0,-1.7132,0.0,,1.0,1.0,1.0,,
,2026-09-08,LEMONTREE.NS,48.65,54.62,0.0,46.2,0.0,0.0,-0.1905,55.1,53.5,1.0,0.0,0.4161,1.0,,0.0,0.0,0.0,,
,2026-09-08,IOB.NS,48.18,54.67,0.0,37.8,0.0,0.0,-0.3705,38.0,41.4,0.0,0.0,-1.0798,0.0,,1.0,1.0,1.0,,
,2026-09-08,MUTHOOTFIN.NS,48.17,51.43,0.0,41.7,0.0,0.0,-0.1024,46.6,48.2,0.0,0.0,-2.921,0.0,,1.0,1.0,1.0,,
,2026-09-08,PHOENIXLTD.NS,48.0,54.71,0.0,34.6,0.0,0.0,-0.2439,51.4,53.7,0.0,0.0,0.2759,1.0,,0.0,0.0,0.0,,
,2026-09-08,FIVESTAR.NS,46.33,50.56,0.0,36.2,0.0,0.0,-0.4102,39.1,42.5,0.0,0.0,0.9825,1.0,,0.0,0.0,0.0,,
,2026-09-08,AMBER.NS,46.19,51.77,0.0,35.2,0.0,0.0,-0.2984,35.3,37.5,0.0,0.0,-1.341,0.0,,1.0,1.0,1.0,,
,2026-09-08,ABCAPITAL.NS,45.99,51.32,0.0,37.5,0.0,0.0,-0.3866,39.2,41.9,0.0,0.0,0.7684,1.0,,0.0,0.0,0.0,,
,2026-09-08,OLAELEC.NS,45.95,51.24,0.0,37.0,0.0,0.0,-0.0684,41.8,43.6,0.0,0.0,-0.8504,0.0,,1.0,1.0,1.0,,
,2026-09-08,SHRIRAMFIN.NS,45.84,51.0,0.0,38.6,0.0,0.0,-0.2067,43.6,44.9,0.0,0.0,0.1555,1.0,,0.0,0.0,0.0,,
,2026-09-08,HDFCLIFE.NS,45.77,43.99,0.0,40.4,0.0,0.0,-0.3375,42.8,45.0,0.0,0.0,-3.7093,0.0,,1.0,1.0,1.0,,
,2026-09-08,DEVYANI.NS,45.64,50.54,0.0,35.1,0.0,0.0,-0.2207,41.6,43.4,0.0,0.0,-0.5943,0.0,,1.0,1.0,1.0,,
,2026-09-08,MASTEK.NS,45.42,50.06,0.0,40.8,0.0,0.0,-0.2261,43.9,45.4,0.0,0.0,-1.8559,0.0,,1.0,1.0,1.0,,
,2026-09-08,HOMEFIRST.NS,42.64,49.15,0.0,35.5,0.0,0.0,-0.1797,46.7,45.3,0.0,0.0,-3.0798,0.0,,1.0,1.0,1.0,,
,2026-09-08,IEX.NS,41.87,47.88,0.0,42.5,0.0,0.0,-0.0007,58.8,56.0,1.0,1.0,1.2099,1.0,,0.0,0.0,0.0,,
,2026-09-08,GOLDBEES.NS,40.47,38.97,0.0,37.8,0.0,0.0,-0.3787,39.0,41.9,0.0,0.0,0.5245,1.0,,0.0,0.0,0.0,,
,2026-09-08,ADANIENT.NS,40.02,44.73,0.0,36.7,0.0,0.0,-0.3637,41.7,43.5,0.0,0.0,5.1336,1.0,,0.0,0.0,0.0,,
,2026-09-08,BSE.NS,39.29,29.59,0.0,37.4,0.0,0.0,-0.2521,42.5,39.7,0.0,0.0,-3.0701,0.0,,1.0,1.0,1.0,,
,2026-09-08,SBIN.NS,38.62,41.77,0.0,42.6,0.0,0.0,-0.49,42.1,45.8,0.0,0.0,-0.744,0.0,,1.0,1.0,1.0,,
,2026-09-08,FORTIS.NS,38.45,33.05,0.0,38.2,0.0,0.0,-0.3536,39.6,43.0,0.0,0.0,-0.2148,0.0,,1.0,1.0,1.0,,
,2026-09-08,YESBANK.NS,38.18,44.88,0.0,37.1,0.0,0.0,-0.3506,40.2,42.4,0.0,0.0,-0.4441,0.0,,1.0,1.0,1.0,,
,2026-09-08,HDFCBANK.NS,38.12,43.81,0.0,42.0,0.0,0.0,-0.7561,48.9,46.1,0.0,0.0,-2.2617,0.0,,1.0,1.0,1.0,,
,2026-09-08,KOTAKBANK.NS,37.71,42.48,0.0,35.4,0.0,0.0,-0.4118,30.6,38.0,0.0,0.0,-1.3476,0.0,,1.0,1.0,1.0,,
,2026-09-08,HAVELLS.NS,37.25,33.79,0.0,40.7,0.0,0.0,-0.0401,53.4,53.7,0.0,0.0,-1.7193,0.0,,1.0,1.0,1.0,,
,2026-09-08,MRF.NS,36.87,35.1,0.0,43.2,0.0,0.0,0.1663,54.1,52.0,0.0,0.0,0.4445,1.0,,0.0,0.0,0.0,,
,2026-09-08,INDUSINDBK.NS,36.53,42.29,0.0,37.8,0.0,0.0,-0.4811,40.0,43.3,0.0,0.0,0.6315,1.0,,0.0,0.0,0.0,,
,2026-09-08,SRF.NS,36.39,49.44,0.0,38.7,0.0,0.0,-0.28,52.8,52.0,0.0,0.0,0.5393,1.0,,0.0,0.0,0.0,,
,2026-09-08,IRCTC.NS,36.2,48.94,0.0,35.9,0.0,0.0,-0.1513,51.8,50.8,0.0,0.0,-0.6244,0.0,,1.0,1.0,1.0,,
,2026-09-08,AXISBANK.NS,35.75,39.49,0.0,34.5,0.0,0.0,-0.5239,34.3,37.5,0.0,0.0,-0.5141,0.0,,1.0,1.0,1.0,,
,2026-09-08,ICICIBANK.NS,35.69,39.78,0.0,37.7,0.0,0.0,-0.4587,39.5,42.0,0.0,0.0,-0.736,0.0,,1.0,1.0,1.0,,
,2026-09-08,SHREECEM.NS,35.18,25.77,0.0,38.4,0.0,0.0,-0.1644,42.2,44.6,0.0,0.0,-1.5976,0.0,,1.0,1.0,1.0,,
,2026-09-08,GODREJCP.NS,35.17,45.14,0.0,38.8,0.0,0.0,-0.0986,56.3,54.8,1.0,0.0,-0.1387,0.0,,1.0,1.0,1.0,,
,2026-09-08,ABBOTINDIA.NS,34.54,32.36,0.0,36.7,0.0,0.0,0.0519,53.5,51.4,0.0,0.0,-1.2913,0.0,,1.0,1.0,1.0,,
,2026-09-08,IIFL.NS,34.26,41.69,0.0,38.3,0.0,0.0,-0.2835,49.1,48.0,0.0,0.0,-3.6385,0.0,,1.0,1.0,1.0,,
,2026-09-08,TITAN.NS,34.01,42.78,0.0,39.5,0.0,0.0,-0.1466,54.0,50.2,0.0,0.0,0.3609,1.0,,0.0,0.0,0.0,,
,2026-09-08,BAJAJFINSV.NS,32.75,35.43,0.0,43.5,0.0,0.0,-0.2946,48.7,50.3,0.0,0.0,-0.1599,0.0,,1.0,1.0,1.0,,
,2026-09-08,RELIANCE.NS,31.64,28.81,0.0,34.0,0.0,0.0,-0.4116,40.5,42.7,0.0,0.0,-1.2279,0.0,,1.0,1.0,1.0,,
,2026-09-08,BAJFINANCE.NS,31.12,36.27,0.0,37.7,0.0,0.0,-0.2907,43.1,46.4,0.0,0.0,-1.404,0.0,,1.0,1.0,1.0,,
,2026-09-08,BANKBARODA.NS,29.7,40.96,0.0,39.7,0.0,0.0,-0.1818,51.2,51.2,0.0,0.0,-1.0566,0.0,,1.0,1.0,1.0,,
,2026-09-08,ADANIGREEN.NS,29.45,20.42,0.0,37.8,0.0,0.0,0.1334,49.9,48.6,0.0,0.0,1.7802,1.0,,0.0,0.0,0.0,,
,2026-09-08,ULTRACEMCO.NS,28.75,26.51,0.0,41.0,0.0,0.0,-0.0991,55.3,52.4,1.0,0.0,-0.9901,0.0,,1.0,1.0,1.0,,
,2026-09-08,BALKRISIND.NS,28.62,24.71,0.0,39.5,0.0,0.0,-0.4353,42.6,44.7,0.0,0.0,-2.7901,0.0,,1.0,1.0,1.0,,
,2026-09-08,ONGC.NS,25.06,18.3,0.0,33.3,0.0,0.0,-0.3592,45.6,44.8,0.0,0.0,-0.839,0.0,,1.0,1.0,1.0,,
,2026-09-08,OIL.NS,22.13,14.65,0.0,34.0,0.0,0.0,-0.1599,48.8,46.9,0.0,0.0,0.7166,1.0,,0.0,0.0,0.0,,
,2026-09-08,BPCL.NS,22.11,15.48,0.0,36.6,0.0,0.0,-0.1778,42.3,44.2,0.0,0.0,-0.0987,0.0,,1.0,1.0,1.0,,
,2026-09-08,IOC.NS,21.54,12.4,0.0,36.5,0.0,0.0,-0.281,46.0,47.7,0.0,0.0,0.9304,1.0,,0.0,0.0,0.0,,
,2026-09-08,INDIGO.NS,20.57,12.07,0.0,33.9,0.0,0.0,-0.1983,39.8,44.9,0.0,0.0,-0.5,0.0,,1.0,1.0,1.0,,
,2026-09-08,TATACONSUM.NS,20.08,26.72,0.0,34.3,0.0,0.0,-0.1904,48.7,48.2,0.0,0.0,-1.2918,0.0,,1.0,1.0,1.0,,
,2026-09-08,SPICEJET.NS,19.67,7.18,0.0,32.8,0.0,0.0,-0.2897,33.0,37.7,0.0,0.0,,,,,,,,
,2026-09-08,PERSISTENT.NS,17.56,12.01,0.0,36.3,0.0,0.0,0.0265,49.5,49.4,0.0,0.0,-2.536,0.0,,1.0,1.0,1.0,,
,2026-09-09,MARICO.NS,78.93,90.27,1.0,34.8,0.0,0.0,-0.2472,37.9,39.4,0.0,0.0,-1.4191,0.0,,0.0,1.0,1.0,,
,2026-09-09,TATAPOWER.NS,78.36,88.66,1.0,31.1,0.0,0.0,-0.6651,32.1,34.9,0.0,0.0,-0.9189,0.0,,0.0,1.0,1.0,,
,2026-09-09,ZYDUSLIFE.NS,78.12,85.99,1.0,28.0,0.0,0.0,-0.2138,35.2,34.5,0.0,0.0,0.0177,1.0,,1.0,0.0,0.0,,
,2026-09-09,TATATECH.NS,77.76,87.96,1.0,34.8,0.0,0.0,-0.4248,34.4,37.9,0.0,0.0,-1.0919,0.0,,0.0,1.0,1.0,,
,2026-09-09,GRANULES.NS,77.35,85.31,1.0,28.5,0.0,0.0,-0.3354,30.4,32.7,0.0,0.0,1.0115,1.0,,1.0,0.0,0.0,,
,2026-09-09,MANAPPURAM.NS,76.76,85.44,1.0,35.8,0.0,0.0,-0.1798,46.3,46.2,0.0,0.0,1.6094,1.0,,1.0,0.0,0.0,,
,2026-09-09,IGL.NS,75.54,81.5,1.0,31.0,0.0,0.0,-0.7746,31.0,34.1,0.0,0.0,0.6409,1.0,,1.0,0.0,0.0,,
,2026-09-09,HINDCOPPER.NS,74.3,77.91,1.0,39.7,0.0,0.0,-0.306,36.9,41.3,0.0,0.0,1.1178,1.0,,1.0,0.0,0.0,,
,2026-09-09,HEROMOTOCO.NS,74.21,89.15,1.0,32.9,0.0,0.0,-0.1326,35.8,41.1,0.0,0.0,-0.0958,0.0,,0.0,1.0,1.0,,
,2026-09-09,RVNL.NS,72.76,80.88,1.0,31.3,0.0,0.0,-0.6157,38.1,39.9,0.0,0.0,0.4783,1.0,,1.0,0.0,0.0,,
,2026-09-09,HDFCAMC.NS,72.36,77.68,1.0,36.3,0.0,0.0,-0.7149,43.7,44.6,0.0,0.0,-0.9016,0.0,,0.0,1.0,1.0,,
,2026-09-09,SUZLON.NS,72.3,80.04,1.0,33.8,0.0,0.0,-0.271,43.4,44.4,0.0,0.0,-1.0561,0.0,,0.0,1.0,1.0,,
,2026-09-09,NYKAA.NS,71.95,72.28,1.0,30.3,0.0,0.0,-0.271,30.7,34.7,0.0,0.0,-0.3061,0.0,,0.0,1.0,1.0,,
,2026-09-09,BRIGADE.NS,71.95,76.78,1.0,36.0,0.0,0.0,-1.357,32.4,35.6,0.0,0.0,-1.7725,0.0,,0.0,1.0,1.0,,
,2026-09-09,BLUESTARCO.NS,71.72,72.79,1.0,30.6,0.0,0.0,-0.509,28.2,33.1,0.0,0.0,3.9193,1.0,,1.0,0.0,0.0,,
,2026-09-09,SJVN.NS,71.45,76.73,1.0,33.7,0.0,0.0,-0.3998,32.7,35.1,0.0,0.0,0.299,1.0,,1.0,0.0,0.0,,
,2026-09-09,SKFINDIA.NS,71.4,71.52,1.0,36.0,0.0,0.0,-0.5995,32.3,35.6,0.0,0.0,-0.1239,0.0,,0.0,1.0,1.0,,
,2026-09-09,COFORGE.NS,71.05,69.48,0.0,34.7,0.0,0.0,-0.3098,39.2,39.2,0.0,0.0,-0.8184,0.0,,1.0,1.0,1.0,,
,2026-09-09,ABB.NS,70.71,68.72,0.0,34.7,0.0,0.0,-0.1859,32.5,36.8,0.0,0.0,-0.4661,0.0,,1.0,1.0,1.0,,
,2026-09-09,SYNGENE.NS,69.68,87.7,1.0,33.9,0.0,0.0,-0.2607,40.8,40.4,0.0,0.0,-0.7239,0.0,,0.0,1.0,1.0,,
,2026-09-09,ETERNAL.NS,69.48,88.7,1.0,31.6,0.0,0.0,-0.11,40.5,40.0,0.0,0.0,-0.4991,0.0,,0.0,1.0,1.0,,
,2026-09-09,SOLARINDS.NS,69.2,67.11,0.0,33.5,0.0,0.0,-0.3936,35.6,37.5,0.0,0.0,0.5144,1.0,,0.0,0.0,0.0,,
,2026-09-09,VEDL.NS,69.02,69.59,0.0,36.2,0.0,0.0,-0.5435,31.4,36.0,0.0,0.0,-0.0183,0.0,,1.0,1.0,1.0,,
,2026-09-09,SAIL.NS,68.96,72.88,1.0,37.9,0.0,0.0,-0.3872,37.3,41.0,0.0,0.0,-0.1985,0.0,,0.0,1.0,1.0,,
,2026-09-09,NAM-INDIA.NS,68.73,63.68,0.0,30.4,0.0,0.0,-0.1639,28.1,33.2,0.0,0.0,0.1889,1.0,,0.0,0.0,0.0,,
,2026-09-09,BALAMINES.NS,68.48,80.92,1.0,32.2,0.0,0.0,-0.5136,37.4,38.5,0.0,0.0,0.7163,1.0,,1.0,0.0,0.0,,
,2026-09-09,COALINDIA.NS,68.22,61.89,0.0,30.6,0.0,0.0,-0.8402,21.4,28.2,0.0,0.0,0.6265,1.0,,0.0,0.0,0.0,,
,2026-09-09,TIMKEN.NS,67.8,61.06,0.0,36.5,0.0,0.0,-0.3555,29.7,34.9,0.0,0.0,3.9012,1.0,,0.0,0.0,0.0,,
,2026-09-09,POWERGRID.NS,67.32,62.27,0.0,30.3,0.0,0.0,-0.445,25.6,30.5,0.0,0.0,2.2193,1.0,,0.0,0.0,0.0,,
,2026-09-09,JSWSTEEL.NS,67.22,64.59,0.0,36.4,0.0,0.0,-0.6727,32.8,34.8,0.0,0.0,0.0382,1.0,,0.0,0.0,0.0,,
,2026-09-09,GAIL.NS,67.0,64.58,0.0,29.9,0.0,0.0,-0.4276,25.8,30.4,0.0,0.0,0.1086,1.0,,0.0,0.0,0.0,,
,2026-09-09,TIINDIA.NS,67.0,73.96,1.0,36.8,0.0,0.0,-0.5139,34.2,38.9,0.0,0.0,-1.0902,0.0,,0.0,1.0,1.0,,
,2026-09-09,TECHM.NS,66.76,82.67,1.0,36.2,0.0,0.0,-0.1722,42.7,42.2,0.0,0.0,0.8488,1.0,,1.0,0.0,0.0,,
,2026-09-09,NTPC.NS,66.59,62.12,0.0,33.1,0.0,0.0,-0.5664,25.8,29.9,0.0,0.0,0.0448,1.0,,0.0,0.0,0.0,,
,2026-09-09,HINDALCO.NS,66.5,68.17,0.0,34.9,0.0,0.0,-0.4624,32.5,36.3,0.0,0.0,-0.4869,0.0,,1.0,1.0,1.0,,
,2026-09-09,SIEMENS.NS,66.47,56.49,0.0,37.8,0.0,0.0,-0.2186,32.2,35.4,0.0,0.0,0.1342,1.0,,0.0,0.0,0.0,,
,2026-09-09,MMTC.NS,66.35,81.76,1.0,35.6,0.0,0.0,-0.3881,36.5,38.2,0.0,0.0,-0.8445,0.0,,0.0,1.0,1.0,,
,2026-09-09,UBL.NS,66.09,65.98,0.0,38.0,0.0,0.0,-0.267,37.2,42.2,0.0,0.0,-0.7895,0.0,,1.0,1.0,1.0,,
,2026-09-09,HAL.NS,65.89,57.94,0.0,34.7,0.0,0.0,-0.5785,21.1,29.5,0.0,0.0,-0.5559,0.0,,1.0,1.0,1.0,,
,2026-09-09,TCS.NS,65.84,56.26,0.0,35.9,0.0,0.0,-0.9686,23.2,29.0,0.0,0.0,0.0362,1.0,,0.0,0.0,0.0,,
,2026-09-09,MARUTI.NS,65.76,63.44,0.0,33.9,0.0,0.0,-0.3121,34.6,39.0,0.0,0.0,-0.4597,0.0,,1.0,1.0,1.0,,
,2026-09-09,BIOCON.NS,65.7,56.94,0.0,38.8,0.0,0.0,-0.3789,32.4,35.8,0.0,0.0,-0.7848,0.0,,1.0,1.0,1.0,,
,2026-09-09,HCLTECH.NS,65.6,55.58,0.0,36.4,0.0,0.0,-0.8421,19.9,28.9,0.0,0.0,-1.3092,0.0,,1.0,1.0,1.0,,
,2026-09-09,WIPRO.NS,65.58,55.37,0.0,41.8,0.0,0.0,-0.9775,19.1,28.0,0.0,0.0,0.0359,1.0,,0.0,0.0,0.0,,
,2026-09-09,UTIAMC.NS,65.57,62.04,0.0,28.8,0.0,0.0,-0.507,25.1,32.2,0.0,0.0,-0.0444,0.0,,1.0,1.0,1.0,,
,2026-09-09,NAVINFLUOR.NS,65.46,58.88,0.0,28.1,0.0,0.0,-0.2959,34.6,37.4,0.0,0.0,-0.7407,0.0,,1.0,1.0,1.0,,
,2026-09-09,MPHASIS.NS,65.39,58.73,0.0,34.3,0.0,0.0,0.0097,28.3,33.0,0.0,0.0,-0.6847,0.0,,1.0,1.0,1.0,,
,2026-09-09,BAJAJ-AUTO.NS,65.38,55.68,0.0,36.0,0.0,0.0,-0.3497,28.5,33.2,0.0,0.0,-0.5513,0.0,,1.0,1.0,1.0,,
,2026-09-09,ADANIPOWER.NS,65.33,58.26,0.0,35.8,0.0,0.0,-0.3236,30.4,34.7,0.0,0.0,-0.6375,0.0,,1.0,1.0,1.0,,
,2026-09-09,BEL.NS,65.14,57.26,0.0,34.3,0.0,0.0,-0.6574,21.6,28.8,0.0,0.0,-0.1724,0.0,,1.0,1.0,1.0,,
,2026-09-09,TATASTEEL.NS,65.14,67.88,0.0,33.4,0.0,0.0,-0.6787,24.0,30.4,0.0,0.0,-0.355,0.0,,1.0,1.0,1.0,,
,2026-09-09,DATAPATTNS.NS,65.03,55.92,0.0,33.7,0.0,0.0,-0.3631,29.7,34.2,0.0,0.0,-1.9741,0.0,,1.0,1.0,1.0,,
,2026-09-09,SCHAEFFLER.NS,64.95,63.88,0.0,34.8,0.0,0.0,-0.1411,32.8,37.0,0.0,0.0,0.1627,1.0,,0.0,0.0,0.0,,
,2026-09-09,BERGEPAINT.NS,64.93,54.68,0.0,36.4,0.0,0.0,-0.3213,33.4,38.3,0.0,0.0,-0.1381,0.0,,1.0,1.0,1.0,,
,2026-09-09,LT.NS,64.86,59.4,0.0,31.5,0.0,0.0,-0.4006,27.4,33.3,0.0,0.0,-0.0867,0.0,,1.0,1.0,1.0,,
,2026-09-09,INFY.NS,64.83,55.02,0.0,39.3,0.0,0.0,-1.0697,21.5,27.7,0.0,0.0,0.1836,1.0,,0.0,0.0,0.0,,
,2026-09-09,DIXON.NS,64.79,54.86,0.0,30.5,0.0,0.0,-0.6863,18.5,25.9,0.0,0.0,-1.1629,0.0,,1.0,1.0,1.0,,
,2026-09-09,TORNTPOWER.NS,64.79,58.84,0.0,29.2,0.0,0.0,-0.6725,30.0,34.9,0.0,0.0,-0.5667,0.0,,1.0,1.0,1.0,,
,2026-09-09,PDRP.NS,64.64,59.83,0.0,31.4,0.0,0.0,-0.1657,21.7,32.0,0.0,0.0,,,,,,,,
,2026-09-09,MTARTECH.NS,64.27,82.42,0.0,34.0,0.0,0.0,-0.3214,30.6,34.8,0.0,0.0,-2.0197,0.0,,1.0,1.0,1.0,,
,2026-09-09,HDFCLIFE.NS,64.21,77.82,0.0,38.8,0.0,0.0,-0.4073,41.3,44.7,0.0,0.0,-0.7588,0.0,,1.0,1.0,1.0,,
,2026-09-09,KOTAKBANK.NS,64.16,58.44,0.0,35.6,0.0,0.0,-0.6975,29.0,33.9,0.0,0.0,0.6159,1.0,,0.0,0.0,0.0,,
,2026-09-09,BHARATFORG.NS,64.11,76.77,0.0,35.7,0.0,0.0,-0.1201,43.8,46.3,0.0,0.0,-1.2477,0.0,,1.0,1.0,1.0,,
,2026-09-09,RADICO.NS,64.04,76.62,0.0,37.6,0.0,0.0,-0.0901,37.7,39.8,0.0,0.0,0.5483,1.0,,0.0,0.0,0.0,,
,2026-09-09,APLAPOLLO.NS,63.58,53.92,0.0,36.1,0.0,0.0,-0.5649,36.9,38.2,0.0,0.0,1.2362,1.0,,0.0,0.0,0.0,,
,2026-09-09,CESC.NS,63.52,54.57,0.0,36.9,0.0,0.0,-0.3701,35.0,39.4,0.0,0.0,-0.3341,0.0,,1.0,1.0,1.0,,
,2026-09-09,GRSE.NS,63.5,55.82,0.0,34.5,0.0,0.0,-0.5462,29.4,34.7,0.0,0.0,-0.6376,0.0,,1.0,1.0,1.0,,
,2026-09-09,MAZDOCK.NS,63.5,55.82,0.0,37.5,0.0,0.0,-0.525,28.1,34.1,0.0,0.0,-0.6144,0.0,,1.0,1.0,1.0,,
,2026-09-09,CUMMINSIND.NS,63.49,78.85,0.0,37.9,0.0,0.0,-0.7888,46.7,47.8,0.0,0.0,-0.6189,0.0,,1.0,1.0,1.0,,
,2026-09-09,MANKIND.NS,63.32,55.57,0.0,37.1,0.0,0.0,-0.402,30.1,35.1,0.0,0.0,0.2914,1.0,,0.0,0.0,0.0,,
,2026-09-09,KAYNES.NS,62.76,57.37,0.0,31.8,0.0,0.0,0.0137,31.2,33.9,0.0,0.0,-2.0747,0.0,,1.0,1.0,1.0,,
,2026-09-09,M&M.NS,62.29,66.01,0.0,38.6,0.0,0.0,-0.3163,35.1,42.6,0.0,0.0,-0.9619,0.0,,1.0,1.0,1.0,,
,2026-09-09,NATIONALUM.NS,62.15,76.59,0.0,41.4,0.0,0.0,-0.1169,38.5,42.2,0.0,0.0,0.384,1.0,,0.0,0.0,0.0,,
,2026-09-09,LAURUSLABS.NS,61.95,69.51,0.0,39.0,0.0,0.0,-0.4381,37.9,40.2,0.0,0.0,0.0155,1.0,,0.0,0.0,0.0,,
,2026-09-09,VINATIORGA.NS,61.94,71.95,0.0,34.1,0.0,0.0,-0.212,46.3,46.9,0.0,0.0,-1.6487,0.0,,1.0,1.0,1.0,,
,2026-09-09,AJANTPHARM.NS,61.93,71.94,0.0,38.1,0.0,0.0,-0.2713,36.6,39.5,0.0,0.0,-0.8148,0.0,,1.0,1.0,1.0,,
,2026-09-09,ASIANPAINT.NS,61.73,53.32,0.0,40.9,0.0,0.0,-0.2609,40.9,43.1,0.0,0.0,0.3656,1.0,,0.0,0.0,0.0,,
,2026-09-09,HOMEFIRST.NS,61.68,52.57,0.0,27.1,0.0,0.0,-0.3581,15.4,25.4,0.0,0.0,0.5905,1.0,,0.0,0.0,0.0,,
,2026-09-09,HDFCBANK.NS,61.32,54.43,0.0,40.1,0.0,0.0,-1.1183,24.6,33.7,0.0,0.0,0.1601,1.0,,0.0,0.0,0.0,,
,2026-09-09,ADANIPORTS.NS,61.13,50.73,0.0,31.9,0.0,0.0,-0.4871,27.4,31.9,0.0,0.0,-0.4845,0.0,,1.0,1.0,1.0,,
,2026-09-09,ULTRACEMCO.NS,61.03,59.07,0.0,44.8,0.0,0.0,-0.747,33.6,38.3,0.0,0.0,-0.0367,0.0,,1.0,1.0,1.0,,
,2026-09-09,SBIN.NS,60.66,51.41,0.0,44.6,0.0,0.0,-0.8211,26.3,34.1,0.0,0.0,0.7896,1.0,,0.0,0.0,0.0,,
,2026-09-09,JYOTHYLAB.NS,60.38,55.22,0.0,40.3,0.0,0.0,-0.3432,31.7,39.8,0.0,0.0,-0.5689,0.0,,1.0,1.0,1.0,,
,2026-09-09,DLF.NS,60.31,59.75,0.0,34.9,0.0,0.0,-0.3704,33.0,35.0,0.0,0.0,0.084,1.0,,0.0,0.0,0.0,,
,2026-09-09,LTIM.NS,60.31,59.75,0.0,33.8,0.0,0.0,-0.1611,32.7,35.7,0.0,0.0,,,,,,,,
,2026-09-09,OBEROIRLTY.NS,60.31,59.75,0.0,36.0,0.0,0.0,-0.2146,37.1,39.3,0.0,0.0,-0.4444,0.0,,1.0,1.0,1.0,,
,2026-09-09,LICI.NS,59.88,54.75,0.0,33.4,0.0,0.0,-0.4627,26.3,32.6,0.0,0.0,-1.0307,0.0,,1.0,1.0,1.0,,
,2026-09-09,EMAMILTD.NS,59.52,65.14,0.0,34.8,0.0,0.0,-0.1137,40.6,43.7,0.0,0.0,0.9212,1.0,,0.0,0.0,0.0,,
,2026-09-09,PRESTIGE.NS,59.43,59.75,0.0,39.2,0.0,0.0,-0.2278,37.2,42.1,0.0,0.0,0.2077,1.0,,0.0,0.0,0.0,,
,2026-09-09,GODREJPROP.NS,59.09,59.75,0.0,43.2,0.0,0.0,-0.2262,47.1,47.0,0.0,0.0,-0.6623,0.0,,1.0,1.0,1.0,,
,2026-09-09,EIHOTEL.NS,58.25,63.76,0.0,31.8,0.0,0.0,-0.3153,36.1,38.8,0.0,0.0,-1.4861,0.0,,1.0,1.0,1.0,,
,2026-09-09,LEMONTREE.NS,58.12,53.66,0.0,37.0,0.0,0.0,-0.2759,41.5,42.9,0.0,0.0,-0.0283,0.0,,1.0,1.0,1.0,,
,2026-09-09,COCHINSHIP.NS,57.9,50.37,0.0,29.4,0.0,0.0,-0.218,26.5,32.4,0.0,0.0,-1.2339,0.0,,1.0,1.0,1.0,,
,2026-09-09,SAPPHIRE.NS,57.8,51.39,0.0,32.9,0.0,0.0,-0.2668,25.9,33.6,0.0,0.0,-1.5377,0.0,,1.0,1.0,1.0,,
,2026-09-09,AUROPHARMA.NS,57.63,59.09,0.0,32.7,0.0,0.0,-0.2517,36.3,39.2,0.0,0.0,-1.7953,0.0,,1.0,1.0,1.0,,
,2026-09-09,BHARAT22ETF.NS,57.63,62.38,0.0,33.7,0.0,0.0,-0.1352,33.1,37.2,0.0,0.0,,,,,,,,
,2026-09-09,BHEL.NS,57.53,50.82,0.0,33.0,0.0,0.0,-0.3087,32.7,36.4,0.0,0.0,-0.2882,0.0,,1.0,1.0,1.0,,
,2026-09-09,BAJFINANCE.NS,57.11,52.84,0.0,35.4,0.0,0.0,-0.6126,25.6,32.3,0.0,0.0,0.7409,1.0,,0.0,0.0,0.0,,
,2026-09-09,HUDCO.NS,56.63,53.83,0.0,35.9,0.0,0.0,-0.1142,37.4,41.1,0.0,0.0,0.1483,1.0,,0.0,0.0,0.0,,
,2026-09-09,ANGELONE.NS,56.56,49.51,0.0,31.6,0.0,0.0,-0.3677,23.6,30.0,0.0,0.0,0.2006,1.0,,0.0,0.0,0.0,,
,2026-09-09,ATGL.NS,56.35,56.49,0.0,36.8,0.0,0.0,-0.2966,33.7,39.7,0.0,0.0,-0.6451,0.0,,1.0,1.0,1.0,,
,2026-09-09,PAYTM.NS,56.3,56.94,0.0,34.7,0.0,0.0,-0.3124,35.6,39.2,0.0,0.0,-0.5881,0.0,,1.0,1.0,1.0,,
,2026-09-09,JPPOWER.NS,55.99,58.74,0.0,33.6,0.0,0.0,-0.3213,33.9,34.9,0.0,0.0,-0.122,0.0,,1.0,1.0,1.0,,
,2026-09-09,CAMS.NS,55.99,56.25,0.0,33.5,0.0,0.0,-0.1843,35.2,38.5,0.0,0.0,0.4196,1.0,,0.0,0.0,0.0,,
,2026-09-09,LODHA.NS,55.95,57.2,0.0,35.5,0.0,0.0,-0.3757,33.6,37.1,0.0,0.0,-1.2178,0.0,,1.0,1.0,1.0,,
,2026-09-09,UPL.NS,55.72,58.15,0.0,34.1,0.0,0.0,-0.2734,33.5,36.7,0.0,0.0,-0.0695,0.0,,1.0,1.0,1.0,,
,2026-09-09,TRENT.NS,55.4,55.96,0.0,38.9,0.0,0.0,-0.3424,36.6,41.7,0.0,0.0,-0.117,0.0,,1.0,1.0,1.0,,
,2026-09-09,NIFTYBEES.NS,55.35,57.32,0.0,37.1,0.0,0.0,-0.2805,38.7,43.2,0.0,0.0,,,,,,,,
,2026-09-09,MAXHEALTH.NS,55.22,51.07,0.0,33.6,0.0,0.0,-0.3971,34.8,39.2,0.0,0.0,0.106,1.0,,0.0,0.0,0.0,,
,2026-09-09,KIMS.NS,55.07,56.69,0.0,34.6,0.0,0.0,-0.4087,35.7,39.1,0.0,0.0,1.1096,1.0,,0.0,0.0,0.0,,
,2026-09-09,BAJAJHLDNG.NS,55.04,56.62,0.0,38.4,0.0,0.0,-0.2701,35.0,39.5,0.0,0.0,-0.7763,0.0,,1.0,1.0,1.0,,
,2026-09-09,MON100.NS,54.49,55.41,0.0,32.5,0.0,0.0,-0.3524,32.4,35.0,0.0,0.0,,,,,,,,
,2026-09-09,BDL.NS,54.31,55.01,0.0,35.9,0.0,0.0,-0.2196,36.9,41.9,0.0,0.0,-1.6501,0.0,,1.0,1.0,1.0,,
,2026-09-09,HINDZINC.NS,54.28,54.94,0.0,39.2,0.0,0.0,-0.3778,33.7,37.0,0.0,0.0,0.5368,1.0,,0.0,0.0,0.0,,
,2026-09-09,MRF.NS,54.22,55.76,0.0,40.4,0.0,0.0,-0.2969,37.9,41.4,0.0,0.0,-0.0351,0.0,,1.0,1.0,1.0,,
,2026-09-09,ADANIENT.NS,53.92,70.36,0.0,36.4,0.0,0.0,-0.5451,38.0,40.3,0.0,0.0,-0.8439,0.0,,1.0,1.0,1.0,,
,2026-09-09,EICHERMOT.NS,53.85,53.97,0.0,38.3,0.0,0.0,-0.2371,38.6,43.1,0.0,0.0,-0.4848,0.0,,1.0,1.0,1.0,,
,2026-09-09,INDHOTEL.NS,53.84,50.91,0.0,34.1,0.0,0.0,-0.2339,33.2,37.3,0.0,0.0,-0.9685,0.0,,1.0,1.0,1.0,,
,2026-09-09,DEEPAKNTR.NS,53.34,52.84,0.0,37.0,0.0,0.0,-0.2863,36.0,39.3,0.0,0.0,0.2375,1.0,,0.0,0.0,0.0,,
,2026-09-09,ALKEM.NS,53.25,52.64,0.0,35.6,0.0,0.0,-0.2715,40.5,43.7,0.0,0.0,-0.0195,0.0,,1.0,1.0,1.0,,
,2026-09-09,SUNTV.NS,52.95,58.82,0.0,34.3,0.0,0.0,-0.2828,34.0,38.0,0.0,0.0,1.7583,1.0,,0.0,0.0,0.0,,
,2026-09-09,BOSCHLTD.NS,52.62,56.54,0.0,36.0,0.0,0.0,-0.2248,36.9,40.5,0.0,0.0,-0.6008,0.0,,1.0,1.0,1.0,,
,2026-09-09,VBL.NS,52.46,52.36,0.0,37.5,0.0,0.0,-0.0775,38.6,41.2,0.0,0.0,0.602,1.0,,0.0,0.0,0.0,,
,2026-09-09,MUTHOOTFIN.NS,52.3,51.21,0.0,38.4,0.0,0.0,-0.1518,32.5,36.7,0.0,0.0,0.3375,1.0,,0.0,0.0,0.0,,
,2026-09-09,BSE.NS,52.28,55.78,0.0,34.7,0.0,0.0,-0.6119,37.0,35.4,0.0,0.0,-0.0669,0.0,,1.0,1.0,1.0,,
,2026-09-09,FORTIS.NS,52.24,53.86,0.0,36.4,0.0,0.0,-0.4398,36.1,39.4,0.0,0.0,-1.3716,0.0,,1.0,1.0,1.0,,
,2026-09-09,PAGEIND.NS,52.07,55.3,0.0,35.1,0.0,0.0,-0.4097,34.9,38.5,0.0,0.0,1.003,1.0,,0.0,0.0,0.0,,
,2026-09-09,COLPAL.NS,52.0,53.34,0.0,38.7,0.0,0.0,-0.138,44.9,46.1,0.0,0.0,0.0889,1.0,,0.0,0.0,0.0,,
,2026-09-09,CIPLA.NS,51.53,54.1,0.0,36.9,0.0,0.0,-0.2002,38.4,40.8,0.0,0.0,0.7483,1.0,,0.0,0.0,0.0,,
,2026-09-09,TITAN.NS,51.39,52.4,0.0,42.9,0.0,0.0,-0.3318,32.7,37.7,0.0,0.0,0.1998,1.0,,0.0,0.0,0.0,,
,2026-09-09,LTM.NS,51.06,54.61,0.0,39.1,0.0,0.0,-0.2579,36.2,40.9,0.0,0.0,-0.8613,0.0,,1.0,1.0,1.0,,
,2026-09-09,TATACOMM.NS,50.89,53.91,0.0,32.9,0.0,0.0,-0.307,36.7,37.3,0.0,0.0,-0.4738,0.0,,1.0,1.0,1.0,,
,2026-09-09,GOLDBEES.NS,50.63,50.85,0.0,40.6,0.0,0.0,-0.3069,36.3,38.4,0.0,0.0,,,,,,,,
,2026-09-09,BHARTIARTL.NS,50.24,55.5,0.0,34.5,0.0,0.0,-0.1592,36.1,39.2,0.0,0.0,0.3472,1.0,,0.0,0.0,0.0,,
,2026-09-09,MGL.NS,49.87,50.43,0.0,34.4,0.0,0.0,-0.2932,33.7,37.6,0.0,0.0,1.3926,1.0,,0.0,0.0,0.0,,
,2026-09-09,ADANIENSOL.NS,49.84,59.91,0.0,43.5,0.0,0.0,-0.2482,35.0,40.5,0.0,0.0,-1.1171,0.0,,1.0,1.0,1.0,,
,2026-09-09,IOB.NS,48.75,54.67,0.0,33.6,0.0,0.0,-0.3419,32.6,35.9,0.0,0.0,0.0606,1.0,,0.0,0.0,0.0,,
,2026-09-09,PHOENIXLTD.NS,48.39,54.49,0.0,34.1,0.0,0.0,-0.2018,44.2,45.5,0.0,0.0,0.2493,1.0,,0.0,0.0,0.0,,
,2026-09-09,FIVESTAR.NS,46.9,50.56,0.0,34.0,0.0,0.0,-0.3929,33.5,38.1,0.0,0.0,-0.4502,0.0,,1.0,1.0,1.0,,
,2026-09-09,AMBER.NS,46.79,51.77,0.0,31.4,0.0,0.0,-0.2774,29.2,34.2,0.0,0.0,0.4438,1.0,,0.0,0.0,0.0,,
,2026-09-09,LUPIN.NS,46.66,51.49,0.0,36.5,0.0,0.0,-0.1623,35.5,41.2,0.0,0.0,-1.0571,0.0,,1.0,1.0,1.0,,
,2026-09-09,ABCAPITAL.NS,46.59,51.32,0.0,32.5,0.0,0.0,-0.3429,32.1,35.0,0.0,0.0,-0.8,0.0,,1.0,1.0,1.0,,
,2026-09-09,INDIAMART.NS,46.58,51.3,0.0,37.0,0.0,0.0,-0.2312,42.1,43.9,0.0,0.0,-2.0456,0.0,,1.0,1.0,1.0,,
,2026-09-09,SHYAMMETL.NS,46.51,51.14,0.0,30.6,0.0,0.0,-0.2355,38.0,39.4,0.0,0.0,1.1549,1.0,,0.0,0.0,0.0,,
,2026-09-09,SHRIRAMFIN.NS,46.44,51.0,0.0,36.6,0.0,0.0,-0.1594,33.5,40.3,0.0,0.0,0.8746,1.0,,0.0,0.0,0.0,,
,2026-09-09,OLAELEC.NS,46.27,49.16,0.0,33.1,0.0,0.0,-0.3696,32.7,37.2,0.0,0.0,6.3522,1.0,,0.0,0.0,0.0,,
,2026-09-09,DEVYANI.NS,46.24,50.54,0.0,31.7,0.0,0.0,-0.1752,32.9,37.3,0.0,0.0,0.3135,1.0,,0.0,0.0,0.0,,
,2026-09-09,SUNPHARMA.NS,46.22,58.57,0.0,40.7,0.0,0.0,-0.2588,42.2,42.2,0.0,0.0,-0.2091,0.0,,1.0,1.0,1.0,,
,2026-09-09,ALKYLAMINE.NS,46.16,50.38,0.0,32.1,0.0,0.0,-0.3225,34.7,37.3,0.0,0.0,-1.2395,0.0,,1.0,1.0,1.0,,
,2026-09-09,MASTEK.NS,46.02,50.06,0.0,34.4,0.0,0.0,-0.1858,37.8,40.2,0.0,0.0,-0.5359,0.0,,1.0,1.0,1.0,,
,2026-09-09,SILVERBEES.NS,46.02,50.06,0.0,36.7,0.0,0.0,-0.3343,33.2,37.2,0.0,0.0,,,,,,,,
,2026-09-09,ZENSARTECH.NS,45.94,49.89,0.0,36.9,0.0,0.0,-0.2017,39.4,43.8,0.0,0.0,-0.9383,0.0,,1.0,1.0,1.0,,
,2026-09-09,DRREDDY.NS,45.93,49.87,0.0,34.3,0.0,0.0,-0.2808,34.1,39.0,0.0,0.0,-0.1747,0.0,,1.0,1.0,1.0,,
,2026-09-09,NBCC.NS,45.91,49.81,0.0,35.1,0.0,0.0,-0.2479,40.5,43.8,0.0,0.0,0.3589,1.0,,0.0,0.0,0.0,,
,2026-09-09,KEC.NS,45.9,49.8,0.0,36.3,0.0,0.0,-0.2723,38.2,43.8,0.0,0.0,3.2808,1.0,,0.0,0.0,0.0,,
,2026-09-09,MRPL.NS,45.7,49.35,0.0,31.3,0.0,0.0,-0.2264,34.2,37.4,0.0,0.0,-1.4637,0.0,,1.0,1.0,1.0,,
,2026-09-09,KPIL.NS,45.27,50.41,0.0,33.4,0.0,0.0,-0.2597,32.0,36.0,0.0,0.0,0.0071,1.0,,0.0,0.0,0.0,,
,2026-09-09,IOC.NS,44.98,25.91,0.0,44.6,0.0,0.0,-0.5632,37.2,38.9,0.0,0.0,-0.0738,0.0,,1.0,1.0,1.0,,
,2026-09-09,TMCV.NS,44.71,48.19,0.0,37.2,0.0,0.0,-0.122,36.2,39.7,0.0,0.0,-1.2923,0.0,,1.0,1.0,1.0,,
,2026-09-09,BPCL.NS,43.79,24.82,0.0,36.9,0.0,0.0,-0.5083,38.1,41.2,0.0,0.0,0.0988,1.0,,0.0,0.0,0.0,,
,2026-09-09,HAVELLS.NS,43.75,49.09,0.0,44.8,0.0,0.0,-0.0515,46.7,51.5,0.0,0.0,-0.1785,0.0,,1.0,1.0,1.0,,
,2026-09-09,INDIGO.NS,43.19,23.92,0.0,39.8,0.0,0.0,-0.488,32.5,42.2,0.0,0.0,-1.0452,0.0,,1.0,1.0,1.0,,
,2026-09-09,IRCTC.NS,43.14,48.94,0.0,32.9,0.0,0.0,-0.2452,35.1,41.0,0.0,0.0,0.2023,1.0,,0.0,0.0,0.0,,
,2026-09-09,IRFC.NS,42.15,46.76,0.0,32.2,0.0,0.0,-0.2263,38.0,42.3,0.0,0.0,0.4669,1.0,,0.0,0.0,0.0,,
,2026-09-09,IEX.NS,41.99,47.88,0.0,41.8,0.0,0.0,0.0442,47.7,48.0,0.0,0.0,-0.8139,0.0,,1.0,1.0,1.0,,
,2026-09-09,AXISBANK.NS,40.62,48.84,0.0,34.0,0.0,0.0,-0.6365,24.7,30.1,0.0,0.0,1.2757,1.0,,0.0,0.0,0.0,,
,2026-09-09,NAUKRI.NS,40.38,48.8,0.0,40.7,0.0,0.0,-0.0628,41.1,42.6,0.0,0.0,0.0079,1.0,,0.0,0.0,0.0,,
,2026-09-09,HINDUNILVR.NS,40.2,41.14,0.0,34.8,0.0,0.0,0.066,41.5,43.1,0.0,0.0,-0.2828,0.0,,1.0,1.0,1.0,,
,2026-09-09,ICICIBANK.NS,39.34,46.89,0.0,37.6,0.0,0.0,-0.5899,30.6,34.6,0.0,0.0,-0.0144,0.0,,1.0,1.0,1.0,,
,2026-09-09,PNB.NS,38.66,32.25,0.0,35.2,0.0,0.0,-0.3325,31.9,35.5,0.0,0.0,2.0067,1.0,,0.0,0.0,0.0,,
,2026-09-09,ONGC.NS,37.33,42.41,0.0,36.1,0.0,0.0,-0.4954,36.3,38.0,0.0,0.0,1.5811,1.0,,0.0,0.0,0.0,,
,2026-09-09,IIFL.NS,37.33,48.87,0.0,36.7,0.0,0.0,-0.2826,42.0,42.4,0.0,0.0,0.2561,1.0,,0.0,0.0,0.0,,
,2026-09-09,SRF.NS,36.99,49.44,0.0,38.3,0.0,0.0,-0.2671,44.1,45.0,0.0,0.0,-0.0397,0.0,,1.0,1.0,1.0,,
,2026-09-09,JIOFIN.NS,36.97,47.94,0.0,32.4,0.0,0.0,-0.1164,39.4,40.7,0.0,0.0,0.381,1.0,,0.0,0.0,0.0,,
,2026-09-09,TATAELXSI.NS,36.38,42.11,0.0,39.0,0.0,0.0,-0.2266,41.7,44.8,0.0,0.0,1.0228,1.0,,0.0,0.0,0.0,,
,2026-09-09,GODREJCP.NS,35.99,45.94,0.0,41.1,0.0,0.0,-0.0867,45.5,47.5,0.0,0.0,-0.4399,0.0,,1.0,1.0,1.0,,
,2026-09-09,SHREECEM.NS,35.74,25.77,0.0,35.5,0.0,0.0,-0.1272,34.2,40.6,0.0,0.0,-0.719,0.0,,1.0,1.0,1.0,,
,2026-09-09,NMDC.NS,35.57,32.41,0.0,37.1,0.0,0.0,-0.363,33.6,36.7,0.0,0.0,-0.2797,0.0,,1.0,1.0,1.0,,
,2026-09-09,RELIANCE.NS,35.47,36.62,0.0,35.8,0.0,0.0,-0.3135,30.1,32.8,0.0,0.0,-0.2502,0.0,,1.0,1.0,1.0,,
,2026-09-09,BRITANNIA.NS,35.13,21.17,0.0,43.3,0.0,0.0,0.1882,42.5,44.7,0.0,0.0,-1.5914,0.0,,1.0,1.0,1.0,,
,2026-09-09,YESBANK.NS,34.2,35.82,0.0,33.2,0.0,0.0,-0.3376,31.6,36.7,0.0,0.0,-0.1784,0.0,,1.0,1.0,1.0,,
,2026-09-09,ABBOTINDIA.NS,34.14,32.36,0.0,33.0,0.0,0.0,0.1234,38.1,40.6,0.0,0.0,0.3171,1.0,,0.0,0.0,0.0,,
,2026-09-09,PERSISTENT.NS,33.44,46.26,0.0,40.3,0.0,0.0,-0.2159,41.3,42.2,0.0,0.0,0.8396,1.0,,0.0,0.0,0.0,,
,2026-09-09,BAJAJFINSV.NS,33.37,35.43,0.0,39.7,0.0,0.0,-0.2536,36.1,42.3,0.0,0.0,0.7006,1.0,,0.0,0.0,0.0,,
,2026-09-09,IDEA.NS,32.5,23.48,0.0,34.3,0.0,0.0,-0.3601,31.6,35.8,0.0,0.0,-1.6108,0.0,,1.0,1.0,1.0,,
,2026-09-09,BANSALWIRE.NS,32.08,46.45,0.0,31.8,0.0,0.0,-0.1282,34.2,37.1,0.0,0.0,2.3164,1.0,,0.0,0.0,0.0,,
,2026-09-09,ITC.NS,29.7,21.87,0.0,37.2,0.0,0.0,0.1203,35.5,39.3,0.0,0.0,0.2301,1.0,,0.0,0.0,0.0,,
,2026-09-09,NESTLEIND.NS,28.84,17.51,0.0,41.0,0.0,0.0,0.1908,36.7,42.3,0.0,0.0,-0.4882,0.0,,1.0,1.0,1.0,,
,2026-09-09,BALKRISIND.NS,28.56,24.74,0.0,35.1,0.0,0.0,-0.3093,31.9,37.0,0.0,0.0,-0.7063,0.0,,1.0,1.0,1.0,,
,2026-09-09,ADANIGREEN.NS,28.18,17.73,0.0,36.2,0.0,0.0,0.1381,40.5,40.8,0.0,0.0,-0.3042,0.0,,1.0,1.0,1.0,,
,2026-09-09,INDUSINDBK.NS,26.64,19.02,0.0,33.7,0.0,0.0,-0.4037,32.9,37.3,0.0,0.0,-0.6175,0.0,,1.0,1.0,1.0,,
,2026-09-09,BANKBARODA.NS,26.54,32.82,0.0,38.8,0.0,0.0,-0.1506,43.9,45.9,0.0,0.0,1.6873,1.0,,0.0,0.0,0.0,,
,2026-09-09,DABUR.NS,26.35,11.57,0.0,41.7,0.0,0.0,0.1677,41.5,43.8,0.0,0.0,0.148,1.0,,0.0,0.0,0.0,,
,2026-09-09,SPICEJET.NS,24.09,13.95,0.0,39.7,0.0,0.0,-0.247,34.7,37.6,0.0,0.0,,,,,,,,
<<<<<<< Updated upstream,,,,,,,,,,,,,,,,,,,,,
,2026-09-09,TATACONSUM.NS,20.7,26.72,0.0,28.3,0.0,0.0,-0.1723,36.7,38.2,0.0,0.0,-0.1399,0.0,,1.0,1.0,1.0,,
,2026-09-09,OIL.NS,19.99,9.87,0.0,31.4,0.0,0.0,-0.1854,38.7,39.6,0.0,0.0,1.9641,1.0,,0.0,0.0,0.0,,
,2026-09-09,TORNTPHARM.NS,73.02,94.88,1.0,40.2,0.0,0.0,-0.1121,27.7,31.6,0.0,0.0,0.3854,1.0,,1.0,0.0,0.0,,
,2026-09-09,NH.NS,64.22,76.82,0.0,43.0,0.0,0.0,-0.02,27.3,33.3,0.0,0.0,1.0103,1.0,,0.0,0.0,0.0,,
,2026-09-09,AARTIIND.NS,55.6,50.4,0.0,37.1,0.0,0.0,-0.0639,28.6,34.4,0.0,0.0,1.582,1.0,,0.0,0.0,0.0,,
,2026-09-09,CPSEETF.NS,54.49,55.19,0.0,36.1,0.0,0.0,-0.1895,15.0,24.3,0.0,0.0,,,,,,,,
,2026-09-09,CHOLAFIN.NS,46.6,51.33,0.0,46.3,0.0,0.0,-0.095,36.3,38.5,0.0,0.0,0.6561,1.0,,0.0,0.0,0.0,,
,2026-09-09,APOLLOHOSP.NS,46.56,51.24,0.0,40.2,0.0,0.0,-0.1533,28.7,33.3,0.0,0.0,-0.2955,0.0,,1.0,1.0,1.0,,
,2026-09-09,DELTACORP.NS,46.19,50.42,0.0,47.6,0.0,0.0,-0.1255,39.3,41.3,0.0,0.0,-1.6471,0.0,,1.0,1.0,1.0,,
,2026-09-09,WESTLIFE.NS,46.08,50.19,0.0,39.5,0.0,0.0,0.0661,35.5,37.4,0.0,0.0,-0.6946,0.0,,1.0,1.0,1.0,,
,2026-09-09,JINDALSTEL.NS,27.8,9.34,0.0,43.5,0.0,0.0,-0.4728,38.0,41.1,0.0,0.0,-0.8286,0.0,,1.0,1.0,1.0,,
,2026-09-10,MARICO.NS,78.94,90.27,1.0,43.5,0.0,0.0,-0.39,28.2,34.2,0.0,0.0,,,,,,,,
,2026-09-10,IDEA.NS,76.89,83.52,1.0,46.8,0.0,0.0,-0.3581,30.5,37.1,0.0,0.0,,,,,,,,
,2026-09-10,COLPAL.NS,76.54,83.43,1.0,48.0,0.0,0.0,-0.3421,43.8,41.7,0.0,0.0,,,,,,,,
,2026-09-10,SJVN.NS,75.2,83.44,1.0,42.1,0.0,0.0,-0.3802,22.4,29.1,0.0,0.0,,,,,,,,
,2026-09-10,PAYTM.NS,74.54,73.86,1.0,44.4,0.0,0.0,-0.4953,35.6,39.0,0.0,0.0,,,,,,,,
,2026-09-10,TMCV.NS,74.47,78.03,1.0,48.2,0.0,0.0,-0.7608,45.6,44.2,0.0,0.0,,,,,,,,
,2026-09-10,TATAPOWER.NS,73.96,77.16,1.0,42.2,0.0,0.0,-0.4882,28.5,34.5,0.0,0.0,,,,,,,,
,2026-09-10,SKFINDIA.NS,73.03,71.56,1.0,48.0,0.0,0.0,-0.4991,36.3,37.7,0.0,0.0,,,,,,,,
,2026-09-10,TORNTPHARM.NS,72.94,94.88,1.0,40.4,0.0,0.0,-0.2737,27.8,32.2,0.0,0.0,,,,,,,,
,2026-09-10,HEROMOTOCO.NS,72.79,89.15,1.0,46.5,0.0,0.0,-0.3066,34.0,42.0,0.0,0.0,,,,,,,,
,2026-09-10,BRIGADE.NS,72.5,74.57,1.0,48.9,0.0,0.0,-0.39,34.0,39.7,0.0,0.0,,,,,,,,
,2026-09-10,NYKAA.NS,72.0,72.28,1.0,42.0,0.0,0.0,-0.3607,27.2,33.4,0.0,0.0,,,,,,,,
,2026-09-10,RVNL.NS,71.29,80.88,1.0,49.1,0.0,0.0,-0.4095,41.8,40.8,0.0,0.0,,,,,,,,
,2026-09-10,ADANIENT.NS,71.12,77.71,1.0,48.3,0.0,0.0,-0.4857,38.5,41.6,0.0,0.0,,,,,,,,
,2026-09-10,ADANIPORTS.NS,70.7,68.97,0.0,47.5,0.0,0.0,-0.5112,36.4,39.9,0.0,0.0,,,,,,,,
,2026-09-10,VBL.NS,70.68,75.97,1.0,40.5,0.0,0.0,-0.4686,35.3,37.1,0.0,0.0,,,,,,,,
,2026-09-10,SOLARINDS.NS,70.22,68.31,0.0,40.1,0.0,0.0,-0.7617,31.4,35.7,0.0,0.0,,,,,,,,
,2026-09-10,MARUTI.NS,70.19,77.02,1.0,46.8,0.0,0.0,-0.5344,40.1,43.8,0.0,0.0,,,,,,,,
,2026-09-10,BIOCON.NS,70.1,65.65,0.0,43.6,0.0,0.0,-0.5279,32.7,37.2,0.0,0.0,,,,,,,,
,2026-09-10,SYNGENE.NS,70.03,88.42,1.0,43.6,0.0,0.0,-0.137,36.8,37.0,0.0,0.0,,,,,,,,
,2026-09-10,CUMMINSIND.NS,69.82,65.92,0.0,41.1,0.0,0.0,-0.4328,28.2,33.4,0.0,0.0,,,,,,,,
,2026-09-10,LTM.NS,69.51,69.13,0.0,49.5,0.0,0.0,-0.2997,34.7,36.8,0.0,0.0,,,,,,,,
,2026-09-10,BOSCHLTD.NS,68.91,67.93,0.0,42.1,0.0,0.0,-0.5302,29.2,34.0,0.0,0.0,,,,,,,,
,2026-09-10,BALAMINES.NS,68.49,80.92,1.0,51.2,0.0,0.0,0.0208,27.9,32.0,0.0,0.0,,,,,,,,
,2026-09-10,IRCTC.NS,68.28,77.41,1.0,47.1,0.0,0.0,-0.3607,35.7,40.3,0.0,0.0,,,,,,,,
,2026-09-10,ZYDUSLIFE.NS,68.25,84.44,1.0,46.2,0.0,0.0,-0.3143,33.9,36.8,0.0,0.0,,,,,,,,
,2026-09-10,GAIL.NS,68.14,64.87,0.0,34.7,0.0,0.0,-0.4595,19.3,27.1,0.0,0.0,,,,,,,,
,2026-09-10,UTIAMC.NS,67.73,61.96,0.0,37.4,0.0,0.0,-0.5653,20.3,27.2,0.0,0.0,,,,,,,,
,2026-09-10,SCHAEFFLER.NS,67.65,63.88,0.0,43.4,0.0,0.0,-0.2755,32.2,35.3,0.0,0.0,,,,,,,,
,2026-09-10,BLUESTARCO.NS,67.22,61.65,0.0,42.8,0.0,0.0,-0.4829,26.6,31.3,0.0,0.0,,,,,,,,
,2026-09-10,DATAPATTNS.NS,67.21,59.21,0.0,46.9,0.0,0.0,-0.8778,27.1,34.0,0.0,0.0,,,,,,,,
,2026-09-10,NMDC.NS,67.1,69.84,0.0,43.0,0.0,0.0,-0.6682,28.5,35.0,0.0,0.0,,,,,,,,
,2026-09-10,BAJAJ-AUTO.NS,66.77,80.1,1.0,48.0,0.0,0.0,-0.36,34.7,37.2,0.0,0.0,,,,,,,,
,2026-09-10,ADANIENSOL.NS,66.61,68.03,0.0,44.6,0.0,0.0,-0.4841,30.5,37.6,0.0,0.0,,,,,,,,
,2026-09-10,MMTC.NS,66.36,81.76,1.0,45.3,0.0,0.0,-0.2124,33.4,36.2,0.0,0.0,,,,,,,,
,2026-09-10,NAVINFLUOR.NS,65.49,58.88,0.0,37.1,0.0,0.0,-0.55,25.7,32.1,0.0,0.0,,,,,,,,
,2026-09-10,MPHASIS.NS,65.43,58.73,0.0,48.2,0.0,0.0,0.0766,32.9,36.9,0.0,0.0,,,,,,,,
,2026-09-10,UBL.NS,65.37,66.18,0.0,45.5,0.0,0.0,-0.2515,35.9,38.5,0.0,0.0,,,,,,,,
,2026-09-10,SIEMENS.NS,65.31,56.39,0.0,43.2,0.0,0.0,-0.3094,31.7,36.0,0.0,0.0,,,,,,,,
,2026-09-10,BHEL.NS,65.17,65.82,0.0,42.7,0.0,0.0,-0.5936,25.3,33.7,0.0,0.0,,,,,,,,
,2026-09-10,COALINDIA.NS,65.05,53.31,0.0,36.7,0.0,0.0,-0.7487,24.7,29.2,0.0,0.0,,,,,,,,
,2026-09-10,M&M.NS,64.82,72.12,0.0,47.2,0.0,0.0,-0.3951,40.3,43.3,0.0,0.0,,,,,,,,
,2026-09-10,PDRP.NS,64.67,59.83,0.0,36.1,0.0,0.0,-0.22,18.6,27.7,0.0,0.0,,,,,,,,
,2026-09-10,IEX.NS,64.51,56.88,0.0,44.8,0.0,0.0,-0.3461,36.1,38.1,0.0,0.0,,,,,,,,
,2026-09-10,MTARTECH.NS,64.27,82.29,0.0,43.2,0.0,0.0,-0.9775,26.2,33.0,0.0,0.0,,,,,,,,
,2026-09-10,ADANIPOWER.NS,64.21,55.82,0.0,42.4,0.0,0.0,-0.6148,26.9,31.3,0.0,0.0,,,,,,,,
,2026-09-10,POWERGRID.NS,64.14,54.38,0.0,35.3,0.0,0.0,-0.5239,25.1,27.6,0.0,0.0,,,,,,,,
,2026-09-10,NH.NS,64.14,76.82,0.0,46.3,0.0,0.0,-0.1986,26.3,32.4,0.0,0.0,,,,,,,,
,2026-09-10,BHARATFORG.NS,64.12,76.77,0.0,46.0,0.0,0.0,-0.2649,37.0,38.5,0.0,0.0,,,,,,,,
,2026-09-10,WIPRO.NS,63.77,52.41,0.0,41.5,0.0,0.0,-0.7134,30.2,31.0,0.0,0.0,,,,,,,,
,2026-09-10,LICI.NS,63.63,58.98,0.0,44.2,0.0,0.0,-0.4704,26.5,31.7,0.0,0.0,,,,,,,,
,2026-09-10,BEL.NS,63.58,53.12,0.0,40.0,0.0,0.0,-0.7199,19.2,25.5,0.0,0.0,,,,,,,,
,2026-09-10,DIXON.NS,63.56,52.46,0.0,44.0,0.0,0.0,-0.6716,23.1,28.9,0.0,0.0,,,,,,,,
,2026-09-10,CESC.NS,63.55,54.57,0.0,40.9,0.0,0.0,-0.391,29.9,35.1,0.0,0.0,,,,,,,,
,2026-09-10,SUZLON.NS,63.47,65.89,0.0,42.6,0.0,0.0,-0.371,30.5,34.6,0.0,0.0,,,,,,,,
,2026-09-10,HCLTECH.NS,63.45,52.19,0.0,49.5,0.0,0.0,-0.7996,32.3,32.7,0.0,0.0,,,,,,,,
,2026-09-10,TCS.NS,63.39,51.94,0.0,44.0,0.0,0.0,-0.8363,25.5,29.4,0.0,0.0,,,,,,,,
,2026-09-10,BHARTIARTL.NS,63.38,55.5,0.0,48.2,0.0,0.0,-0.3989,31.8,35.4,0.0,0.0,,,,,,,,
,2026-09-10,HAL.NS,63.37,52.56,0.0,40.8,0.0,0.0,-0.761,29.7,32.5,0.0,0.0,,,,,,,,
,2026-09-10,MANKIND.NS,63.33,55.57,0.0,46.4,0.0,0.0,-0.4326,32.2,35.7,0.0,0.0,,,,,,,,
,2026-09-10,JPPOWER.NS,63.14,73.1,0.0,46.3,0.0,0.0,-0.1891,36.1,38.2,0.0,0.0,,,,,,,,
,2026-09-10,INFY.NS,63.07,52.18,0.0,48.5,0.0,0.0,-0.8795,30.0,31.8,0.0,0.0,,,,,,,,
,2026-09-10,OBEROIRLTY.NS,63.06,54.42,0.0,47.2,0.0,0.0,-0.3819,32.3,34.6,0.0,0.0,,,,,,,,
,2026-09-10,HINDCOPPER.NS,62.78,54.75,0.0,48.2,0.0,0.0,-0.2135,27.9,34.2,0.0,0.0,,,,,,,,
,2026-09-10,TORNTPOWER.NS,62.66,52.58,0.0,41.4,0.0,0.0,-0.4019,25.2,33.3,0.0,0.0,,,,,,,,
,2026-09-10,ASIANPAINT.NS,62.6,54.51,0.0,49.9,0.0,0.0,-0.2586,43.7,42.5,0.0,0.0,,,,,,,,
,2026-09-10,KAYNES.NS,62.58,56.71,0.0,40.9,0.0,0.0,-0.2871,26.9,34.7,0.0,0.0,,,,,,,,
,2026-09-10,ABCAPITAL.NS,62.57,57.2,0.0,40.6,0.0,0.0,-0.3461,24.8,31.1,0.0,0.0,,,,,,,,
,2026-09-10,BERGEPAINT.NS,62.55,51.64,0.0,51.0,0.0,0.0,-0.2006,39.4,40.1,0.0,0.0,,,,,,,,
,2026-09-10,NTPC.NS,62.38,53.14,0.0,38.3,0.0,0.0,-0.4956,26.0,29.5,0.0,0.0,,,,,,,,
,2026-09-10,NAM-INDIA.NS,62.19,51.73,0.0,47.3,0.0,0.0,-0.3828,30.6,34.1,0.0,0.0,,,,,,,,
,2026-09-10,LAURUSLABS.NS,62.13,69.8,0.0,46.1,0.0,0.0,-0.7796,30.2,36.3,0.0,0.0,,,,,,,,
,2026-09-10,VINATIORGA.NS,61.95,71.95,0.0,40.9,0.0,0.0,-0.2403,35.1,37.2,0.0,0.0,,,,,,,,
,2026-09-10,AJANTPHARM.NS,61.94,71.94,0.0,48.7,0.0,0.0,-0.4954,34.7,37.3,0.0,0.0,,,,,,,,
,2026-09-10,APLAPOLLO.NS,61.74,53.17,0.0,47.7,0.0,0.0,-0.2238,33.8,37.2,0.0,0.0,,,,,,,,
,2026-09-10,ATGL.NS,61.54,51.42,0.0,43.0,0.0,0.0,-0.3768,35.5,37.5,0.0,0.0,,,,,,,,
,2026-09-10,HDFCLIFE.NS,61.45,77.36,0.0,53.0,0.0,0.0,-0.3309,41.7,41.0,0.0,0.0,,,,,,,,
,2026-09-10,SBIN.NS,60.98,51.79,0.0,46.0,0.0,0.0,-0.703,25.3,31.9,0.0,0.0,,,,,,,,
,2026-09-10,KOTAKBANK.NS,60.79,52.54,0.0,43.6,0.0,0.0,-0.4161,25.4,33.5,0.0,0.0,,,,,,,,
,2026-09-10,BDL.NS,59.91,57.59,0.0,50.4,0.0,0.0,-0.2069,35.9,38.8,0.0,0.0,,,,,,,,
,2026-09-10,JYOTHYLAB.NS,59.38,53.98,0.0,44.1,0.0,0.0,-0.3219,32.2,37.3,0.0,0.0,,,,,,,,
,2026-09-10,SAPPHIRE.NS,59.34,51.39,0.0,45.7,0.0,0.0,-0.2768,31.9,36.1,0.0,0.0,,,,,,,,
,2026-09-10,GRANULES.NS,59.27,53.07,0.0,42.5,0.0,0.0,-0.5596,26.4,33.6,0.0,0.0,,,,,,,,
,2026-09-10,HDFCBANK.NS,59.24,50.61,0.0,48.3,0.0,0.0,-0.7242,28.4,33.4,0.0,0.0,,,,,,,,
,2026-09-10,TIINDIA.NS,59.17,63.02,0.0,43.9,0.0,0.0,-0.3028,27.5,34.7,0.0,0.0,,,,,,,,
,2026-09-10,RADICO.NS,58.91,50.95,0.0,46.7,0.0,0.0,-0.4736,26.6,32.7,0.0,0.0,,,,,,,,
,2026-09-10,ULTRACEMCO.NS,58.76,52.31,0.0,49.8,0.0,0.0,-0.3514,42.5,42.1,0.0,0.0,,,,,,,,
,2026-09-10,MANAPPURAM.NS,58.69,50.47,0.0,47.8,0.0,0.0,-0.3263,33.4,37.5,0.0,0.0,,,,,,,,
,2026-09-10,ICICIBANK.NS,58.54,50.22,0.0,52.1,0.0,0.0,-0.5271,31.3,35.8,0.0,0.0,,,,,,,,
,2026-09-10,LEMONTREE.NS,58.28,53.66,0.0,42.7,0.0,0.0,-0.485,26.2,31.8,0.0,0.0,,,,,,,,
,2026-09-10,EIHOTEL.NS,58.26,63.76,0.0,40.3,0.0,0.0,-0.3974,29.0,33.8,0.0,0.0,,,,,,,,
,2026-09-10,OLAELEC.NS,57.95,54.72,0.0,44.1,0.0,0.0,-0.3198,32.8,36.0,0.0,0.0,,,,,,,,
,2026-09-10,NHPC.NS,57.74,62.6,0.0,37.0,0.0,0.0,-0.3375,17.6,26.1,0.0,0.0,,,,,,,,
,2026-09-10,AUROPHARMA.NS,57.69,59.09,0.0,40.9,0.0,0.0,-0.4044,27.9,34.1,0.0,0.0,,,,,,,,
,2026-09-10,CAMS.NS,57.59,55.21,0.0,51.8,0.0,0.0,-0.1886,34.8,37.4,0.0,0.0,,,,,,,,
,2026-09-10,HUDCO.NS,57.57,53.84,0.0,47.1,0.0,0.0,-0.1137,36.5,38.8,0.0,0.0,,,,,,,,
,2026-09-10,NAUKRI.NS,57.37,51.26,0.0,48.7,0.0,0.0,-0.3104,32.7,35.7,0.0,0.0,,,,,,,,
,2026-09-10,ANGELONE.NS,57.35,49.56,0.0,41.9,0.0,0.0,-0.1273,20.7,29.4,0.0,0.0,,,,,,,,
,2026-09-10,EMAMILTD.NS,57.31,60.15,0.0,45.0,0.0,0.0,-0.2079,36.4,37.4,0.0,0.0,,,,,,,,
,2026-09-10,LODHA.NS,55.99,57.2,0.0,51.4,0.0,0.0,-0.2421,39.9,40.4,0.0,0.0,,,,,,,,
,2026-09-10,UPL.NS,55.74,58.15,0.0,41.6,0.0,0.0,-0.2673,29.8,33.6,0.0,0.0,,,,,,,,
,2026-09-10,AARTIIND.NS,55.65,50.4,0.0,45.3,0.0,0.0,-0.5089,25.7,32.9,0.0,0.0,,,,,,,,
,2026-09-10,ALKYLAMINE.NS,55.54,57.7,0.0,44.3,0.0,0.0,-0.3356,32.8,36.1,0.0,0.0,,,,,,,,
,2026-09-10,MRPL.NS,55.3,53.52,0.0,45.3,0.0,0.0,-0.3772,33.2,35.1,0.0,0.0,,,,,,,,
,2026-09-10,MAXHEALTH.NS,55.28,51.07,0.0,36.9,0.0,0.0,-0.393,24.5,30.2,0.0,0.0,,,,,,,,
,2026-09-10,KIMS.NS,55.08,56.69,0.0,43.3,0.0,0.0,-0.353,34.4,36.7,0.0,0.0,,,,,,,,
,2026-09-10,BAJAJHLDNG.NS,55.05,56.62,0.0,45.9,0.0,0.0,-0.2063,33.6,36.6,0.0,0.0,,,,,,,,
,2026-09-10,NIFTYBEES.NS,55.03,56.57,0.0,45.4,0.0,0.0,-0.2659,44.8,42.0,0.0,0.0,,,,,,,,
,2026-09-10,BSE.NS,54.93,52.0,0.0,42.4,0.0,0.0,-0.3756,30.0,34.9,0.0,0.0,,,,,,,,
,2026-09-10,TRENT.NS,54.83,56.12,0.0,44.9,0.0,0.0,-0.2742,34.0,37.1,0.0,0.0,,,,,,,,
,2026-09-10,MON100.NS,54.51,55.41,0.0,41.3,0.0,0.0,-0.6223,29.3,33.6,0.0,0.0,,,,,,,,
,2026-09-10,MRF.NS,54.3,55.77,0.0,47.7,0.0,0.0,-0.3128,37.6,37.7,0.0,0.0,,,,,,,,
,2026-09-10,HINDZINC.NS,54.3,54.94,0.0,41.8,0.0,0.0,-0.3692,29.6,36.1,0.0,0.0,,,,,,,,
,2026-09-10,INDHOTEL.NS,54.11,51.39,0.0,40.7,0.0,0.0,-0.3596,25.7,31.5,0.0,0.0,,,,,,,,
,2026-09-10,NATIONALUM.NS,53.56,56.6,0.0,44.8,0.0,0.0,-0.3557,30.9,36.3,0.0,0.0,,,,,,,,
,2026-09-10,LTIM.NS,53.24,53.2,0.0,45.8,0.0,0.0,-0.2637,26.7,29.7,0.0,0.0,,,,,,,,
,2026-09-10,DLF.NS,53.24,53.2,0.0,52.0,0.0,0.0,-0.3391,39.0,39.0,0.0,0.0,,,,,,,,
,2026-09-10,SUNTV.NS,53.18,58.82,0.0,50.9,0.0,0.0,0.0009,38.0,39.6,0.0,0.0,,,,,,,,
,2026-09-10,ADANIGREEN.NS,53.12,54.06,0.0,43.6,0.0,0.0,-0.4924,31.9,38.0,0.0,0.0,,,,,,,,
,2026-09-10,PRESTIGE.NS,53.11,53.2,0.0,47.8,0.0,0.0,-0.2907,34.8,37.6,0.0,0.0,,,,,,,,
,2026-09-10,GODREJPROP.NS,53.02,53.59,0.0,54.9,0.0,0.0,-0.2869,47.4,46.5,0.0,0.0,,,,,,,,
,2026-09-10,PAGEIND.NS,52.12,55.3,0.0,43.2,0.0,0.0,-0.3084,31.2,34.4,0.0,0.0,,,,,,,,
,2026-09-10,TATACOMM.NS,50.97,53.91,0.0,41.7,0.0,0.0,-0.6344,31.6,34.5,0.0,0.0,,,,,,,,
,2026-09-10,TATAELXSI.NS,49.02,55.11,0.0,46.8,0.0,0.0,-0.2476,39.1,41.8,0.0,0.0,,,,,,,,
,2026-09-10,PHOENIXLTD.NS,48.57,54.71,0.0,44.2,0.0,0.0,-0.1996,40.8,43.4,0.0,0.0,,,,,,,,
,2026-09-10,FORTIS.NS,48.19,47.73,0.0,43.7,0.0,0.0,-0.3149,29.8,33.6,0.0,0.0,,,,,,,,
,2026-09-10,FIVESTAR.NS,46.97,50.56,0.0,41.1,0.0,0.0,-0.1862,28.1,33.3,0.0,0.0,,,,,,,,
,2026-09-10,LUPIN.NS,46.72,51.49,0.0,42.6,0.0,0.0,-0.2661,28.9,34.7,0.0,0.0,,,,,,,,
,2026-09-10,CHOLAFIN.NS,46.65,51.33,0.0,43.6,0.0,0.0,-0.2592,29.5,32.8,0.0,0.0,,,,,,,,
,2026-09-10,INDIAMART.NS,46.63,51.3,0.0,43.7,0.0,0.0,-0.3016,34.1,37.0,0.0,0.0,,,,,,,,
,2026-09-10,APOLLOHOSP.NS,46.6,51.24,0.0,40.3,0.0,0.0,-0.4997,25.1,31.1,0.0,0.0,,,,,,,,
,2026-09-10,LT.NS,46.56,56.68,0.0,50.9,0.0,0.0,-0.1764,54.5,51.2,0.0,0.0,,,,,,,,
,2026-09-10,SHYAMMETL.NS,46.56,51.14,0.0,38.9,0.0,0.0,-0.4522,27.0,33.2,0.0,0.0,,,,,,,,
,2026-09-10,SHRIRAMFIN.NS,46.5,51.0,0.0,47.1,0.0,0.0,-0.1995,32.5,36.7,0.0,0.0,,,,,,,,
,2026-09-10,DEVYANI.NS,46.29,50.54,0.0,44.4,0.0,0.0,-0.1722,29.3,34.2,0.0,0.0,,,,,,,,
,2026-09-10,CIPLA.NS,46.28,50.53,0.0,43.1,0.0,0.0,-0.2891,30.1,33.9,0.0,0.0,,,,,,,,
,2026-09-10,DELTACORP.NS,46.24,50.42,0.0,48.4,0.0,0.0,-0.2017,35.2,37.3,0.0,0.0,,,,,,,,
,2026-09-10,MGL.NS,46.24,50.43,0.0,42.4,0.0,0.0,-0.3801,26.9,32.0,0.0,0.0,,,,,,,,
,2026-09-10,MASTEK.NS,46.08,50.06,0.0,45.1,0.0,0.0,-0.1406,30.8,36.0,0.0,0.0,,,,,,,,
,2026-09-10,SILVERBEES.NS,45.85,49.56,0.0,42.4,0.0,0.0,-0.2306,29.6,34.6,0.0,0.0,,,,,,,,
,2026-09-10,MAZDOCK.NS,45.59,52.98,0.0,51.1,0.0,0.0,-0.0606,52.5,52.5,0.0,0.0,,,,,,,,
,2026-09-10,JIOFIN.NS,45.24,50.1,0.0,50.5,0.0,0.0,-0.0771,34.2,37.6,0.0,0.0,,,,,,,,
,2026-09-10,GRSE.NS,45.16,52.74,0.0,51.6,0.0,0.0,-0.0791,46.0,47.9,0.0,0.0,,,,,,,,
,2026-09-10,VEDL.NS,43.95,51.24,0.0,42.2,0.0,0.0,-0.3953,39.6,44.6,0.0,0.0,,,,,,,,
,2026-09-10,KPIL.NS,43.9,50.41,0.0,41.8,0.0,0.0,-0.2674,23.6,28.6,0.0,0.0,,,,,,,,
,2026-09-10,HOMEFIRST.NS,43.54,49.92,0.0,42.3,0.0,0.0,-0.2038,36.8,40.6,0.0,0.0,,,,,,,,
,2026-09-10,IOB.NS,43.17,45.51,0.0,39.2,0.0,0.0,-0.4183,27.7,32.1,0.0,0.0,,,,,,,,
,2026-09-10,SUNPHARMA.NS,42.03,52.7,0.0,47.3,0.0,0.0,-0.2328,45.2,45.0,0.0,0.0,,,,,,,,
,2026-09-10,AXISBANK.NS,41.98,49.59,0.0,44.0,0.0,0.0,-0.3022,27.9,36.3,0.0,0.0,,,,,,,,
,2026-09-10,HDFCAMC.NS,41.72,49.75,0.0,50.1,0.0,0.0,-0.1095,44.9,48.3,0.0,0.0,,,,,,,,
,2026-09-10,ABBOTINDIA.NS,41.69,48.9,0.0,52.5,0.0,0.0,-0.0281,44.8,46.6,0.0,0.0,,,,,,,,
,2026-09-10,ABB.NS,41.15,49.15,0.0,44.1,0.0,0.0,-0.2059,39.2,41.5,0.0,0.0,,,,,,,,
,2026-09-10,NESTLEIND.NS,41.09,14.96,0.0,46.1,0.0,0.0,-0.4416,33.9,40.5,0.0,0.0,,,,,,,,
,2026-09-10,ZENSARTECH.NS,40.69,49.36,0.0,48.9,0.0,0.0,-0.1356,51.1,49.2,0.0,0.0,,,,,,,,
,2026-09-10,TITAN.NS,39.98,44.3,0.0,48.0,0.0,0.0,-0.101,28.0,33.9,0.0,0.0,,,,,,,,
,2026-09-10,SHREECEM.NS,39.92,29.36,0.0,50.9,0.0,0.0,0.1431,33.9,36.8,0.0,0.0,,,,,,,,
,2026-09-10,MUTHOOTFIN.NS,39.5,39.72,0.0,46.8,0.0,0.0,0.0326,32.3,37.3,0.0,0.0,,,,,,,,
,2026-09-10,TATASTEEL.NS,39.45,31.71,0.0,45.0,0.0,0.0,-0.2438,31.9,36.5,0.0,0.0,,,,,,,,
,2026-09-10,GOLDBEES.NS,38.95,42.39,0.0,45.8,0.0,0.0,0.0144,32.0,36.5,0.0,0.0,,,,,,,,
,2026-09-10,OIL.NS,38.82,48.37,0.0,40.1,0.0,0.0,-0.4744,32.0,39.5,0.0,0.0,,,,,,,,
,2026-09-10,IGL.NS,38.81,43.95,0.0,43.4,0.0,0.0,-0.0816,27.7,34.9,0.0,0.0,,,,,,,,
,2026-09-10,PNB.NS,38.74,32.25,0.0,44.5,0.0,0.0,-0.3825,29.0,32.7,0.0,0.0,,,,,,,,
,2026-09-10,BAJFINANCE.NS,38.45,48.37,0.0,49.2,0.0,0.0,-0.21,43.0,45.4,0.0,0.0,,,,,,,,
,2026-09-10,AMBER.NS,37.27,49.95,0.0,43.5,0.0,0.0,-0.0581,36.2,42.9,0.0,0.0,,,,,,,,
,2026-09-10,SRF.NS,37.05,49.44,0.0,45.4,0.0,0.0,-0.0963,39.9,45.0,0.0,0.0,,,,,,,,
,2026-09-10,RELIANCE.NS,36.5,36.65,0.0,50.4,0.0,0.0,-0.2781,44.0,42.4,0.0,0.0,,,,,,,,
,2026-09-10,YESBANK.NS,36.23,19.57,0.0,40.4,0.0,0.0,-0.5668,23.4,31.4,0.0,0.0,,,,,,,,
,2026-09-10,GODREJCP.NS,35.76,45.1,0.0,43.3,0.0,0.0,-0.1906,39.6,46.3,0.0,0.0,,,,,,,,
,2026-09-10,ONGC.NS,35.76,37.38,0.0,40.6,0.0,0.0,-0.4615,29.9,34.2,0.0,0.0,,,,,,,,
,2026-09-10,SAIL.NS,34.91,19.69,0.0,46.8,0.0,0.0,-0.2262,32.5,38.2,0.0,0.0,,,,,,,,
,2026-09-10,BANKBARODA.NS,34.75,46.05,0.0,49.1,0.0,0.0,-0.4089,45.2,47.1,0.0,0.0,,,,,,,,
,2026-09-10,TATATECH.NS,34.15,24.87,0.0,45.9,0.0,0.0,-0.1431,34.4,37.0,0.0,0.0,,,,,,,,
,2026-09-10,HINDALCO.NS,34.05,21.95,0.0,43.6,0.0,0.0,-0.1061,30.8,35.4,0.0,0.0,,,,,,,,
,2026-09-10,BPCL.NS,33.68,36.56,0.0,44.8,0.0,0.0,-0.2708,29.1,35.9,0.0,0.0,,,,,,,,
,2026-09-10,PERSISTENT.NS,33.61,46.26,0.0,47.1,0.0,0.0,-0.3113,45.5,48.2,0.0,0.0,,,,,,,,
,2026-09-10,BAJAJFINSV.NS,33.46,35.43,0.0,44.0,0.0,0.0,-0.264,33.9,36.0,0.0,0.0,,,,,,,,
,2026-09-10,INDUSINDBK.NS,33.43,33.61,0.0,41.5,0.0,0.0,-0.3874,26.8,32.5,0.0,0.0,,,,,,,,
,2026-09-10,IOC.NS,33.06,33.71,0.0,42.8,0.0,0.0,-0.4345,34.7,38.2,0.0,0.0,,,,,,,,
,2026-09-10,INDIGO.NS,32.11,33.59,0.0,43.7,0.0,0.0,-0.4338,34.0,39.4,0.0,0.0,,,,,,,,
,2026-09-10,JSWSTEEL.NS,32.0,27.81,0.0,42.9,0.0,0.0,-0.1312,35.1,42.4,0.0,0.0,,,,,,,,
,2026-09-10,TIMKEN.NS,29.71,19.57,0.0,44.6,0.0,0.0,0.39,37.0,41.5,0.0,0.0,,,,,,,,
,2026-09-10,NBCC.NS,29.27,26.1,0.0,41.5,0.0,0.0,-0.3965,32.1,34.4,0.0,0.0,,,,,,,,
,2026-09-10,HAVELLS.NS,28.94,21.13,0.0,51.2,0.0,0.0,0.6364,53.4,50.5,0.0,0.0,,,,,,,,
,2026-09-10,IIFL.NS,28.72,34.81,0.0,54.3,0.0,0.0,0.2582,29.1,41.4,0.0,0.0,,,,,,,,
,2026-09-10,BALKRISIND.NS,28.65,24.74,0.0,46.9,0.0,0.0,-0.2515,28.7,34.6,0.0,0.0,,,,,,,,
,2026-09-10,SPICEJET.NS,28.06,19.72,0.0,44.6,0.0,0.0,-0.3387,27.2,32.1,0.0,0.0,,,,,,,,
,2026-09-10,JINDALSTEL.NS,27.98,9.34,0.0,43.0,0.0,0.0,-0.6522,28.9,37.0,0.0,0.0,,,,,,,,
,2026-09-10,ITC.NS,27.47,19.28,0.0,45.0,0.0,0.0,-0.164,38.9,44.2,0.0,0.0,,,,,,,,
,2026-09-10,HINDUNILVR.NS,26.56,12.8,0.0,47.3,0.0,0.0,0.2218,41.6,44.9,0.0,0.0,,,,,,,,
,2026-09-10,BRITANNIA.NS,26.16,9.1,0.0,45.7,0.0,0.0,-0.3223,34.1,38.3,0.0,0.0,,,,,,,,
,2026-09-10,COCHINSHIP.NS,25.75,20.27,0.0,41.2,0.0,0.0,-0.0389,31.5,39.8,0.0,0.0,,,,,,,,
,2026-09-10,COFORGE.NS,25.07,22.51,0.0,48.0,0.0,0.0,-0.2825,34.1,38.1,0.0,0.0,,,,,,,,
,2026-09-10,DABUR.NS,23.52,9.1,0.0,49.0,0.0,0.0,-0.2672,37.0,41.5,0.0,0.0,,,,,,,,
,2026-09-10,BANSALWIRE.NS,23.22,32.1,0.0,46.1,0.0,0.0,-0.3438,39.8,41.7,0.0,0.0,,,,,,,,
,2026-09-10,IRFC.NS,22.69,11.49,0.0,47.4,0.0,0.0,-0.3038,31.6,36.5,0.0,0.0,,,,,,,,
,2026-09-10,TATACONSUM.NS,20.91,25.48,0.0,42.4,0.0,0.0,-0.2646,30.4,39.6,0.0,0.0,,,,,,,,
,2026-09-10,ALKEM.NS,53.97,52.55,0.0,44.4,0.0,0.0,-0.3096,46.8,48.0,0.0,0.0,,,,,,,,
,2026-09-10,WESTLIFE.NS,46.07,50.19,0.0,41.3,0.0,0.0,-0.3193,42.5,44.9,0.0,0.0,,,,,,,,
,2026-09-10,CPSEETF.NS,57.64,62.38,0.0,36.1,0.0,0.0,-0.3089,30.0,32.2,0.0,0.0,,,,,,,,
,2026-09-10,BHARAT22ETF.NS,57.46,62.38,0.0,39.2,0.0,0.0,-0.1587,37.4,39.6,0.0,0.0,,,,,,,,
,2026-09-10,ACC.NS,71.38,76.58,1.0,49.4,0.0,0.0,-0.2051,52.7,50.7,0.0,0.0,,,,,,,,
,2026-09-10,JUBLFOOD.NS,56.38,59.92,0.0,43.6,0.0,0.0,-0.3048,40.3,44.3,0.0,0.0,,,,,,,,
,2026-09-10,SONACOMS.NS,53.39,53.26,0.0,46.5,0.0,0.0,-0.4347,42.0,44.7,0.0,0.0,,,,,,,,
,2026-09-10,DMART.NS,66.63,82.68,1.0,41.1,0.0,0.0,-0.1522,50.9,50.0,0.0,0.0,,,,,,,,
,2026-09-10,KEC.NS,62.48,73.35,0.0,40.3,0.0,0.0,-0.2438,39.6,43.1,0.0,0.0,,,,,,,,
=======,,,,,,,,,,,,,,,,,,,,,
,2026-09-09,TATACONSUM.NS,20.7,26.72,0.0,28.3,0.0,0.0,-0.1723,36.7,38.2,0.0,0.0,-0.1399,0.0,,1.0,1.0,1.0,,
,2026-09-09,OIL.NS,19.99,9.87,0.0,31.4,0.0,0.0,-0.1854,38.7,39.6,0.0,0.0,,,,,,,,
,2026-09-09,TORNTPHARM.NS,73.16,94.88,1.0,37.9,0.0,0.0,-0.1701,17.7,24.9,0.0,0.0,,,,,,,,
,2026-09-09,NH.NS,64.36,76.82,0.0,43.0,0.0,0.0,-0.079,22.3,28.7,0.0,0.0,,,,,,,,
,2026-09-09,NHPC.NS,57.97,62.6,0.0,34.2,0.0,0.0,-0.2052,21.0,27.0,0.0,0.0,-0.4433,0.0,,1.0,1.0,1.0,,
,2026-09-09,AARTIIND.NS,55.65,50.4,0.0,38.4,0.0,0.0,-0.1127,32.3,33.1,0.0,0.0,1.582,1.0,,0.0,0.0,0.0,,
,2026-09-09,CHOLAFIN.NS,46.65,51.33,0.0,41.2,0.0,0.0,-0.1464,29.3,32.1,0.0,0.0,,,,,,,,
,2026-09-09,DELTACORP.NS,46.24,50.42,0.0,42.0,0.0,0.0,-0.1796,33.1,35.9,0.0,0.0,-1.6471,0.0,,1.0,1.0,1.0,,
,2026-09-09,WESTLIFE.NS,46.13,50.19,0.0,41.3,0.0,0.0,0.0157,40.3,37.4,0.0,0.0,,,,,,,,
,2026-09-09,JINDALSTEL.NS,27.76,9.34,0.0,42.8,0.0,0.0,-0.5165,31.7,35.4,0.0,0.0,,,,,,,,
>>>>>>> Stashed changes,,,,,,,,,,,,,,,,,,,,,
,2026-09-11,NYKAA.NS,80.35,93.44,1.0,33.0,0.0,0.0,-0.655,45.7,41.0,0.0,0.0,,,,,,,,
,2026-09-11,LAURUSLABS.NS,79.86,89.82,1.0,36.9,0.0,0.0,-0.5858,44.1,42.4,0.0,0.0,,,,,,,,
,2026-09-11,SAPPHIRE.NS,76.71,85.58,1.0,34.5,0.0,0.0,-0.5885,50.1,49.2,0.0,0.0,,,,,,,,
,2026-09-11,HINDCOPPER.NS,76.43,85.63,1.0,37.4,0.0,0.0,-0.6957,54.6,51.7,0.0,0.0,,,,,,,,
,2026-09-11,TATAPOWER.NS,75.4,79.73,1.0,37.4,0.0,0.0,-0.8277,44.5,46.6,0.0,0.0,,,,,,,,
,2026-09-11,SJVN.NS,74.87,83.48,1.0,37.7,0.0,0.0,-0.7531,42.7,40.3,0.0,0.0,,,,,,,,
,2026-09-11,PAYTM.NS,73.21,73.01,1.0,35.5,0.0,0.0,-0.9784,47.5,45.6,0.0,0.0,,,,,,,,
,2026-09-11,BLUESTARCO.NS,71.72,72.79,1.0,34.2,0.0,0.0,-0.7216,41.6,41.7,0.0,0.0,,,,,,,,
,2026-09-11,ACC.NS,71.51,76.58,1.0,36.1,0.0,0.0,-0.6355,53.4,50.9,0.0,0.0,,,,,,,,
,2026-09-11,SOLARINDS.NS,71.5,71.51,1.0,34.6,0.0,0.0,-1.0076,55.9,50.0,1.0,0.0,,,,,,,,
,2026-09-11,OBEROIRLTY.NS,71.28,70.75,1.0,37.2,0.0,0.0,-0.664,52.6,51.1,0.0,0.0,,,,,,,,
,2026-09-11,SKFINDIA.NS,71.03,71.57,1.0,34.3,0.0,0.0,-0.682,49.7,47.3,0.0,0.0,,,,,,,,
,2026-09-11,BIOCON.NS,70.45,67.14,0.0,38.5,0.0,0.0,-0.8286,53.2,49.9,0.0,0.0,,,,,,,,
,2026-09-11,DATAPATTNS.NS,70.39,67.84,0.0,35.1,0.0,0.0,-1.2817,53.7,48.6,0.0,0.0,,,,,,,,
,2026-09-11,HAL.NS,70.2,66.84,0.0,36.6,0.0,0.0,-1.1821,43.8,46.0,0.0,0.0,,,,,,,,
,2026-09-11,BEL.NS,69.99,66.94,0.0,34.5,0.0,0.0,-0.9863,50.8,46.7,0.0,0.0,,,,,,,,
,2026-09-11,BOSCHLTD.NS,69.39,67.93,0.0,36.9,0.0,0.0,-0.8023,52.5,49.6,0.0,0.0,,,,,,,,
,2026-09-11,ADANIENT.NS,69.3,69.77,0.0,33.8,0.0,0.0,-1.104,50.3,49.8,0.0,0.0,,,,,,,,
,2026-09-11,POWERGRID.NS,68.73,64.61,0.0,36.0,0.0,0.0,-0.8709,35.8,39.2,0.0,0.0,,,,,,,,
,2026-09-11,BALAMINES.NS,68.46,80.92,1.0,38.0,0.0,0.0,-0.2174,52.1,47.7,0.0,0.0,,,,,,,,
,2026-09-11,TMCV.NS,68.16,65.24,0.0,38.1,0.0,0.0,-0.5521,46.2,49.2,0.0,0.0,,,,,,,,
,2026-09-11,MAZDOCK.NS,68.06,65.56,0.0,37.6,0.0,0.0,-0.573,45.0,49.9,0.0,0.0,,,,,,,,
,2026-09-11,NTPC.NS,67.79,64.87,0.0,40.6,0.0,0.0,-0.8421,38.9,42.2,0.0,0.0,,,,,,,,
,2026-09-11,ZYDUSLIFE.NS,67.58,83.04,1.0,36.3,0.0,0.0,-0.5513,53.5,49.8,0.0,0.0,,,,,,,,
,2026-09-11,BDL.NS,67.57,62.53,0.0,37.6,0.0,0.0,-0.5014,43.6,47.1,0.0,0.0,,,,,,,,
,2026-09-11,GRSE.NS,67.52,65.56,0.0,39.4,0.0,0.0,-0.677,46.3,52.2,0.0,0.0,,,,,,,,
,2026-09-11,NMDC.NS,67.33,70.91,1.0,41.6,0.0,0.0,-0.8294,50.5,48.8,0.0,0.0,,,,,,,,
,2026-09-11,UTIAMC.NS,67.32,61.96,0.0,36.9,0.0,0.0,-0.78,41.8,42.6,0.0,0.0,,,,,,,,
,2026-09-11,COALINDIA.NS,67.03,57.04,0.0,31.6,0.0,0.0,-1.3692,32.1,36.7,0.0,0.0,,,,,,,,
,2026-09-11,OLAELEC.NS,66.97,71.48,1.0,35.3,0.0,0.0,-0.6128,46.5,45.4,0.0,0.0,,,,,,,,
,2026-09-11,SCHAEFFLER.NS,66.92,64.06,0.0,38.5,0.0,0.0,-0.7136,54.6,52.5,0.0,0.0,,,,,,,,
,2026-09-11,ADANIPOWER.NS,66.91,58.83,0.0,36.1,0.0,0.0,-1.0199,44.3,44.6,0.0,0.0,,,,,,,,
,2026-09-11,JSWSTEEL.NS,66.9,64.78,0.0,39.8,0.0,0.0,-0.8947,43.5,44.9,0.0,0.0,,,,,,,,
,2026-09-11,LT.NS,66.78,69.9,0.0,37.4,0.0,0.0,-0.7056,51.2,49.7,0.0,0.0,,,,,,,,
,2026-09-11,DMART.NS,66.75,82.68,1.0,35.8,0.0,0.0,-0.5279,52.3,48.2,0.0,0.0,,,,,,,,
,2026-09-11,IRCTC.NS,66.55,77.24,1.0,38.7,0.0,0.0,-0.6171,52.7,50.1,0.0,0.0,,,,,,,,
,2026-09-11,COCHINSHIP.NS,66.47,71.36,1.0,38.6,0.0,0.0,-0.8482,48.3,48.6,0.0,0.0,,,,,,,,
,2026-09-11,MMTC.NS,66.34,81.76,1.0,35.6,0.0,0.0,-0.5244,53.5,48.8,0.0,0.0,,,,,,,,
,2026-09-11,OIL.NS,65.77,67.08,0.0,33.0,0.0,0.0,-0.9589,38.2,39.7,0.0,0.0,,,,,,,,
,2026-09-11,HINDZINC.NS,65.67,81.95,1.0,40.4,0.0,0.0,-0.6564,48.9,48.4,0.0,0.0,,,,,,,,
,2026-09-11,HDFCAMC.NS,65.48,62.08,0.0,36.2,0.0,0.0,-0.6651,45.3,48.8,0.0,0.0,,,,,,,,
,2026-09-11,BRIGADE.NS,65.42,78.23,1.0,36.8,0.0,0.0,-0.4962,60.8,53.5,1.0,0.0,,,,,,,,
,2026-09-11,UBL.NS,65.21,66.35,0.0,35.8,0.0,0.0,-0.5039,43.0,46.1,0.0,0.0,,,,,,,,
,2026-09-11,COLPAL.NS,65.09,57.01,0.0,34.8,0.0,0.0,-0.6971,48.5,50.0,0.0,0.0,,,,,,,,
,2026-09-11,NAM-INDIA.NS,64.97,56.56,0.0,35.5,0.0,0.0,-0.6458,45.6,45.4,0.0,0.0,,,,,,,,
,2026-09-11,BAJFINANCE.NS,64.84,70.51,0.0,38.2,0.0,0.0,-0.6017,53.9,50.4,0.0,0.0,,,,,,,,
,2026-09-11,HCLTECH.NS,64.8,54.1,0.0,36.4,0.0,0.0,-1.1162,21.4,34.9,0.0,0.0,,,,,,,,
,2026-09-11,IRFC.NS,64.74,64.39,0.0,39.9,0.0,0.0,-0.6397,47.6,47.1,0.0,0.0,,,,,,,,
,2026-09-11,PDRP.NS,64.64,59.83,0.0,38.8,0.0,0.0,-0.5978,36.8,40.2,0.0,0.0,,,,,,,,
,2026-09-11,WIPRO.NS,64.63,53.81,0.0,35.5,0.0,0.0,-1.126,24.5,36.6,0.0,0.0,,,,,,,,
,2026-09-11,ADANIENSOL.NS,64.5,65.0,0.0,38.6,0.0,0.0,-0.7431,55.6,53.2,1.0,0.0,,,,,,,,
,2026-09-11,DIXON.NS,64.48,53.73,0.0,35.2,0.0,0.0,-1.0486,27.0,38.4,0.0,0.0,,,,,,,,
,2026-09-11,TCS.NS,64.42,53.6,0.0,34.4,0.0,0.0,-1.2344,33.2,38.3,0.0,0.0,,,,,,,,
,2026-09-11,KAYNES.NS,64.15,59.48,0.0,37.7,0.0,0.0,-0.631,57.6,55.9,1.0,1.0,,,,,,,,
,2026-09-11,BHARATFORG.NS,64.09,76.77,0.0,36.0,0.0,0.0,-0.7362,51.4,47.5,0.0,0.0,,,,,,,,
,2026-09-11,MTARTECH.NS,63.98,82.17,0.0,38.5,0.0,0.0,-0.3474,44.3,45.4,0.0,0.0,,,,,,,,
,2026-09-11,GRANULES.NS,63.95,62.19,0.0,38.7,0.0,0.0,-0.9151,45.5,45.9,0.0,0.0,,,,,,,,
,2026-09-11,BERGEPAINT.NS,63.94,53.95,0.0,39.1,0.0,0.0,-0.5096,47.4,51.6,0.0,0.0,,,,,,,,
,2026-09-11,INFY.NS,63.94,53.61,0.0,32.8,0.0,0.0,-1.0938,31.2,39.2,0.0,0.0,,,,,,,,
,2026-09-11,MPHASIS.NS,63.94,56.99,0.0,34.6,0.0,0.0,-0.5884,43.0,44.1,0.0,0.0,,,,,,,,
,2026-09-11,APLAPOLLO.NS,63.62,54.08,0.0,37.6,0.0,0.0,-0.6691,52.8,50.9,0.0,0.0,,,,,,,,
,2026-09-11,MUTHOOTFIN.NS,63.22,76.44,0.0,37.0,0.0,0.0,-0.378,51.2,48.9,0.0,0.0,,,,,,,,
,2026-09-11,CESC.NS,62.77,54.39,0.0,34.4,0.0,0.0,-0.8707,47.1,47.0,0.0,0.0,,,,,,,,
,2026-09-11,KOTAKBANK.NS,62.63,55.43,0.0,34.4,0.0,0.0,-0.7719,44.0,44.6,0.0,0.0,,,,,,,,
,2026-09-11,TORNTPOWER.NS,62.62,52.58,0.0,36.4,0.0,0.0,-1.013,55.3,47.9,1.0,0.0,,,,,,,,
,2026-09-11,KEC.NS,62.56,73.35,0.0,35.3,0.0,0.0,-0.4159,50.5,46.3,0.0,0.0,,,,,,,,
,2026-09-11,JPPOWER.NS,62.45,73.12,0.0,34.1,0.0,0.0,-0.5374,49.8,47.1,0.0,0.0,,,,,,,,
,2026-09-11,DABUR.NS,62.26,51.16,0.0,36.1,0.0,0.0,-0.7404,45.8,48.7,0.0,0.0,,,,,,,,
,2026-09-11,LICI.NS,62.25,56.22,0.0,42.1,0.0,0.0,-0.7091,50.5,49.4,0.0,0.0,,,,,,,,
,2026-09-11,DLF.NS,62.22,70.08,0.0,39.4,0.0,0.0,-0.4316,53.2,49.5,0.0,0.0,,,,,,,,
,2026-09-11,ATGL.NS,62.19,54.77,0.0,35.6,0.0,0.0,-0.6572,44.7,47.0,0.0,0.0,,,,,,,,
,2026-09-11,CUMMINSIND.NS,62.04,54.44,0.0,32.3,0.0,0.0,-0.6959,43.8,45.2,0.0,0.0,,,,,,,,
,2026-09-11,GAIL.NS,62.04,52.6,0.0,43.0,0.0,0.0,-0.7037,43.1,42.4,0.0,0.0,,,,,,,,
,2026-09-11,VINATIORGA.NS,61.93,71.95,0.0,39.1,0.0,0.0,-0.8415,48.0,47.1,0.0,0.0,,,,,,,,
,2026-09-11,LTIM.NS,61.75,70.08,0.0,40.6,0.0,0.0,-0.4926,47.4,46.0,0.0,0.0,,,,,,,,
,2026-09-11,SBIN.NS,61.73,53.92,0.0,36.1,0.0,0.0,-1.05,44.1,42.6,0.0,0.0,,,,,,,,
,2026-09-11,ADANIGREEN.NS,61.59,54.07,0.0,36.9,0.0,0.0,-0.9895,40.6,43.5,0.0,0.0,,,,,,,,
,2026-09-11,BHARTIARTL.NS,61.44,52.47,0.0,38.4,0.0,0.0,-0.6801,46.2,49.9,0.0,0.0,,,,,,,,
,2026-09-11,HOMEFIRST.NS,61.24,51.28,0.0,40.4,0.0,0.0,-0.8438,49.3,48.4,0.0,0.0,,,,,,,,
,2026-09-11,PNB.NS,61.1,82.87,0.0,40.2,0.0,0.0,-0.5335,49.3,49.7,0.0,0.0,,,,,,,,
,2026-09-11,ICICIBANK.NS,61.07,56.04,0.0,41.8,0.0,0.0,-0.9956,50.6,46.5,0.0,0.0,,,,,,,,
,2026-09-11,SAIL.NS,61.02,74.85,0.0,40.7,0.0,0.0,-0.5139,53.1,50.3,0.0,0.0,,,,,,,,
,2026-09-11,HDFCBANK.NS,60.92,53.38,0.0,39.2,0.0,0.0,-1.1072,46.1,44.0,0.0,0.0,,,,,,,,
,2026-09-11,HINDALCO.NS,60.9,73.44,0.0,42.2,0.0,0.0,-0.775,52.6,49.2,0.0,0.0,,,,,,,,
,2026-09-11,TORNTPHARM.NS,60.87,68.11,0.0,43.6,0.0,0.0,-0.6101,52.1,48.3,0.0,0.0,,,,,,,,
,2026-09-11,SUZLON.NS,60.65,57.05,0.0,40.7,0.0,0.0,-0.721,51.8,54.4,0.0,0.0,,,,,,,,
,2026-09-11,HINDUNILVR.NS,60.56,51.43,0.0,38.6,0.0,0.0,-0.7153,50.9,50.5,0.0,0.0,,,,,,,,
,2026-09-11,JYOTHYLAB.NS,60.1,52.86,0.0,37.9,0.0,0.0,-0.6276,44.5,48.8,0.0,0.0,,,,,,,,
,2026-09-11,HEROMOTOCO.NS,59.93,60.8,0.0,36.8,0.0,0.0,-0.4439,50.4,47.7,0.0,0.0,,,,,,,,
,2026-09-11,RVNL.NS,59.54,56.18,0.0,39.7,0.0,0.0,-0.638,48.9,48.1,0.0,0.0,,,,,,,,
,2026-09-11,TIINDIA.NS,59.25,63.02,0.0,35.7,0.0,0.0,-0.5608,50.8,48.5,0.0,0.0,,,,,,,,
,2026-09-11,BAJAJ-AUTO.NS,59.19,64.4,0.0,39.3,0.0,0.0,-0.5787,52.4,48.0,0.0,0.0,,,,,,,,
,2026-09-11,MARICO.NS,59.08,51.82,0.0,35.6,0.0,0.0,-0.7957,42.2,45.2,0.0,0.0,,,,,,,,
,2026-09-11,AXISBANK.NS,59.07,52.22,0.0,35.9,0.0,0.0,-1.0413,48.5,45.7,0.0,0.0,,,,,,,,
,2026-09-11,IOB.NS,58.88,56.65,0.0,39.2,0.0,0.0,-0.7559,39.7,44.3,0.0,0.0,,,,,,,,
,2026-09-11,PRESTIGE.NS,58.78,70.08,0.0,38.4,0.0,0.0,-0.669,43.8,46.4,0.0,0.0,,,,,,,,
,2026-09-11,RADICO.NS,58.69,50.95,0.0,35.4,0.0,0.0,-0.7868,37.8,42.9,0.0,0.0,,,,,,,,
,2026-09-11,MANAPPURAM.NS,58.47,50.47,0.0,31.7,0.0,0.0,-0.5914,41.7,45.0,0.0,0.0,,,,,,,,
,2026-09-11,EIHOTEL.NS,58.24,63.76,0.0,35.0,0.0,0.0,-0.6963,50.9,48.0,0.0,0.0,,,,,,,,
,2026-09-11,ULTRACEMCO.NS,58.2,51.93,0.0,36.7,0.0,0.0,-0.6583,53.6,51.6,0.0,0.0,,,,,,,,
,2026-09-11,ANGELONE.NS,58.17,49.56,0.0,34.5,0.0,0.0,-0.7089,40.8,41.5,0.0,0.0,,,,,,,,
,2026-09-11,GOLDBEES.NS,57.92,68.16,0.0,38.9,0.0,0.0,-0.6304,53.0,49.8,0.0,0.0,,,,,,,,
,2026-09-11,ASIANPAINT.NS,57.82,55.08,0.0,41.8,0.0,0.0,-0.5428,54.3,50.2,0.0,0.0,,,,,,,,
,2026-09-11,HUDCO.NS,57.82,60.3,0.0,40.1,0.0,0.0,-0.386,54.3,49.5,0.0,0.0,,,,,,,,
,2026-09-11,ABCAPITAL.NS,57.74,50.58,0.0,33.0,0.0,0.0,-0.5533,45.8,46.1,0.0,0.0,,,,,,,,
,2026-09-11,BHARAT22ETF.NS,57.62,62.38,0.0,40.5,0.0,0.0,-0.5177,51.4,48.0,0.0,0.0,,,,,,,,
,2026-09-11,JINDALSTEL.NS,57.12,61.27,0.0,36.7,0.0,0.0,-0.449,53.2,49.2,0.0,0.0,,,,,,,,
,2026-09-11,MON100.NS,56.9,51.08,0.0,36.6,0.0,0.0,-0.8912,43.1,44.2,0.0,0.0,,,,,,,,
,2026-09-11,CAMS.NS,56.84,52.56,0.0,41.0,0.0,0.0,-0.542,46.6,46.1,0.0,0.0,,,,,,,,
,2026-09-11,EMAMILTD.NS,56.7,60.55,0.0,36.2,0.0,0.0,-0.6761,48.1,46.6,0.0,0.0,,,,,,,,
,2026-09-11,TITAN.NS,56.63,68.21,0.0,38.8,0.0,0.0,-0.6796,57.1,52.0,1.0,0.0,,,,,,,,
,2026-09-11,LEMONTREE.NS,56.6,53.68,0.0,37.4,0.0,0.0,-0.7443,55.9,50.1,1.0,0.0,,,,,,,,
,2026-09-11,MRPL.NS,56.6,54.57,0.0,30.8,0.0,0.0,-1.0809,45.0,44.4,0.0,0.0,,,,,,,,
,2026-09-11,ITC.NS,56.56,50.24,0.0,36.1,0.0,0.0,-0.7626,54.1,51.9,0.0,0.0,,,,,,,,
,2026-09-11,JUBLFOOD.NS,56.51,59.92,0.0,33.9,0.0,0.0,-0.6495,44.8,44.1,0.0,0.0,,,,,,,,
,2026-09-11,SIEMENS.NS,55.86,55.81,0.0,38.9,0.0,0.0,-0.6524,56.8,53.1,1.0,0.0,,,,,,,,
,2026-09-11,UPL.NS,55.71,58.15,0.0,39.1,0.0,0.0,-0.7064,46.7,44.7,0.0,0.0,,,,,,,,
,2026-09-11,AJANTPHARM.NS,55.69,56.61,0.0,41.1,0.0,0.0,-0.8378,50.4,47.1,0.0,0.0,,,,,,,,
,2026-09-11,VBL.NS,55.68,51.64,0.0,31.8,0.0,0.0,-0.7539,47.9,45.4,0.0,0.0,,,,,,,,
,2026-09-11,AUROPHARMA.NS,55.6,55.36,0.0,37.8,0.0,0.0,-0.6709,55.6,52.2,1.0,0.0,,,,,,,,
,2026-09-11,NIFTYBEES.NS,55.34,57.32,0.0,42.7,0.0,0.0,-0.592,50.0,49.1,0.0,0.0,,,,,,,,
,2026-09-11,LODHA.NS,55.29,57.2,0.0,38.0,0.0,0.0,-0.5562,51.7,50.0,0.0,0.0,,,,,,,,
,2026-09-11,AARTIIND.NS,55.25,50.43,0.0,32.5,0.0,0.0,-0.5811,46.5,43.5,0.0,0.0,,,,,,,,
,2026-09-11,TRENT.NS,54.8,56.12,0.0,36.2,0.0,0.0,-0.5843,50.7,46.8,0.0,0.0,,,,,,,,
,2026-09-11,TATACOMM.NS,54.47,53.91,0.0,36.4,0.0,0.0,-0.6817,46.3,46.5,0.0,0.0,,,,,,,,
,2026-09-11,PAGEIND.NS,54.44,55.31,0.0,40.2,0.0,0.0,-0.7209,51.5,47.1,0.0,0.0,,,,,,,,
,2026-09-11,NAVINFLUOR.NS,54.14,54.65,0.0,36.7,0.0,0.0,-0.6658,56.5,50.6,1.0,0.0,,,,,,,,
,2026-09-11,INDHOTEL.NS,53.88,51.39,0.0,36.7,0.0,0.0,-0.7342,48.8,46.6,0.0,0.0,,,,,,,,
,2026-09-11,NESTLEIND.NS,53.82,46.07,0.0,38.1,0.0,0.0,-0.8327,55.0,51.1,0.0,0.0,,,,,,,,
,2026-09-11,TATASTEEL.NS,53.8,55.11,0.0,44.7,0.0,0.0,-0.8718,46.1,46.6,0.0,0.0,,,,,,,,
,2026-09-11,FORTIS.NS,53.52,53.26,0.0,39.7,0.0,0.0,-0.7733,46.4,45.8,0.0,0.0,,,,,,,,
,2026-09-11,DEVYANI.NS,53.4,50.59,0.0,35.2,0.0,0.0,-0.6028,50.9,45.4,0.0,0.0,,,,,,,,
,2026-09-11,ALKEM.NS,53.19,52.55,0.0,36.9,0.0,0.0,-0.5927,50.3,48.2,0.0,0.0,,,,,,,,
,2026-09-11,IIFL.NS,52.38,52.08,0.0,37.8,0.0,0.0,-0.4053,49.6,44.9,0.0,0.0,,,,,,,,
,2026-09-11,LTM.NS,52.04,54.51,0.0,39.0,0.0,0.0,-0.5861,48.7,47.7,0.0,0.0,,,,,,,,
,2026-09-11,GODREJPROP.NS,51.63,56.21,0.0,42.1,0.0,0.0,-0.5902,52.2,53.1,0.0,0.0,,,,,,,,
,2026-09-11,VEDL.NS,51.45,27.97,0.0,37.8,0.0,0.0,-0.8267,42.5,44.9,0.0,0.0,,,,,,,,
,2026-09-11,KIMS.NS,51.17,59.4,0.0,39.7,0.0,0.0,-0.4662,61.4,54.1,1.0,0.0,,,,,,,,
,2026-09-11,SYNGENE.NS,50.66,50.69,0.0,37.7,0.0,0.0,-0.5792,50.1,48.7,0.0,0.0,,,,,,,,
,2026-09-11,HDFCLIFE.NS,49.84,52.23,0.0,37.0,0.0,0.0,-0.4498,51.1,48.7,0.0,0.0,,,,,,,,
,2026-09-11,MGL.NS,49.7,50.43,0.0,38.0,0.0,0.0,-0.6856,48.7,47.2,0.0,0.0,,,,,,,,
,2026-09-11,BSE.NS,49.64,51.98,0.0,34.0,0.0,0.0,-0.4853,51.7,48.9,0.0,0.0,,,,,,,,
,2026-09-11,APOLLOHOSP.NS,49.16,50.55,0.0,42.6,0.0,0.0,-0.7664,40.5,43.8,0.0,0.0,,,,,,,,
,2026-09-11,SUNTV.NS,48.91,50.36,0.0,38.5,0.0,0.0,-0.3195,48.3,47.9,0.0,0.0,,,,,,,,
,2026-09-11,MRF.NS,48.9,55.76,0.0,36.2,0.0,0.0,-0.6182,52.6,48.4,0.0,0.0,,,,,,,,
,2026-09-11,JIOFIN.NS,48.83,53.74,0.0,38.0,0.0,0.0,-0.5089,53.8,50.8,0.0,0.0,,,,,,,,
,2026-09-11,PHOENIXLTD.NS,48.82,54.52,0.0,45.0,0.0,0.0,-0.5571,60.8,54.2,1.0,0.0,,,,,,,,
,2026-09-11,NATIONALUM.NS,47.23,50.2,0.0,41.2,0.0,0.0,-0.6874,47.9,47.3,0.0,0.0,,,,,,,,
,2026-09-11,SHRIRAMFIN.NS,46.63,50.73,0.0,32.2,0.0,0.0,-0.5302,48.1,44.3,0.0,0.0,,,,,,,,
,2026-09-11,FIVESTAR.NS,46.56,50.56,0.0,34.4,0.0,0.0,-0.6538,50.6,47.7,0.0,0.0,,,,,,,,
,2026-09-11,DELTACORP.NS,46.33,51.53,0.0,35.8,0.0,0.0,-0.5605,51.4,49.5,0.0,0.0,,,,,,,,
,2026-09-11,LUPIN.NS,46.31,51.49,0.0,38.3,0.0,0.0,-0.576,50.6,46.7,0.0,0.0,,,,,,,,
,2026-09-11,CHOLAFIN.NS,46.24,51.33,0.0,36.1,0.0,0.0,-0.5769,49.9,46.6,0.0,0.0,,,,,,,,
,2026-09-11,INDIAMART.NS,46.22,51.3,0.0,38.4,0.0,0.0,-0.5422,48.8,46.8,0.0,0.0,,,,,,,,
,2026-09-11,BRITANNIA.NS,46.17,49.88,0.0,40.2,0.0,0.0,-0.6463,47.8,48.9,0.0,0.0,,,,,,,,
,2026-09-11,CIPLA.NS,45.87,50.53,0.0,34.2,0.0,0.0,-0.5472,50.3,46.5,0.0,0.0,,,,,,,,
,2026-09-11,WESTLIFE.NS,45.72,50.19,0.0,37.4,0.0,0.0,-0.6689,44.6,43.5,0.0,0.0,,,,,,,,
,2026-09-11,SILVERBEES.NS,45.67,50.06,0.0,33.8,0.0,0.0,-0.6628,45.4,44.8,0.0,0.0,,,,,,,,
,2026-09-11,MASTEK.NS,45.67,50.06,0.0,35.2,0.0,0.0,-0.4551,50.9,45.4,0.0,0.0,,,,,,,,
,2026-09-11,ALKYLAMINE.NS,45.62,49.97,0.0,35.2,0.0,0.0,-0.414,48.7,46.4,0.0,0.0,,,,,,,,
,2026-09-11,TATAELXSI.NS,45.57,49.86,0.0,38.8,0.0,0.0,-0.5697,54.4,52.0,0.0,0.0,,,,,,,,
,2026-09-11,IGL.NS,43.58,43.95,0.0,36.8,0.0,0.0,-0.5199,44.7,42.1,0.0,0.0,,,,,,,,
,2026-09-11,KPIL.NS,43.29,50.41,0.0,41.1,0.0,0.0,-0.6559,42.9,42.8,0.0,0.0,,,,,,,,
,2026-09-11,NAUKRI.NS,42.64,48.83,0.0,40.9,0.0,0.0,-0.4498,50.1,51.8,0.0,0.0,,,,,,,,
,2026-09-11,BAJAJFINSV.NS,42.51,41.56,0.0,35.2,0.0,0.0,-0.6266,54.6,50.7,0.0,0.0,,,,,,,,
,2026-09-11,IEX.NS,42.29,47.94,0.0,41.4,0.0,0.0,-0.5143,57.2,51.5,1.0,0.0,,,,,,,,
,2026-09-11,SUNPHARMA.NS,42.1,53.17,0.0,41.4,0.0,0.0,-0.5955,59.6,55.1,1.0,1.0,,,,,,,,
,2026-09-11,IDEA.NS,41.47,44.3,0.0,42.2,0.0,0.0,-0.5075,68.2,59.9,1.0,1.0,,,,,,,,
,2026-09-11,ABB.NS,39.97,49.94,0.0,39.3,0.0,0.0,-0.5256,58.4,55.1,1.0,1.0,,,,,,,,
,2026-09-11,ABBOTINDIA.NS,39.1,48.01,0.0,38.4,0.0,0.0,-0.3817,50.9,51.8,0.0,0.0,,,,,,,,
,2026-09-11,BHEL.NS,38.88,48.93,0.0,39.8,0.0,0.0,-0.6429,54.3,52.5,0.0,0.0,,,,,,,,
,2026-09-11,SHREECEM.NS,37.77,29.98,0.0,35.5,0.0,0.0,-0.5205,53.7,50.2,0.0,0.0,,,,,,,,
,2026-09-11,ZENSARTECH.NS,37.26,49.36,0.0,41.8,0.0,0.0,-0.2597,56.0,54.7,1.0,0.0,,,,,,,,
,2026-09-11,HAVELLS.NS,36.96,44.84,0.0,43.6,0.0,0.0,-0.3794,55.0,56.0,0.0,1.0,,,,,,,,
,2026-09-11,AMBER.NS,36.86,49.95,0.0,33.1,0.0,0.0,-0.4503,58.1,52.0,1.0,0.0,,,,,,,,
,2026-09-11,GODREJCP.NS,35.64,45.29,0.0,38.5,0.0,0.0,-0.4898,56.4,52.4,1.0,0.0,,,,,,,,
,2026-09-11,COFORGE.NS,35.27,46.09,0.0,41.5,0.0,0.0,-0.2602,48.0,48.4,0.0,0.0,,,,,,,,
,2026-09-11,RELIANCE.NS,35.14,35.92,0.0,42.5,0.0,0.0,-0.7511,57.4,53.7,1.0,0.0,,,,,,,,
,2026-09-11,PERSISTENT.NS,34.94,46.26,0.0,38.3,0.0,0.0,-0.4667,46.9,47.1,0.0,0.0,,,,,,,,
,2026-09-11,BANKBARODA.NS,33.51,44.63,0.0,38.0,0.0,0.0,-0.5682,53.8,49.6,0.0,0.0,,,,,,,,
,2026-09-11,IOC.NS,32.7,35.03,0.0,44.0,0.0,0.0,-0.881,52.3,49.5,0.0,0.0,,,,,,,,
,2026-09-11,ONGC.NS,32.48,32.81,0.0,43.6,0.0,0.0,-0.8401,47.5,45.8,0.0,0.0,,,,,,,,
,2026-09-11,M&M.NS,32.19,36.28,0.0,39.3,0.0,0.0,-0.3907,56.2,52.5,1.0,0.0,,,,,,,,
,2026-09-11,INDUSINDBK.NS,31.87,32.92,0.0,42.7,0.0,0.0,-0.7267,46.0,46.5,0.0,0.0,,,,,,,,
,2026-09-11,TATATECH.NS,31.81,25.46,0.0,39.2,0.0,0.0,-0.4368,49.6,47.8,0.0,0.0,,,,,,,,
,2026-09-11,INDIGO.NS,31.74,34.08,0.0,40.1,0.0,0.0,-0.7077,55.7,50.7,1.0,0.0,,,,,,,,
,2026-09-11,BPCL.NS,30.96,33.14,0.0,38.7,0.0,0.0,-0.7568,54.1,51.4,0.0,0.0,,,,,,,,
,2026-09-11,YESBANK.NS,29.68,45.69,0.0,39.4,0.0,0.0,-0.5495,56.7,53.0,1.0,0.0,,,,,,,,
,2026-09-11,TIMKEN.NS,29.53,19.57,0.0,45.0,0.0,0.0,-0.636,49.1,47.8,0.0,0.0,,,,,,,,
,2026-09-11,ADANIPORTS.NS,29.2,23.71,0.0,42.5,0.0,0.0,-0.8848,50.4,48.9,0.0,0.0,,,,,,,,
,2026-09-11,BALKRISIND.NS,28.51,24.71,0.0,34.4,0.0,0.0,-0.6287,49.6,48.3,0.0,0.0,,,,,,,,
,2026-09-11,NBCC.NS,28.47,26.1,0.0,38.9,0.0,0.0,-0.5451,49.0,46.3,0.0,0.0,,,,,,,,
,2026-09-11,SPICEJET.NS,27.6,31.45,0.0,46.9,0.0,0.0,-0.5638,59.8,53.9,1.0,0.0,,,,,,,,
,2026-09-11,BANSALWIRE.NS,22.42,32.1,0.0,39.2,0.0,0.0,-0.5674,63.1,58.8,1.0,1.0,,,,,,,,
,2026-09-11,MARUTI.NS,20.53,14.68,0.0,37.0,0.0,0.0,-0.4264,55.4,52.5,1.0,0.0,,,,,,,,
,2026-09-11,ETERNAL.NS,18.54,20.69,0.0,43.0,0.0,0.0,-0.6454,57.7,53.0,1.0,0.0,,,,,,,,
